代码,指数名称,rule_id,factor,category,strategy_label,open_condition,close_condition,close_reason,entry_signal_date,entry_date,exit_signal_date,exit_date,entry_signal_idx,entry_idx,exit_signal_idx,exit_idx,entry_price,exit_price,trade_return,annualized_trade_return,max_drawdown,holding_days,forced_exit
000985.CSI,中证全指,chip_profit_index,指数筹码盈利,赔率/筹码,指数筹码盈利_自身年线过滤_等待确认低频版,开仓_低位均值回复_20日 + 年线<=0.5 + 5日内收涨0.3%确认 + 20日信号间隔,闭仓_加速度转负_10日(持仓满5日后生效) OR 2%/5日止损,闭仓_加速度转负_10日(持仓满5日后生效) OR 2%/5日止损,2016-09-30,2016-10-10,2016-11-01,2016-11-02,24,25,41,42,4837.6447,4897.7383,0.01242207804140727,0.200820086083495,-0.012240822682431207,17,False
000985.CSI,中证全指,chip_profit_index,指数筹码盈利,赔率/筹码,指数筹码盈利_自身年线过滤_等待确认低频版,开仓_低位均值回复_20日 + 年线<=0.5 + 5日内收涨0.3%确认 + 20日信号间隔,闭仓_加速度转负_10日(持仓满5日后生效) OR 2%/5日止损,闭仓_加速度转负_10日(持仓满5日后生效) OR 2%/5日止损,2016-12-16,2016-12-19,2017-03-08,2017-03-09,74,75,126,127,4815.7301,4892.8284,0.01600968044284712,0.08001061087745209,-0.048351010759773994,52,False
000985.CSI,中证全指,chip_profit_index,指数筹码盈利,赔率/筹码,指数筹码盈利_自身年线过滤_等待确认低频版,开仓_低位均值回复_20日 + 年线<=0.5 + 5日内收涨0.3%确认 + 20日信号间隔,闭仓_加速度转负_10日(持仓满5日后生效) OR 2%/5日止损,闭仓_加速度转负_10日(持仓满5日后生效) OR 2%/5日止损,2017-03-13,2017-03-14,2017-03-22,2017-03-23,129,130,136,137,4927.2019,4936.2589,0.0018381629541097677,0.06834756351739779,-0.008607612146446897,7,False
000985.CSI,中证全指,chip_profit_index,指数筹码盈利,赔率/筹码,指数筹码盈利_自身年线过滤_等待确认低频版,开仓_低位均值回复_20日 + 年线<=0.5 + 5日内收涨0.3%确认 + 20日信号间隔,闭仓_加速度转负_10日(持仓满5日后生效) OR 2%/5日止损,闭仓_加速度转负_10日(持仓满5日后生效) OR 2%/5日止损,2017-04-25,2017-04-26,2017-09-19,2017-09-20,158,159,260,261,4696.7104,5046.2482,0.0744218336306195,0.1940435206609823,-0.04504492264968751,102,False
000985.CSI,中证全指,chip_profit_index,指数筹码盈利,赔率/筹码,指数筹码盈利_自身年线过滤_等待确认低频版,开仓_低位均值回复_20日 + 年线<=0.5 + 5日内收涨0.3%确认 + 20日信号间隔,闭仓_加速度转负_10日(持仓满5日后生效) OR 2%/5日止损,闭仓_加速度转负_10日(持仓满5日后生效) OR 2%/5日止损,2017-12-01,2017-12-04,2018-01-30,2018-01-31,308,309,349,350,4921.5942,4974.3453,0.010718295303582703,0.06772237038654638,-0.03213254497498608,41,False
000985.CSI,中证全指,chip_profit_index,指数筹码盈利,赔率/筹码,指数筹码盈利_自身年线过滤_等待确认低频版,开仓_低位均值回复_20日 + 年线<=0.5 + 5日内收涨0.3%确认 + 20日信号间隔,闭仓_加速度转负_10日(持仓满5日后生效) OR 2%/5日止损,闭仓_加速度转负_10日(持仓满5日后生效) OR 2%/5日止损,2018-02-12,2018-02-13,2018-04-26,2018-04-27,358,359,404,405,4574.791,4548.4216,-0.005764066598889506,-0.031172225194782466,-0.0784472442361216,46,False
000985.CSI,中证全指,chip_profit_index,指数筹码盈利,赔率/筹码,指数筹码盈利_自身年线过滤_等待确认低频版,开仓_低位均值回复_20日 + 年线<=0.5 + 5日内收涨0.3%确认 + 20日信号间隔,闭仓_加速度转负_10日(持仓满5日后生效) OR 2%/5日止损,止损-2%/5日,2018-06-05,2018-06-06,2018-06-11,2018-06-12,430,431,434,435,4562.4415,4515.1243,-0.010371026127129368,-0.48148500811021133,-0.02051664662440056,4,False
000985.CSI,中证全指,chip_profit_index,指数筹码盈利,赔率/筹码,指数筹码盈利_自身年线过滤_等待确认低频版,开仓_低位均值回复_20日 + 年线<=0.5 + 5日内收涨0.3%确认 + 20日信号间隔,闭仓_加速度转负_10日(持仓满5日后生效) OR 2%/5日止损,止损-2%/5日,2018-08-09,2018-08-10,2018-08-15,2018-08-16,476,477,480,481,3979.613,3846.7465,-0.0333867891174342,-0.8822606144831228,-0.0333867891174342,4,False
000985.CSI,中证全指,chip_profit_index,指数筹码盈利,赔率/筹码,指数筹码盈利_自身年线过滤_等待确认低频版,开仓_低位均值回复_20日 + 年线<=0.5 + 5日内收涨0.3%确认 + 20日信号间隔,闭仓_加速度转负_10日(持仓满5日后生效) OR 2%/5日止损,闭仓_加速度转负_10日(持仓满5日后生效) OR 2%/5日止损,2018-09-13,2018-09-14,2018-10-19,2018-10-22,501,502,521,522,3737.7013,3612.0946,-0.03360533384516318,-0.3499496359816914,-0.13509612656306025,20,False
000985.CSI,中证全指,chip_profit_index,指数筹码盈利,赔率/筹码,指数筹码盈利_自身年线过滤_等待确认低频版,开仓_低位均值回复_20日 + 年线<=0.5 + 5日内收涨0.3%确认 + 20日信号间隔,闭仓_加速度转负_10日(持仓满5日后生效) OR 2%/5日止损,止损-2%/5日,2018-11-30,2018-12-03,2018-12-06,2018-12-07,551,552,555,556,3713.2308,3634.5694,-0.021184085837056,-0.7404838615623398,-0.02571280969249412,4,False
000985.CSI,中证全指,chip_profit_index,指数筹码盈利,赔率/筹码,指数筹码盈利_自身年线过滤_等待确认低频版,开仓_低位均值回复_20日 + 年线<=0.5 + 5日内收涨0.3%确认 + 20日信号间隔,闭仓_加速度转负_10日(持仓满5日后生效) OR 2%/5日止损,闭仓_加速度转负_10日(持仓满5日后生效) OR 2%/5日止损,2018-12-28,2019-01-02,2019-03-04,2019-03-05,571,572,610,611,3399.4015,4355.3339,0.28120608877768616,3.95888764501344,-0.026213767654341136,39,False
000985.CSI,中证全指,chip_profit_index,指数筹码盈利,赔率/筹码,指数筹码盈利_自身年线过滤_等待确认低频版,开仓_低位均值回复_20日 + 年线<=0.5 + 5日内收涨0.3%确认 + 20日信号间隔,闭仓_加速度转负_10日(持仓满5日后生效) OR 2%/5日止损,闭仓_加速度转负_10日(持仓满5日后生效) OR 2%/5日止损,2019-05-10,2019-05-13,2019-07-16,2019-07-17,655,656,701,702,4173.6024,4221.5603,0.011490768742130397,0.06459080748304258,-0.06587658592875967,46,False
000985.CSI,中证全指,chip_profit_index,指数筹码盈利,赔率/筹码,指数筹码盈利_自身年线过滤_等待确认低频版,开仓_低位均值回复_20日 + 年线<=0.5 + 5日内收涨0.3%确认 + 20日信号间隔,闭仓_加速度转负_10日(持仓满5日后生效) OR 2%/5日止损,闭仓_加速度转负_10日(持仓满5日后生效) OR 2%/5日止损,2019-08-12,2019-08-13,2019-09-17,2019-09-18,720,721,745,746,4012.5578,4358.2475,0.08615195524410901,1.3002610752906936,-0.020377006479762372,25,False
000985.CSI,中证全指,chip_profit_index,指数筹码盈利,赔率/筹码,指数筹码盈利_自身年线过滤_等待确认低频版,开仓_低位均值回复_20日 + 年线<=0.5 + 5日内收涨0.3%确认 + 20日信号间隔,闭仓_加速度转负_10日(持仓满5日后生效) OR 2%/5日止损,闭仓_加速度转负_10日(持仓满5日后生效) OR 2%/5日止损,2019-10-10,2019-10-11,2019-11-20,2019-11-21,757,758,786,787,4322.1604,4257.1086,-0.015050760263316532,-0.1234662928142134,-0.03668422653998116,29,False
000985.CSI,中证全指,chip_profit_index,指数筹码盈利,赔率/筹码,指数筹码盈利_自身年线过滤_等待确认低频版,开仓_低位均值回复_20日 + 年线<=0.5 + 5日内收涨0.3%确认 + 20日信号间隔,闭仓_加速度转负_10日(持仓满5日后生效) OR 2%/5日止损,闭仓_加速度转负_10日(持仓满5日后生效) OR 2%/5日止损,2020-02-07,2020-02-10,2020-03-05,2020-03-06,836,837,855,856,4434.6278,4764.2397,0.07432684655068456,1.5880184487948399,-0.060852226523301356,19,False
000985.CSI,中证全指,chip_profit_index,指数筹码盈利,赔率/筹码,指数筹码盈利_自身年线过滤_等待确认低频版,开仓_低位均值回复_20日 + 年线<=0.5 + 5日内收涨0.3%确认 + 20日信号间隔,闭仓_加速度转负_10日(持仓满5日后生效) OR 2%/5日止损,闭仓_加速度转负_10日(持仓满5日后生效) OR 2%/5日止损,2020-03-20,2020-03-23,2020-05-07,2020-05-08,866,867,896,897,4095.3356,4517.6819,0.10312861783537342,1.2806554104236478,-0.02599612386226091,30,False
000985.CSI,中证全指,chip_profit_index,指数筹码盈利,赔率/筹码,指数筹码盈利_自身年线过滤_等待确认低频版,开仓_低位均值回复_20日 + 年线<=0.5 + 5日内收涨0.3%确认 + 20日信号间隔,闭仓_加速度转负_10日(持仓满5日后生效) OR 2%/5日止损,闭仓_加速度转负_10日(持仓满5日后生效) OR 2%/5日止损,2020-05-29,2020-06-01,2020-07-14,2020-07-15,912,913,942,943,4564.2455,5445.8282,0.19314971116255686,3.407958527081264,-0.028226052243473188,30,False
000985.CSI,中证全指,chip_profit_index,指数筹码盈利,赔率/筹码,指数筹码盈利_自身年线过滤_等待确认低频版,开仓_低位均值回复_20日 + 年线<=0.5 + 5日内收涨0.3%确认 + 20日信号间隔,闭仓_加速度转负_10日(持仓满5日后生效) OR 2%/5日止损,闭仓_加速度转负_10日(持仓满5日后生效) OR 2%/5日止损,2020-09-14,2020-09-15,2020-12-08,2020-12-09,986,987,1041,1042,5337.3485,5439.0507,0.019054817199963603,0.09033428041007152,-0.047007129370952305,55,False
000985.CSI,中证全指,chip_profit_index,指数筹码盈利,赔率/筹码,指数筹码盈利_自身年线过滤_等待确认低频版,开仓_低位均值回复_20日 + 年线<=0.5 + 5日内收涨0.3%确认 + 20日信号间隔,闭仓_加速度转负_10日(持仓满5日后生效) OR 2%/5日止损,闭仓_加速度转负_10日(持仓满5日后生效) OR 2%/5日止损,2020-12-17,2020-12-18,2021-01-26,2021-01-27,1048,1049,1075,1076,5465.5814,5805.7559,0.06223939872160722,0.7568814245000888,-0.019791082864206166,27,False
000985.CSI,中证全指,chip_profit_index,指数筹码盈利,赔率/筹码,指数筹码盈利_自身年线过滤_等待确认低频版,开仓_低位均值回复_20日 + 年线<=0.5 + 5日内收涨0.3%确认 + 20日信号间隔,闭仓_加速度转负_10日(持仓满5日后生效) OR 2%/5日止损,闭仓_加速度转负_10日(持仓满5日后生效) OR 2%/5日止损,2021-03-11,2021-03-12,2021-06-07,2021-06-08,1102,1103,1160,1161,5469.1625,5739.3911,0.04940950282607237,0.23311159540837,-0.03195218615793438,58,False
000985.CSI,中证全指,chip_profit_index,指数筹码盈利,赔率/筹码,指数筹码盈利_自身年线过滤_等待确认低频版,开仓_低位均值回复_20日 + 年线<=0.5 + 5日内收涨0.3%确认 + 20日信号间隔,闭仓_加速度转负_10日(持仓满5日后生效) OR 2%/5日止损,闭仓_加速度转负_10日(持仓满5日后生效) OR 2%/5日止损,2021-08-02,2021-08-03,2021-08-26,2021-08-27,1199,1200,1217,1218,5699.8084,5757.1462,0.010059601301685817,0.15042422335519468,-0.03690034222128846,18,False
000985.CSI,中证全指,chip_profit_index,指数筹码盈利,赔率/筹码,指数筹码盈利_自身年线过滤_等待确认低频版,开仓_低位均值回复_20日 + 年线<=0.5 + 5日内收涨0.3%确认 + 20日信号间隔,闭仓_加速度转负_10日(持仓满5日后生效) OR 2%/5日止损,闭仓_加速度转负_10日(持仓满5日后生效) OR 2%/5日止损,2021-10-13,2021-10-14,2021-11-05,2021-11-08,1244,1245,1261,1262,5725.2119,5724.7185,-8.618021631656703e-05,-0.0012767343022223043,-0.026132227485553994,17,False
000985.CSI,中证全指,chip_profit_index,指数筹码盈利,赔率/筹码,指数筹码盈利_自身年线过滤_等待确认低频版,开仓_低位均值回复_20日 + 年线<=0.5 + 5日内收涨0.3%确认 + 20日信号间隔,闭仓_加速度转负_10日(持仓满5日后生效) OR 2%/5日止损,闭仓_加速度转负_10日(持仓满5日后生效) OR 2%/5日止损,2022-01-12,2022-01-13,2022-03-17,2022-03-18,1308,1309,1349,1350,5768.851,5179.1397,-0.10222335435600605,-0.48458577201563624,-0.16644817766607367,41,False
000985.CSI,中证全指,chip_profit_index,指数筹码盈利,赔率/筹码,指数筹码盈利_自身年线过滤_等待确认低频版,开仓_低位均值回复_20日 + 年线<=0.5 + 5日内收涨0.3%确认 + 20日信号间隔,闭仓_加速度转负_10日(持仓满5日后生效) OR 2%/5日止损,闭仓_加速度转负_10日(持仓满5日后生效) OR 2%/5日止损,2022-04-27,2022-04-28,2022-06-24,2022-06-27,1376,1377,1414,1415,4501.3632,5322.6636,0.1824559280175393,2.0386398390636034,-0.03171199515779288,38,False
000985.CSI,中证全指,chip_profit_index,指数筹码盈利,赔率/筹码,指数筹码盈利_自身年线过滤_等待确认低频版,开仓_低位均值回复_20日 + 年线<=0.5 + 5日内收涨0.3%确认 + 20日信号间隔,闭仓_加速度转负_10日(持仓满5日后生效) OR 2%/5日止损,止损-2%/5日,2022-07-26,2022-07-27,2022-08-02,2022-08-03,1436,1437,1441,1442,5209.3502,5026.7483,-0.035052721162804445,-0.8344303535528665,-0.037828534986235285,5,False
000985.CSI,中证全指,chip_profit_index,指数筹码盈利,赔率/筹码,指数筹码盈利_自身年线过滤_等待确认低频版,开仓_低位均值回复_20日 + 年线<=0.5 + 5日内收涨0.3%确认 + 20日信号间隔,闭仓_加速度转负_10日(持仓满5日后生效) OR 2%/5日止损,止损-2%/5日,2022-09-06,2022-09-07,2022-09-15,2022-09-16,1466,1467,1472,1473,5080.8825,4836.3739,-0.04812325417877705,-0.8739943198392017,-0.05114760671076357,6,False
000985.CSI,中证全指,chip_profit_index,指数筹码盈利,赔率/筹码,指数筹码盈利_自身年线过滤_等待确认低频版,开仓_低位均值回复_20日 + 年线<=0.5 + 5日内收涨0.3%确认 + 20日信号间隔,闭仓_加速度转负_10日(持仓满5日后生效) OR 2%/5日止损,闭仓_加速度转负_10日(持仓满5日后生效) OR 2%/5日止损,2022-11-29,2022-11-30,2023-02-16,2023-02-17,1520,1521,1571,1572,4857.8351,5054.7732,0.04054030158413546,0.21696839264154555,-0.057009421882212585,51,False
000985.CSI,中证全指,chip_profit_index,指数筹码盈利,赔率/筹码,指数筹码盈利_自身年线过滤_等待确认低频版,开仓_低位均值回复_20日 + 年线<=0.5 + 5日内收涨0.3%确认 + 20日信号间隔,闭仓_加速度转负_10日(持仓满5日后生效) OR 2%/5日止损,闭仓_加速度转负_10日(持仓满5日后生效) OR 2%/5日止损,2023-03-15,2023-03-16,2023-09-25,2023-09-26,1590,1591,1722,1723,4937.7146,4592.6032,-0.0698929419695502,-0.12918375574164742,-0.11961622141597861,132,False
000985.CSI,中证全指,chip_profit_index,指数筹码盈利,赔率/筹码,指数筹码盈利_自身年线过滤_等待确认低频版,开仓_低位均值回复_20日 + 年线<=0.5 + 5日内收涨0.3%确认 + 20日信号间隔,闭仓_加速度转负_10日(持仓满5日后生效) OR 2%/5日止损,闭仓_加速度转负_10日(持仓满5日后生效) OR 2%/5日止损,2023-09-27,2023-09-28,2023-10-26,2023-10-27,1724,1725,1739,1740,4621.4108,4490.0996,-0.028413661040477045,-0.38384849176660385,-0.06640827192833643,15,False
000985.CSI,中证全指,chip_profit_index,指数筹码盈利,赔率/筹码,指数筹码盈利_自身年线过滤_等待确认低频版,开仓_低位均值回复_20日 + 年线<=0.5 + 5日内收涨0.3%确认 + 20日信号间隔,闭仓_加速度转负_10日(持仓满5日后生效) OR 2%/5日止损,止损-2%/5日,2023-12-11,2023-12-12,2023-12-15,2023-12-18,1771,1772,1775,1776,4483.3916,4350.3757,-0.029668588396338236,-0.8500433574909896,-0.029668588396338236,4,False
000985.CSI,中证全指,chip_profit_index,指数筹码盈利,赔率/筹码,指数筹码盈利_自身年线过滤_等待确认低频版,开仓_低位均值回复_20日 + 年线<=0.5 + 5日内收涨0.3%确认 + 20日信号间隔,闭仓_加速度转负_10日(持仓满5日后生效) OR 2%/5日止损,闭仓_加速度转负_10日(持仓满5日后生效) OR 2%/5日止损,2024-02-06,2024-02-07,2024-03-20,2024-03-21,1811,1812,1836,1837,3895.0043,4420.6567,0.13495553778977842,2.582504877642872,-0.0295584876867514,25,False
000985.CSI,中证全指,chip_profit_index,指数筹码盈利,赔率/筹码,指数筹码盈利_自身年线过滤_等待确认低频版,开仓_低位均值回复_20日 + 年线<=0.5 + 5日内收涨0.3%确认 + 20日信号间隔,闭仓_加速度转负_10日(持仓满5日后生效) OR 2%/5日止损,止损-2%/5日,2024-04-01,2024-04-02,2024-04-10,2024-04-11,1844,1845,1849,1850,4374.7777,4265.3795,-0.025006573476864857,-0.7209480522227208,-0.026580939186921282,5,False
000985.CSI,中证全指,chip_profit_index,指数筹码盈利,赔率/筹码,指数筹码盈利_自身年线过滤_等待确认低频版,开仓_低位均值回复_20日 + 年线<=0.5 + 5日内收涨0.3%确认 + 20日信号间隔,闭仓_加速度转负_10日(持仓满5日后生效) OR 2%/5日止损,闭仓_加速度转负_10日(持仓满5日后生效) OR 2%/5日止损,2024-06-04,2024-06-05,2024-08-02,2024-08-05,1885,1886,1927,1928,4240.0893,3883.9688,-0.08398891504478445,-0.40924912243744493,-0.08398891504478445,42,False
000985.CSI,中证全指,chip_profit_index,指数筹码盈利,赔率/筹码,指数筹码盈利_自身年线过滤_等待确认低频版,开仓_低位均值回复_20日 + 年线<=0.5 + 5日内收涨0.3%确认 + 20日信号间隔,闭仓_加速度转负_10日(持仓满5日后生效) OR 2%/5日止损,闭仓_加速度转负_10日(持仓满5日后生效) OR 2%/5日止损,2024-09-19,2024-09-20,2024-11-01,2024-11-04,1959,1960,1985,1986,3727.8114,4803.0084,0.2884258039449097,10.660836487760779,-0.11041049063339425,26,False
000985.CSI,中证全指,chip_profit_index,指数筹码盈利,赔率/筹码,指数筹码盈利_自身年线过滤_等待确认低频版,开仓_低位均值回复_20日 + 年线<=0.5 + 5日内收涨0.3%确认 + 20日信号间隔,闭仓_加速度转负_10日(持仓满5日后生效) OR 2%/5日止损,闭仓_加速度转负_10日(持仓满5日后生效) OR 2%/5日止损,2024-11-29,2024-12-02,2024-12-25,2024-12-26,2005,2006,2023,2024,4917.3067,4857.7445,-0.01211276896761393,-0.15685317736329685,-0.04760100281215429,18,False
000985.CSI,中证全指,chip_profit_index,指数筹码盈利,赔率/筹码,指数筹码盈利_自身年线过滤_等待确认低频版,开仓_低位均值回复_20日 + 年线<=0.5 + 5日内收涨0.3%确认 + 20日信号间隔,闭仓_加速度转负_10日(持仓满5日后生效) OR 2%/5日止损,闭仓_加速度转负_10日(持仓满5日后生效) OR 2%/5日止损,2025-01-07,2025-01-08,2025-02-28,2025-03-03,2031,2032,2063,2064,4559.0358,4853.1956,0.06452237115576076,0.6362286476951924,-0.02797001626384321,32,False
000985.CSI,中证全指,chip_profit_index,指数筹码盈利,赔率/筹码,指数筹码盈利_自身年线过滤_等待确认低频版,开仓_低位均值回复_20日 + 年线<=0.5 + 5日内收涨0.3%确认 + 20日信号间隔,闭仓_加速度转负_10日(持仓满5日后生效) OR 2%/5日止损,闭仓_加速度转负_10日(持仓满5日后生效) OR 2%/5日止损,2025-04-08,2025-04-09,2025-07-31,2025-08-01,2089,2090,2167,2168,4486.4734,5161.0932,0.1503675024574982,0.5723492939601156,-0.0237351439122101,78,False
000985.CSI,中证全指,chip_profit_index,指数筹码盈利,赔率/筹码,指数筹码盈利_自身年线过滤_等待确认低频版,开仓_低位均值回复_20日 + 年线<=0.5 + 5日内收涨0.3%确认 + 20日信号间隔,闭仓_加速度转负_10日(持仓满5日后生效) OR 2%/5日止损,闭仓_加速度转负_10日(持仓满5日后生效) OR 2%/5日止损,2025-11-25,2025-11-26,2026-01-20,2026-01-21,2244,2245,2282,2283,5690.0807,6270.2606,0.10196338691646312,0.9038594539700813,-0.02867780215745841,38,False
000985.CSI,中证全指,chip_profit_index,指数筹码盈利,赔率/筹码,指数筹码盈利_自身年线过滤_等待确认低频版,开仓_低位均值回复_20日 + 年线<=0.5 + 5日内收涨0.3%确认 + 20日信号间隔,闭仓_加速度转负_10日(持仓满5日后生效) OR 2%/5日止损,闭仓_加速度转负_10日(持仓满5日后生效) OR 2%/5日止损,2026-03-24,2026-03-25,2026-05-11,2026-05-12,2321,2322,2351,2352,5948.5987,6605.7222,0.11046694072672958,1.4112782261554786,-0.026411379876742913,30,False
000985.CSI,中证全指,chip_profit_index,指数筹码盈利,赔率/筹码,指数筹码盈利_自身年线过滤_等待确认低频版,开仓_低位均值回复_20日 + 年线<=0.5 + 5日内收涨0.3%确认 + 20日信号间隔,闭仓_加速度转负_10日(持仓满5日后生效) OR 2%/5日止损,end,2026-06-12,2026-06-15,2026-08-25,2026-08-25,2375,2376,2426,2426,6380.1618,5832.9177,-0.08577276206380846,-0.3636252381455509,-0.15740353890473502,50,True
000985.CSI,中证全指,chip_profit_center,筹码盈利中枢_年线,赔率/筹码,筹码盈利中枢_年线候选_季线等待修复_月线短确认,开仓_累计上升_5日_0.5sigma；季线弱化时等待40日修复并要求月线一日回升,闭仓_上方拐点_1sigma(持仓满10日后生效) OR 4%/5日止损,闭仓_上方拐点_1sigma(持仓满10日后生效) OR 4%/5日止损,2016-10-19,2016-10-20,2016-11-25,2016-11-28,32,33,59,60,4895.3291,5107.0204,0.04324352779468921,0.48456718932814025,-0.012240822682431207,27,False
000985.CSI,中证全指,chip_profit_center,筹码盈利中枢_年线,赔率/筹码,筹码盈利中枢_年线候选_季线等待修复_月线短确认,开仓_累计上升_5日_0.5sigma；季线弱化时等待40日修复并要求月线一日回升,闭仓_上方拐点_1sigma(持仓满10日后生效) OR 4%/5日止损,闭仓_上方拐点_1sigma(持仓满10日后生效) OR 4%/5日止损,2017-08-14,2017-08-15,2017-09-25,2017-09-26,234,235,264,265,4814.0763,4962.0413,0.03073590669927695,0.2895500577241936,-0.018281879198886797,30,False
000985.CSI,中证全指,chip_profit_center,筹码盈利中枢_年线,赔率/筹码,筹码盈利中枢_年线候选_季线等待修复_月线短确认,开仓_累计上升_5日_0.5sigma；季线弱化时等待40日修复并要求月线一日回升,闭仓_上方拐点_1sigma(持仓满10日后生效) OR 4%/5日止损,闭仓_上方拐点_1sigma(持仓满10日后生效) OR 4%/5日止损,2018-06-22,2018-06-25,2018-10-31,2018-11-01,442,443,529,530,4118.8341,3550.3008,-0.13803258062761015,-0.34965184529596594,-0.1981883144444636,87,False
000985.CSI,中证全指,chip_profit_center,筹码盈利中枢_年线,赔率/筹码,筹码盈利中枢_年线候选_季线等待修复_月线短确认,开仓_累计上升_5日_0.5sigma；季线弱化时等待40日修复并要求月线一日回升,闭仓_上方拐点_1sigma(持仓满10日后生效) OR 4%/5日止损,闭仓_上方拐点_1sigma(持仓满10日后生效) OR 4%/5日止损,2019-01-15,2019-01-16,2019-03-11,2019-03-12,581,582,615,616,3578.3367,4439.9474,0.24078525086809188,3.9483147817349025,-0.04049768027395906,34,False
000985.CSI,中证全指,chip_profit_center,筹码盈利中枢_年线,赔率/筹码,筹码盈利中枢_年线候选_季线等待修复_月线短确认,开仓_累计上升_5日_0.5sigma；季线弱化时等待40日修复并要求月线一日回升,闭仓_上方拐点_1sigma(持仓满10日后生效) OR 4%/5日止损,闭仓_上方拐点_1sigma(持仓满10日后生效) OR 4%/5日止损,2019-08-29,2019-08-30,2020-01-17,2020-01-20,733,734,827,828,4184.7843,4684.6292,0.11944340834962519,0.35321701016337337,-0.056447108959279624,94,False
000985.CSI,中证全指,chip_profit_center,筹码盈利中枢_年线,赔率/筹码,筹码盈利中枢_年线候选_季线等待修复_月线短确认,开仓_累计上升_5日_0.5sigma；季线弱化时等待40日修复并要求月线一日回升,闭仓_上方拐点_1sigma(持仓满10日后生效) OR 4%/5日止损,止损-4%/5日,2020-02-26,2020-02-27,2020-02-28,2020-03-02,849,850,851,852,4704.9752,4655.5691,-0.010500820493166474,-0.7355489829557469,-0.04505386128283939,2,False
000985.CSI,中证全指,chip_profit_center,筹码盈利中枢_年线,赔率/筹码,筹码盈利中枢_年线候选_季线等待修复_月线短确认,开仓_累计上升_5日_0.5sigma；季线弱化时等待40日修复并要求月线一日回升,闭仓_上方拐点_1sigma(持仓满10日后生效) OR 4%/5日止损,闭仓_上方拐点_1sigma(持仓满10日后生效) OR 4%/5日止损,2020-05-19,2020-05-20,2020-07-17,2020-07-20,904,905,945,946,4499.9099,5362.6629,0.19172672768403665,1.939056160854952,-0.07586662272668032,41,False
000985.CSI,中证全指,chip_profit_center,筹码盈利中枢_年线,赔率/筹码,筹码盈利中枢_年线候选_季线等待修复_月线短确认,开仓_累计上升_5日_0.5sigma；季线弱化时等待40日修复并要求月线一日回升,闭仓_上方拐点_1sigma(持仓满10日后生效) OR 4%/5日止损,闭仓_上方拐点_1sigma(持仓满10日后生效) OR 4%/5日止损,2021-02-25,2021-02-26,2021-09-22,2021-09-23,1092,1093,1234,1235,5617.6694,5854.0768,0.04208282530830321,0.07589569401782459,-0.07679551798822992,142,False
000985.CSI,中证全指,chip_profit_center,筹码盈利中枢_年线,赔率/筹码,筹码盈利中枢_年线候选_季线等待修复_月线短确认,开仓_累计上升_5日_0.5sigma；季线弱化时等待40日修复并要求月线一日回升,闭仓_上方拐点_1sigma(持仓满10日后生效) OR 4%/5日止损,闭仓_上方拐点_1sigma(持仓满10日后生效) OR 4%/5日止损,2021-11-16,2021-11-17,2021-12-07,2021-12-08,1268,1269,1283,1284,5825.6561,5960.454,0.023138664158359745,0.4685865526686812,-0.011070540606420987,15,False
000985.CSI,中证全指,chip_profit_center,筹码盈利中枢_年线,赔率/筹码,筹码盈利中枢_年线候选_季线等待修复_月线短确认,开仓_累计上升_5日_0.5sigma；季线弱化时等待40日修复并要求月线一日回升,闭仓_上方拐点_1sigma(持仓满10日后生效) OR 4%/5日止损,闭仓_上方拐点_1sigma(持仓满10日后生效) OR 4%/5日止损,2022-04-26,2022-04-27,2022-07-08,2022-07-11,1375,1376,1424,1425,4503.9459,5231.2867,0.1614896839680069,1.159557104601209,-0.03171199515779288,49,False
000985.CSI,中证全指,chip_profit_center,筹码盈利中枢_年线,赔率/筹码,筹码盈利中枢_年线候选_季线等待修复_月线短确认,开仓_累计上升_5日_0.5sigma；季线弱化时等待40日修复并要求月线一日回升,闭仓_上方拐点_1sigma(持仓满10日后生效) OR 4%/5日止损,闭仓_上方拐点_1sigma(持仓满10日后生效) OR 4%/5日止损,2022-08-10,2022-08-11,2022-08-25,2022-08-26,1447,1448,1458,1459,5245.2622,5109.4449,-0.025893329031292267,-0.4517411202336675,-0.033136626222219245,11,False
000985.CSI,中证全指,chip_profit_center,筹码盈利中枢_年线,赔率/筹码,筹码盈利中枢_年线候选_季线等待修复_月线短确认,开仓_累计上升_5日_0.5sigma；季线弱化时等待40日修复并要求月线一日回升,闭仓_上方拐点_1sigma(持仓满10日后生效) OR 4%/5日止损,闭仓_上方拐点_1sigma(持仓满10日后生效) OR 4%/5日止损,2022-11-08,2022-11-09,2023-02-17,2023-02-20,1505,1506,1572,1573,4774.9044,5151.9978,0.07897402092490058,0.3309469065885997,-0.057009421882212585,67,False
000985.CSI,中证全指,chip_profit_center,筹码盈利中枢_年线,赔率/筹码,筹码盈利中枢_年线候选_季线等待修复_月线短确认,开仓_累计上升_5日_0.5sigma；季线弱化时等待40日修复并要求月线一日回升,闭仓_上方拐点_1sigma(持仓满10日后生效) OR 4%/5日止损,闭仓_上方拐点_1sigma(持仓满10日后生效) OR 4%/5日止损,2023-05-15,2023-05-16,2023-11-28,2023-11-29,1629,1630,1762,1763,4913.1989,4527.0623,-0.07859168901140978,-0.1436601943860355,-0.12887956822038038,133,False
000985.CSI,中证全指,chip_profit_center,筹码盈利中枢_年线,赔率/筹码,筹码盈利中枢_年线候选_季线等待修复_月线短确认,开仓_累计上升_5日_0.5sigma；季线弱化时等待40日修复并要求月线一日回升,闭仓_上方拐点_1sigma(持仓满10日后生效) OR 4%/5日止损,闭仓_上方拐点_1sigma(持仓满10日后生效) OR 4%/5日止损,2024-02-01,2024-02-02,2024-03-27,2024-03-28,1808,1809,1841,1842,3765.6602,4275.62,0.13542374322568995,1.6375841785984888,-0.04718743635263212,33,False
000985.CSI,中证全指,chip_profit_center,筹码盈利中枢_年线,赔率/筹码,筹码盈利中枢_年线候选_季线等待修复_月线短确认,开仓_累计上升_5日_0.5sigma；季线弱化时等待40日修复并要求月线一日回升,闭仓_上方拐点_1sigma(持仓满10日后生效) OR 4%/5日止损,闭仓_上方拐点_1sigma(持仓满10日后生效) OR 4%/5日止损,2024-05-09,2024-05-10,2024-05-24,2024-05-27,1867,1868,1878,1879,4425.0561,4343.2596,-0.018484850395455887,-0.3478195091459605,-0.031952719708109645,11,False
000985.CSI,中证全指,chip_profit_center,筹码盈利中枢_年线,赔率/筹码,筹码盈利中枢_年线候选_季线等待修复_月线短确认,开仓_累计上升_5日_0.5sigma；季线弱化时等待40日修复并要求月线一日回升,闭仓_上方拐点_1sigma(持仓满10日后生效) OR 4%/5日止损,闭仓_上方拐点_1sigma(持仓满10日后生效) OR 4%/5日止损,2024-08-02,2024-08-05,2024-10-21,2024-10-22,1927,1928,1976,1977,3883.9688,4728.4374,0.2174241461465909,1.7505246624024315,-0.11041049063339425,49,False
000985.CSI,中证全指,chip_profit_center,筹码盈利中枢_年线,赔率/筹码,筹码盈利中枢_年线候选_季线等待修复_月线短确认,开仓_累计上升_5日_0.5sigma；季线弱化时等待40日修复并要求月线一日回升,闭仓_上方拐点_1sigma(持仓满10日后生效) OR 4%/5日止损,闭仓_上方拐点_1sigma(持仓满10日后生效) OR 4%/5日止损,2025-01-17,2025-01-20,2025-03-21,2025-03-24,2039,2040,2078,2079,4663.5344,4918.6355,0.05470123689877804,0.41075586741418046,-0.028117638529828737,39,False
000985.CSI,中证全指,chip_profit_center,筹码盈利中枢_年线,赔率/筹码,筹码盈利中枢_年线候选_季线等待修复_月线短确认,开仓_累计上升_5日_0.5sigma；季线弱化时等待40日修复并要求月线一日回升,闭仓_上方拐点_1sigma(持仓满10日后生效) OR 4%/5日止损,闭仓_上方拐点_1sigma(持仓满10日后生效) OR 4%/5日止损,2025-05-08,2025-05-09,2025-08-01,2025-08-04,2108,2109,2168,2169,4773.3335,5199.566,0.08929451503859931,0.432221967405642,-0.0237351439122101,60,False
000985.CSI,中证全指,chip_profit_center,筹码盈利中枢_年线,赔率/筹码,筹码盈利中枢_年线候选_季线等待修复_月线短确认,开仓_累计上升_5日_0.5sigma；季线弱化时等待40日修复并要求月线一日回升,闭仓_上方拐点_1sigma(持仓满10日后生效) OR 4%/5日止损,闭仓_上方拐点_1sigma(持仓满10日后生效) OR 4%/5日止损,2025-11-03,2025-11-04,2026-01-29,2026-01-30,2228,2229,2289,2290,5827.9277,6259.1819,0.07399786376896866,0.34301137822534744,-0.06263036100627939,61,False
000985.CSI,中证全指,chip_profit_center,筹码盈利中枢_年线,赔率/筹码,筹码盈利中枢_年线候选_季线等待修复_月线短确认,开仓_累计上升_5日_0.5sigma；季线弱化时等待40日修复并要求月线一日回升,闭仓_上方拐点_1sigma(持仓满10日后生效) OR 4%/5日止损,end,2026-04-08,2026-04-09,2026-08-25,2026-08-25,2331,2332,2426,2426,6020.053,5832.9177,-0.031085324331862174,-0.08117340060748424,-0.16532376532201565,94,True
000985.CSI,中证全指,chip_deviation,筹码乖离率_季线,赔率/筹码,筹码乖离率_季线累计修复且价格同日上涨,开仓_累计上升_5日_0.5sigma + 信号日收涨,闭仓_下穿_1.5sigma,闭仓_下穿_1.5sigma,2016-10-13,2016-10-14,2016-12-27,2016-12-28,28,29,81,82,4865.1669,4788.6177,-0.015734136479470084,-0.07263324881640887,-0.06273859802870585,53,False
000985.CSI,中证全指,chip_deviation,筹码乖离率_季线,赔率/筹码,筹码乖离率_季线累计修复且价格同日上涨,开仓_累计上升_5日_0.5sigma + 信号日收涨,闭仓_下穿_1.5sigma,闭仓_下穿_1.5sigma,2017-01-26,2017-02-03,2017-04-19,2017-04-20,102,103,154,155,4748.2135,4780.8252,0.006868204220387364,0.03372687081357073,-0.038548629479599916,52,False
000985.CSI,中证全指,chip_deviation,筹码乖离率_季线,赔率/筹码,筹码乖离率_季线累计修复且价格同日上涨,开仓_累计上升_5日_0.5sigma + 信号日收涨,闭仓_下穿_1.5sigma,闭仓_下穿_1.5sigma,2017-05-19,2017-05-22,2017-08-14,2017-08-15,175,176,234,235,4562.4096,4814.0763,0.05516091759933173,0.2577620938874565,-0.035493618366553625,59,False
000985.CSI,中证全指,chip_deviation,筹码乖离率_季线,赔率/筹码,筹码乖离率_季线累计修复且价格同日上涨,开仓_累计上升_5日_0.5sigma + 信号日收涨,闭仓_下穿_1.5sigma,闭仓_下穿_1.5sigma,2017-10-10,2017-10-11,2018-01-31,2018-02-01,270,271,350,351,5080.5713,4864.457,-0.04253740125642946,-0.12796537925511908,-0.060848805570203,80,False
000985.CSI,中证全指,chip_deviation,筹码乖离率_季线,赔率/筹码,筹码乖离率_季线累计修复且价格同日上涨,开仓_累计上升_5日_0.5sigma + 信号日收涨,闭仓_下穿_1.5sigma,闭仓_下穿_1.5sigma,2018-02-23,2018-02-26,2018-05-17,2018-05-18,362,363,417,418,4787.1952,4685.8993,-0.02115975968558792,-0.09334256984588507,-0.0784472442361216,55,False
000985.CSI,中证全指,chip_deviation,筹码乖离率_季线,赔率/筹码,筹码乖离率_季线累计修复且价格同日上涨,开仓_累计上升_5日_0.5sigma + 信号日收涨,闭仓_下穿_1.5sigma,闭仓_下穿_1.5sigma,2019-01-21,2019-01-22,2019-03-01,2019-03-04,585,586,609,610,3573.4685,4283.1606,0.1986003514512582,5.700098807863104,-0.020836812693550755,24,False
000985.CSI,中证全指,chip_deviation,筹码乖离率_季线,赔率/筹码,筹码乖离率_季线累计修复且价格同日上涨,开仓_累计上升_5日_0.5sigma + 信号日收涨,闭仓_下穿_1.5sigma,闭仓_下穿_1.5sigma,2019-05-27,2019-05-28,2019-06-20,2019-06-21,666,667,683,684,4159.7503,4282.0683,0.02940513039929349,0.5366459260356891,-0.043036508934684026,17,False
000985.CSI,中证全指,chip_deviation,筹码乖离率_季线,赔率/筹码,筹码乖离率_季线累计修复且价格同日上涨,开仓_累计上升_5日_0.5sigma + 信号日收涨,闭仓_下穿_1.5sigma,闭仓_下穿_1.5sigma,2019-09-05,2019-09-06,2019-10-08,2019-10-09,738,739,755,756,4376.6621,4250.4762,-0.028831538080127173,-0.3518721365765559,-0.05008721291785301,17,False
000985.CSI,中证全指,chip_deviation,筹码乖离率_季线,赔率/筹码,筹码乖离率_季线累计修复且价格同日上涨,开仓_累计上升_5日_0.5sigma + 信号日收涨,闭仓_下穿_1.5sigma,闭仓_下穿_1.5sigma,2019-12-10,2019-12-11,2020-01-14,2020-01-15,800,801,824,825,4290.4536,4654.9235,0.08494903662400644,1.3539544482759385,-0.022725886579533006,24,False
000985.CSI,中证全指,chip_deviation,筹码乖离率_季线,赔率/筹码,筹码乖离率_季线累计修复且价格同日上涨,开仓_累计上升_5日_0.5sigma + 信号日收涨,闭仓_下穿_1.5sigma,闭仓_下穿_1.5sigma,2020-02-12,2020-02-13,2020-02-28,2020-03-02,839,840,851,852,4468.1981,4655.5691,0.04193435380584409,1.3694497717285983,-0.060852226523301356,12,False
000985.CSI,中证全指,chip_deviation,筹码乖离率_季线,赔率/筹码,筹码乖离率_季线累计修复且价格同日上涨,开仓_累计上升_5日_0.5sigma + 信号日收涨,闭仓_下穿_1.5sigma,闭仓_下穿_1.5sigma,2020-04-09,2020-04-10,2020-07-02,2020-07-03,879,880,934,935,4319.3555,5008.3497,0.15951319589230395,0.9701511673470071,-0.03608940070999611,55,False
000985.CSI,中证全指,chip_deviation,筹码乖离率_季线,赔率/筹码,筹码乖离率_季线累计修复且价格同日上涨,开仓_累计上升_5日_0.5sigma + 信号日收涨,闭仓_下穿_1.5sigma,闭仓_下穿_1.5sigma,2020-07-09,2020-07-10,2020-07-17,2020-07-20,939,940,945,946,5452.8487,5362.6629,-0.016539208212397183,-0.5036407568427343,-0.07586662272668032,6,False
000985.CSI,中证全指,chip_deviation,筹码乖离率_季线,赔率/筹码,筹码乖离率_季线累计修复且价格同日上涨,开仓_累计上升_5日_0.5sigma + 信号日收涨,闭仓_下穿_1.5sigma,闭仓_下穿_1.5sigma,2020-10-12,2020-10-13,2021-01-26,2021-01-27,1000,1001,1075,1076,5499.6998,5805.7559,0.05564960109277228,0.19957246233989157,-0.047007129370952305,75,False
000985.CSI,中证全指,chip_deviation,筹码乖离率_季线,赔率/筹码,筹码乖离率_季线累计修复且价格同日上涨,开仓_累计上升_5日_0.5sigma + 信号日收涨,闭仓_下穿_1.5sigma,闭仓_下穿_1.5sigma,2021-02-01,2021-02-02,2021-02-26,2021-03-01,1079,1080,1093,1094,5742.1967,5723.7588,-0.003210948869097563,-0.056246311884992295,-0.060185338075310235,14,False
000985.CSI,中证全指,chip_deviation,筹码乖离率_季线,赔率/筹码,筹码乖离率_季线累计修复且价格同日上涨,开仓_累计上升_5日_0.5sigma + 信号日收涨,闭仓_下穿_1.5sigma,闭仓_下穿_1.5sigma,2021-05-20,2021-05-21,2021-12-21,2021-12-22,1148,1149,1293,1294,5582.6059,5937.9297,0.06364837611051866,0.11320005035134995,-0.07063323357112994,145,False
000985.CSI,中证全指,chip_deviation,筹码乖离率_季线,赔率/筹码,筹码乖离率_季线累计修复且价格同日上涨,开仓_累计上升_5日_0.5sigma + 信号日收涨,闭仓_下穿_1.5sigma,闭仓_下穿_1.5sigma,2022-02-23,2022-02-24,2022-06-16,2022-06-17,1333,1334,1408,1409,5483.3493,5165.7858,-0.05791414747187462,-0.18164070524965503,-0.2214000877181257,75,False
000985.CSI,中证全指,chip_deviation,筹码乖离率_季线,赔率/筹码,筹码乖离率_季线累计修复且价格同日上涨,开仓_累计上升_5日_0.5sigma + 信号日收涨,闭仓_下穿_1.5sigma,闭仓_下穿_1.5sigma,2023-03-21,2023-03-22,2023-07-26,2023-07-27,1594,1595,1679,1680,5034.0765,4847.0737,-0.03714738939704243,-0.10616022037964945,-0.07690151169273074,85,False
000985.CSI,中证全指,chip_deviation,筹码乖离率_季线,赔率/筹码,筹码乖离率_季线累计修复且价格同日上涨,开仓_累计上升_5日_0.5sigma + 信号日收涨,闭仓_下穿_1.5sigma,闭仓_下穿_1.5sigma,2023-09-04,2023-09-05,2023-11-23,2023-11-24,1707,1708,1759,1760,4729.155,4558.1807,-0.036153245135758905,-0.1634339095939108,-0.08571827729776749,52,False
000985.CSI,中证全指,chip_deviation,筹码乖离率_季线,赔率/筹码,筹码乖离率_季线累计修复且价格同日上涨,开仓_累计上升_5日_0.5sigma + 信号日收涨,闭仓_下穿_1.5sigma,闭仓_下穿_1.5sigma,2024-02-19,2024-02-20,2024-03-26,2024-03-27,1814,1815,1840,1841,4057.9366,4221.5908,0.04032941273651236,0.46698416427305633,-0.04718743635263212,26,False
000985.CSI,中证全指,chip_deviation,筹码乖离率_季线,赔率/筹码,筹码乖离率_季线累计修复且价格同日上涨,开仓_累计上升_5日_0.5sigma + 信号日收涨,闭仓_下穿_1.5sigma,闭仓_下穿_1.5sigma,2024-04-09,2024-04-10,2024-05-14,2024-05-15,1848,1849,1870,1871,4258.492,4366.6452,0.02539706544006659,0.33279610018707784,-0.03257206070409446,22,False
000985.CSI,中证全指,chip_deviation,筹码乖离率_季线,赔率/筹码,筹码乖离率_季线累计修复且价格同日上涨,开仓_累计上升_5日_0.5sigma + 信号日收涨,闭仓_下穿_1.5sigma,闭仓_下穿_1.5sigma,2024-08-15,2024-08-16,2024-11-07,2024-11-08,1936,1937,1989,1990,3886.6404,5049.4472,0.29918044386097553,2.471092453436741,-0.11041049063339425,53,False
000985.CSI,中证全指,chip_deviation,筹码乖离率_季线,赔率/筹码,筹码乖离率_季线累计修复且价格同日上涨,开仓_累计上升_5日_0.5sigma + 信号日收涨,闭仓_下穿_1.5sigma,闭仓_下穿_1.5sigma,2025-01-20,2025-01-21,2025-03-26,2025-03-27,2040,2041,2081,2082,4671.0569,4906.853,0.050480245701995274,0.35349692841207037,-0.03191361536581838,41,False
000985.CSI,中证全指,chip_deviation,筹码乖离率_季线,赔率/筹码,筹码乖离率_季线累计修复且价格同日上涨,开仓_累计上升_5日_0.5sigma + 信号日收涨,闭仓_下穿_1.5sigma,闭仓_下穿_1.5sigma,2025-08-13,2025-08-14,2025-09-12,2025-09-15,2176,2177,2198,2199,5336.8328,5764.1615,0.08007159227472904,1.4164826458676805,-0.046337324499100885,22,False
000985.CSI,中证全指,chip_deviation,筹码乖离率_季线,赔率/筹码,筹码乖离率_季线累计修复且价格同日上涨,开仓_累计上升_5日_0.5sigma + 信号日收涨,闭仓_下穿_1.5sigma,闭仓_下穿_1.5sigma,2025-11-28,2025-12-01,2026-02-25,2026-02-26,2247,2248,2302,2303,5787.1771,6373.7088,0.10135022479267142,0.5563051878454377,-0.04224478724408709,55,False
000985.CSI,中证全指,chip_deviation,筹码乖离率_季线,赔率/筹码,筹码乖离率_季线累计修复且价格同日上涨,开仓_累计上升_5日_0.5sigma + 信号日收涨,闭仓_下穿_1.5sigma,闭仓_下穿_1.5sigma,2026-03-11,2026-03-12,2026-06-30,2026-07-01,2312,2313,2386,2387,6279.6757,6563.1647,0.04514389174587485,0.1622574785103641,-0.08858150111159402,74,False
000985.CSI,中证全指,chip_deviation,筹码乖离率_季线,赔率/筹码,筹码乖离率_季线累计修复且价格同日上涨,开仓_累计上升_5日_0.5sigma + 信号日收涨,闭仓_下穿_1.5sigma,end,2026-08-05,2026-08-06,2026-08-25,2026-08-25,2412,2413,2426,2426,5896.3568,5832.9177,-0.010759033442480859,-0.18916426257026786,-0.04812717250610066,13,True
000985.CSI,中证全指,forward_valuation,远期估值,赔率/估值,远期估值_价格底背离60日,开仓_价格新低因子未确认_60日,闭仓_原始季线年线空头共振,闭仓_原始季线年线空头共振,2017-01-13,2017-01-16,2017-01-18,2017-01-19,93,94,96,97,4645.3297,4656.8169,0.0024728492360832632,0.23055209837849278,-0.004018303599604978,3,False
000985.CSI,中证全指,forward_valuation,远期估值,赔率/估值,远期估值_价格底背离60日,开仓_价格新低因子未确认_60日,闭仓_原始季线年线空头共振,闭仓_原始季线年线空头共振,2017-04-24,2017-04-25,2017-11-21,2017-11-22,157,158,300,301,4686.4054,5105.4364,0.08941415951765497,0.16290151601368086,-0.04504492264968751,143,False
000985.CSI,中证全指,forward_valuation,远期估值,赔率/估值,远期估值_价格底背离60日,开仓_价格新低因子未确认_60日,闭仓_原始季线年线空头共振,闭仓_原始季线年线空头共振,2017-12-05,2017-12-06,2018-01-04,2018-01-05,310,311,331,332,4878.7262,5020.4897,0.02905748225838134,0.41018346160110397,-0.02169148349617478,21,False
000985.CSI,中证全指,forward_valuation,远期估值,赔率/估值,远期估值_价格底背离60日,开仓_价格新低因子未确认_60日,闭仓_原始季线年线空头共振,闭仓_原始季线年线空头共振,2018-02-06,2018-02-07,2018-03-01,2018-03-02,354,355,366,367,4627.0953,4751.9418,0.02698161414570377,0.7491056397173572,-0.03717082283579953,12,False
000985.CSI,中证全指,forward_valuation,远期估值,赔率/估值,远期估值_价格底背离60日,开仓_价格新低因子未确认_60日,闭仓_原始季线年线空头共振,闭仓_原始季线年线空头共振,2018-05-30,2018-05-31,2018-06-21,2018-06-22,426,427,441,442,4533.6729,4157.4647,-0.0829808873066249,-0.7666773455800522,-0.09731705431947268,15,False
000985.CSI,中证全指,forward_valuation,远期估值,赔率/估值,远期估值_价格底背离60日,开仓_价格新低因子未确认_60日,闭仓_原始季线年线空头共振,闭仓_原始季线年线空头共振,2018-06-25,2018-06-26,2018-06-26,2018-06-27,443,444,444,445,4117.6218,4059.2346,-0.014179835554591236,-0.9726460726317941,-0.014179835554591236,1,False
000985.CSI,中证全指,forward_valuation,远期估值,赔率/估值,远期估值_价格底背离60日,开仓_价格新低因子未确认_60日,闭仓_原始季线年线空头共振,闭仓_原始季线年线空头共振,2018-07-04,2018-07-05,2018-07-09,2018-07-10,450,451,453,454,3936.3043,4073.2488,0.034790120265854485,16.684426603986324,0.0,3,False
000985.CSI,中证全指,forward_valuation,远期估值,赔率/估值,远期估值_价格底背离60日,开仓_价格新低因子未确认_60日,闭仓_原始季线年线空头共振,闭仓_原始季线年线空头共振,2018-08-03,2018-08-06,2018-08-09,2018-08-10,472,473,476,477,3828.1419,3979.613,0.03956778613666323,10.527290380859087,-0.01570356797502359,4,False
000985.CSI,中证全指,forward_valuation,远期估值,赔率/估值,远期估值_价格底背离60日,开仓_价格新低因子未确认_60日,闭仓_原始季线年线空头共振,闭仓_原始季线年线空头共振,2018-08-17,2018-08-20,2018-09-07,2018-09-10,482,483,497,498,3814.6977,3736.4975,-0.020499710894522627,-0.29388286398483154,-0.05227561421217719,15,False
000985.CSI,中证全指,forward_valuation,远期估值,赔率/估值,远期估值_价格底背离60日,开仓_价格新低因子未确认_60日,闭仓_原始季线年线空头共振,闭仓_原始季线年线空头共振,2018-09-10,2018-09-11,2018-09-13,2018-09-14,498,499,501,502,3734.4086,3737.7013,0.0008817192633927551,0.07684103266051512,-0.004070631156965598,3,False
000985.CSI,中证全指,forward_valuation,远期估值,赔率/估值,远期估值_价格底背离60日,开仓_价格新低因子未确认_60日,闭仓_原始季线年线空头共振,闭仓_原始季线年线空头共振,2018-09-17,2018-09-18,2018-09-20,2018-09-21,503,504,506,507,3757.5934,3880.9235,0.03282156605874387,14.07040798726877,-0.0014577599066646352,3,False
000985.CSI,中证全指,forward_valuation,远期估值,赔率/估值,远期估值_价格底背离60日,开仓_价格新低因子未确认_60日,闭仓_原始季线年线空头共振,闭仓_原始季线年线空头共振,2018-10-11,2018-10-12,2018-10-25,2018-10-26,515,516,525,526,3536.765,3523.3511,-0.003792703218902016,-0.09131595149676874,-0.048511026319249306,10,False
000985.CSI,中证全指,forward_valuation,远期估值,赔率/估值,远期估值_价格底背离60日,开仓_价格新低因子未确认_60日,闭仓_原始季线年线空头共振,闭仓_原始季线年线空头共振,2019-05-23,2019-05-24,2019-10-16,2019-10-17,664,665,761,762,4056.5371,4320.6716,0.06511329577141045,0.17807410349899055,-0.09070665896163388,97,False
000985.CSI,中证全指,forward_valuation,远期估值,赔率/估值,远期估值_价格底背离60日,开仓_价格新低因子未确认_60日,闭仓_原始季线年线空头共振,闭仓_原始季线年线空头共振,2020-02-03,2020-02-04,2020-02-20,2020-02-21,832,833,845,846,4192.9719,4751.46,0.133196242025853,10.289740861951302,-0.007550191401274553,13,False
000985.CSI,中证全指,forward_valuation,远期估值,赔率/估值,远期估值_价格底背离60日,开仓_价格新低因子未确认_60日,闭仓_原始季线年线空头共振,闭仓_原始季线年线空头共振,2020-03-23,2020-03-24,2021-02-10,2021-02-18,867,868,1086,1087,4189.8604,5930.6106,0.4154673506544515,0.4915512858596003,-0.07832730835891855,219,False
000985.CSI,中证全指,forward_valuation,远期估值,赔率/估值,远期估值_价格底背离60日,开仓_价格新低因子未确认_60日,闭仓_原始季线年线空头共振,闭仓_原始季线年线空头共振,2021-03-09,2021-03-10,2022-01-20,2022-01-21,1100,1101,1314,1315,5321.8715,5695.0172,0.07011550354043683,0.08307033399520569,-0.07063323357112994,214,False
000985.CSI,中证全指,forward_valuation,远期估值,赔率/估值,远期估值_价格底背离60日,开仓_价格新低因子未确认_60日,闭仓_原始季线年线空头共振,闭仓_原始季线年线空头共振,2022-01-28,2022-02-07,2022-03-29,2022-03-30,1320,1321,1357,1358,5484.4397,5174.746,-0.056467700793574216,-0.32690998621209255,-0.13341038896735935,37,False
000985.CSI,中证全指,forward_valuation,远期估值,赔率/估值,远期估值_价格底背离60日,开仓_价格新低因子未确认_60日,闭仓_原始季线年线空头共振,闭仓_原始季线年线空头共振,2022-04-21,2022-04-22,2022-08-12,2022-08-15,1372,1373,1449,1450,4718.911,5241.7281,0.11079189668972367,0.4104035461804634,-0.07790801733705077,77,False
000985.CSI,中证全指,forward_valuation,远期估值,赔率/估值,远期估值_价格底背离60日,开仓_价格新低因子未确认_60日,闭仓_原始季线年线空头共振,闭仓_原始季线年线空头共振,2022-09-15,2022-09-16,2022-10-12,2022-10-13,1472,1473,1486,1487,4836.3739,4651.4818,-0.0382294884189992,-0.504223165549072,-0.06289550215136741,14,False
000985.CSI,中证全指,forward_valuation,远期估值,赔率/估值,远期估值_价格底背离60日,开仓_价格新低因子未确认_60日,闭仓_原始季线年线空头共振,闭仓_原始季线年线空头共振,2022-10-28,2022-10-31,2022-11-09,2022-11-10,1498,1499,1506,1507,4500.1287,4740.9681,0.053518336042255754,4.166853047108855,-0.01656029432447126,8,False
000985.CSI,中证全指,forward_valuation,远期估值,赔率/估值,远期估值_价格底背离60日,开仓_价格新低因子未确认_60日,闭仓_原始季线年线空头共振,闭仓_原始季线年线空头共振,2023-04-25,2023-04-26,2023-08-22,2023-08-23,1618,1619,1698,1699,4915.1291,4579.4708,-0.06829084102796001,-0.19973624242830523,-0.08806304450844282,80,False
000985.CSI,中证全指,forward_valuation,远期估值,赔率/估值,远期估值_价格底背离60日,开仓_价格新低因子未确认_60日,闭仓_原始季线年线空头共振,闭仓_原始季线年线空头共振,2023-10-18,2023-10-19,2023-11-27,2023-11-28,1733,1734,1761,1762,4439.9251,4559.4427,0.02691883248210636,0.27006241878734194,-0.025405451096461196,28,False
000985.CSI,中证全指,forward_valuation,远期估值,赔率/估值,远期估值_价格底背离60日,开仓_价格新低因子未确认_60日,闭仓_原始季线年线空头共振,闭仓_原始季线年线空头共振,2023-12-20,2023-12-21,2023-12-22,2023-12-25,1778,1779,1780,1781,4334.6467,4314.5385,-0.0046389478524283545,-0.4433771548497839,-0.005595957797437157,2,False
000985.CSI,中证全指,forward_valuation,远期估值,赔率/估值,远期估值_价格底背离60日,开仓_价格新低因子未确认_60日,闭仓_原始季线年线空头共振,闭仓_原始季线年线空头共振,2023-12-26,2023-12-27,2024-01-05,2024-01-08,1782,1783,1789,1790,4292.6726,4219.1212,-0.017134174173916827,-0.4632247808342066,-0.04587012143876856,7,False
000985.CSI,中证全指,forward_valuation,远期估值,赔率/估值,远期估值_价格底背离60日,开仓_价格新低因子未确认_60日,闭仓_原始季线年线空头共振,闭仓_原始季线年线空头共振,2024-01-08,2024-01-09,2024-01-09,2024-01-10,1790,1791,1791,1792,4231.0572,4204.0047,-0.006393792076363258,-0.8013892932842882,-0.006393792076363258,1,False
000985.CSI,中证全指,forward_valuation,远期估值,赔率/估值,远期估值_价格底背离60日,开仓_价格新低因子未确认_60日,闭仓_原始季线年线空头共振,闭仓_原始季线年线空头共振,2024-01-10,2024-01-11,2024-04-02,2024-04-03,1792,1793,1845,1846,4252.1722,4353.7389,0.023885838866074316,0.11877603335517728,-0.13776598699365938,53,False
000985.CSI,中证全指,forward_valuation,远期估值,赔率/估值,远期估值_价格底背离60日,开仓_价格新低因子未确认_60日,闭仓_原始季线年线空头共振,闭仓_原始季线年线空头共振,2024-06-20,2024-06-21,2024-12-17,2024-12-18,1896,1897,2017,2018,4119.172,4875.9903,0.18373068665256054,0.42088775547285207,-0.11041049063339425,121,False
000985.CSI,中证全指,forward_valuation,远期估值,赔率/估值,远期估值_价格底背离60日,开仓_价格新低因子未确认_60日,闭仓_原始季线年线空头共振,闭仓_原始季线年线空头共振,2025-01-10,2025-01-13,2025-03-05,2025-03-06,2034,2035,2066,2067,4472.602,4985.9685,0.11478027778908118,1.3529654730781902,-0.02797001626384321,32,False
000985.CSI,中证全指,forward_valuation,远期估值,赔率/估值,远期估值_价格底背离60日,开仓_价格新低因子未确认_60日,闭仓_原始季线年线空头共振,闭仓_原始季线年线空头共振,2025-04-07,2025-04-08,2025-04-09,2025-04-10,2088,2089,2090,2091,4409.9796,4571.4749,0.03662041883368361,91.91581640475991,0.0,2,False
000985.CSI,中证全指,forward_valuation,远期估值,赔率/估值,远期估值_价格底背离60日,开仓_价格新低因子未确认_60日,闭仓_原始季线年线空头共振,闭仓_原始季线年线空头共振,2026-03-23,2026-03-24,2026-05-21,2026-05-22,2320,2321,2359,2360,5843.7257,6479.3702,0.1087738426873801,0.9487430861559967,-0.04761926553025975,39,False
000985.CSI,中证全指,forward_valuation,远期估值,赔率/估值,远期估值_价格底背离60日,开仓_价格新低因子未确认_60日,闭仓_原始季线年线空头共振,end,2026-07-13,2026-07-14,2026-08-25,2026-08-25,2395,2396,2426,2426,6119.1944,5832.9177,-0.04678339684714061,-0.33133371563076186,-0.08789181464801976,30,True
000985.CSI,中证全指,historical_valuation,历史估值,赔率/估值,历史估值_价格底背离60日_闭仓持仓满3日,开仓_价格新低因子未确认_60日,闭仓_原始季线年线空头共振(持仓满3日后生效),闭仓_原始季线年线空头共振(持仓满3日后生效),2017-01-13,2017-01-16,2017-05-22,2017-05-23,93,94,176,177,4645.3297,4505.6043,-0.03007868311263251,-0.08855574978134018,-0.09389055444751071,83,False
000985.CSI,中证全指,historical_valuation,历史估值,赔率/估值,历史估值_价格底背离60日_闭仓持仓满3日,开仓_价格新低因子未确认_60日,闭仓_原始季线年线空头共振(持仓满3日后生效),闭仓_原始季线年线空头共振(持仓满3日后生效),2017-05-23,2017-05-24,2017-06-22,2017-06-23,177,178,197,198,4517.7031,4708.6208,0.04225990415350678,0.6846046194060835,-0.012178132614488857,20,False
000985.CSI,中证全指,historical_valuation,历史估值,赔率/估值,历史估值_价格底背离60日_闭仓持仓满3日,开仓_价格新低因子未确认_60日,闭仓_原始季线年线空头共振(持仓满3日后生效),闭仓_原始季线年线空头共振(持仓满3日后生效),2017-11-27,2017-11-28,2018-01-10,2018-01-11,304,305,335,336,4952.6775,5058.4504,0.021356710587354,0.18741836084935914,-0.022673821694204066,31,False
000985.CSI,中证全指,historical_valuation,历史估值,赔率/估值,历史估值_价格底背离60日_闭仓持仓满3日,开仓_价格新低因子未确认_60日,闭仓_原始季线年线空头共振(持仓满3日后生效),闭仓_原始季线年线空头共振(持仓满3日后生效),2018-02-07,2018-02-08,2018-04-13,2018-04-16,355,356,395,396,4629.5397,4643.9193,0.0031060539344762716,0.019729924894318795,-0.06469713450570569,40,False
000985.CSI,中证全指,historical_valuation,历史估值,赔率/估值,历史估值_价格底背离60日_闭仓持仓满3日,开仓_价格新低因子未确认_60日,闭仓_原始季线年线空头共振(持仓满3日后生效),闭仓_原始季线年线空头共振(持仓满3日后生效),2018-05-30,2018-05-31,2018-06-11,2018-06-12,426,427,434,435,4533.6729,4515.1243,-0.004091296485019713,-0.12114925374560137,-0.020983512045654074,8,False
000985.CSI,中证全指,historical_valuation,历史估值,赔率/估值,历史估值_价格底背离60日_闭仓持仓满3日,开仓_价格新低因子未确认_60日,闭仓_原始季线年线空头共振(持仓满3日后生效),闭仓_原始季线年线空头共振(持仓满3日后生效),2018-06-14,2018-06-15,2018-07-26,2018-07-27,437,438,466,467,4380.6603,4144.3567,-0.053942461596485636,-0.3823651128311012,-0.10143584975077835,29,False
000985.CSI,中证全指,historical_valuation,历史估值,赔率/估值,历史估值_价格底背离60日_闭仓持仓满3日,开仓_价格新低因子未确认_60日,闭仓_原始季线年线空头共振(持仓满3日后生效),闭仓_原始季线年线空头共振(持仓满3日后生效),2018-08-03,2018-08-06,2018-09-03,2018-09-04,472,473,493,494,3828.1419,3881.6234,0.013970615875027903,0.18114831769839923,-0.04889935277626245,21,False
000985.CSI,中证全指,historical_valuation,历史估值,赔率/估值,历史估值_价格底背离60日_闭仓持仓满3日,开仓_价格新低因子未确认_60日,闭仓_原始季线年线空头共振(持仓满3日后生效),闭仓_原始季线年线空头共振(持仓满3日后生效),2018-09-10,2018-09-11,2018-09-18,2018-09-19,498,499,504,505,3734.4086,3803.2326,0.0184296919196254,1.1532983403855512,-0.01704109664821707,6,False
000985.CSI,中证全指,historical_valuation,历史估值,赔率/估值,历史估值_价格底背离60日_闭仓持仓满3日,开仓_价格新低因子未确认_60日,闭仓_原始季线年线空头共振(持仓满3日后生效),闭仓_原始季线年线空头共振(持仓满3日后生效),2018-10-11,2018-10-12,2018-10-25,2018-10-26,515,516,525,526,3536.765,3523.3511,-0.003792703218902016,-0.09131595149676874,-0.048511026319249306,10,False
000985.CSI,中证全指,historical_valuation,历史估值,赔率/估值,历史估值_价格底背离60日_闭仓持仓满3日,开仓_价格新低因子未确认_60日,闭仓_原始季线年线空头共振(持仓满3日后生效),闭仓_原始季线年线空头共振(持仓满3日后生效),2019-05-23,2019-05-24,2020-04-29,2020-04-30,664,665,893,894,4056.5371,4426.3435,0.09116307601377538,0.10076642195263852,-0.14902959089692946,229,False
000985.CSI,中证全指,historical_valuation,历史估值,赔率/估值,历史估值_价格底背离60日_闭仓持仓满3日,开仓_价格新低因子未确认_60日,闭仓_原始季线年线空头共振(持仓满3日后生效),闭仓_原始季线年线空头共振(持仓满3日后生效),2020-09-28,2020-09-29,2021-01-07,2021-01-08,996,997,1062,1063,5195.9562,5804.6007,0.11713811213420167,0.5264436277667037,-0.047007129370952305,66,False
000985.CSI,中证全指,historical_valuation,历史估值,赔率/估值,历史估值_价格底背离60日_闭仓持仓满3日,开仓_价格新低因子未确认_60日,闭仓_原始季线年线空头共振(持仓满3日后生效),闭仓_原始季线年线空头共振(持仓满3日后生效),2021-03-09,2021-03-10,2021-05-17,2021-05-18,1100,1101,1145,1146,5321.8715,5622.2737,0.056446721797021926,0.360023958152877,-0.03195218615793438,45,False
000985.CSI,中证全指,historical_valuation,历史估值,赔率/估值,历史估值_价格底背离60日_闭仓持仓满3日,开仓_价格新低因子未确认_60日,闭仓_原始季线年线空头共振(持仓满3日后生效),闭仓_原始季线年线空头共振(持仓满3日后生效),2022-01-28,2022-02-07,2022-03-30,2022-03-31,1320,1321,1358,1359,5484.4397,5134.6166,-0.06378465606978956,-0.3540839784496659,-0.13341038896735935,38,False
000985.CSI,中证全指,historical_valuation,历史估值,赔率/估值,历史估值_价格底背离60日_闭仓持仓满3日,开仓_价格新低因子未确认_60日,闭仓_原始季线年线空头共振(持仓满3日后生效),闭仓_原始季线年线空头共振(持仓满3日后生效),2022-04-21,2022-04-22,2022-08-31,2022-09-01,1372,1373,1462,1463,4718.911,4983.7003,0.05611237423210569,0.16516751330035895,-0.07790801733705077,90,False
000985.CSI,中证全指,historical_valuation,历史估值,赔率/估值,历史估值_价格底背离60日_闭仓持仓满3日,开仓_价格新低因子未确认_60日,闭仓_原始季线年线空头共振(持仓满3日后生效),闭仓_原始季线年线空头共振(持仓满3日后生效),2022-09-01,2022-09-02,2022-09-30,2022-10-10,1463,1464,1483,1484,4994.8094,4537.6906,-0.09151876746287857,-0.701612176469637,-0.10974654258719097,20,False
000985.CSI,中证全指,historical_valuation,历史估值,赔率/估值,历史估值_价格底背离60日_闭仓持仓满3日,开仓_价格新低因子未确认_60日,闭仓_原始季线年线空头共振(持仓满3日后生效),闭仓_原始季线年线空头共振(持仓满3日后生效),2022-10-28,2022-10-31,2022-11-28,2022-11-29,1498,1499,1519,1520,4500.1287,4855.4369,0.07895511966135538,1.4890897772517624,-0.03304872826741412,21,False
000985.CSI,中证全指,historical_valuation,历史估值,赔率/估值,历史估值_价格底背离60日_闭仓持仓满3日,开仓_价格新低因子未确认_60日,闭仓_原始季线年线空头共振(持仓满3日后生效),闭仓_原始季线年线空头共振(持仓满3日后生效),2023-04-25,2023-04-26,2023-07-24,2023-07-25,1618,1619,1677,1678,4915.1291,4885.7139,-0.0059846240864762645,-0.025312370790273042,-0.04996737457282119,59,False
000985.CSI,中证全指,historical_valuation,历史估值,赔率/估值,历史估值_价格底背离60日_闭仓持仓满3日,开仓_价格新低因子未确认_60日,闭仓_原始季线年线空头共振(持仓满3日后生效),闭仓_原始季线年线空头共振(持仓满3日后生效),2023-08-15,2023-08-16,2023-08-31,2023-09-01,1693,1694,1705,1706,4722.8181,4690.2923,-0.006886947435049473,-0.1350868744825081,-0.04322781787035701,12,False
000985.CSI,中证全指,historical_valuation,历史估值,赔率/估值,历史估值_价格底背离60日_闭仓持仓满3日,开仓_价格新低因子未确认_60日,闭仓_原始季线年线空头共振(持仓满3日后生效),闭仓_原始季线年线空头共振(持仓满3日后生效),2023-10-18,2023-10-19,2023-11-29,2023-11-30,1733,1734,1763,1764,4439.9251,4522.1118,0.018510830284051316,0.16657179460079896,-0.025405451096461196,30,False
000985.CSI,中证全指,historical_valuation,历史估值,赔率/估值,历史估值_价格底背离60日_闭仓持仓满3日,开仓_价格新低因子未确认_60日,闭仓_原始季线年线空头共振(持仓满3日后生效),闭仓_原始季线年线空头共振(持仓满3日后生效),2024-01-08,2024-01-09,2024-04-16,2024-04-17,1790,1791,1853,1854,4231.0572,4251.5115,0.004834323676834007,0.01947797129183071,-0.13776598699365938,63,False
000985.CSI,中证全指,historical_valuation,历史估值,赔率/估值,历史估值_价格底背离60日_闭仓持仓满3日,开仓_价格新低因子未确认_60日,闭仓_原始季线年线空头共振(持仓满3日后生效),闭仓_原始季线年线空头共振(持仓满3日后生效),2024-06-20,2024-06-21,2024-11-19,2024-11-20,1896,1897,1997,1998,4119.172,4906.8049,0.1912114619151617,0.5473764269577763,-0.11041049063339425,101,False
000985.CSI,中证全指,historical_valuation,历史估值,赔率/估值,历史估值_价格底背离60日_闭仓持仓满3日,开仓_价格新低因子未确认_60日,闭仓_原始季线年线空头共振(持仓满3日后生效),闭仓_原始季线年线空头共振(持仓满3日后生效),2025-01-10,2025-01-13,2025-03-03,2025-03-04,2034,2035,2064,2065,4472.602,4882.4483,0.0916348693668696,1.0885753914131118,-0.02797001626384321,30,False
000985.CSI,中证全指,historical_valuation,历史估值,赔率/估值,历史估值_价格底背离60日_闭仓持仓满3日,开仓_价格新低因子未确认_60日,闭仓_原始季线年线空头共振(持仓满3日后生效),闭仓_原始季线年线空头共振(持仓满3日后生效),2025-04-07,2025-04-08,2025-09-18,2025-09-19,2088,2089,2202,2203,4409.9796,5749.1028,0.3036574590957293,0.7970987157471356,-0.046337324499100885,114,False
000985.CSI,中证全指,historical_valuation,历史估值,赔率/估值,历史估值_价格底背离60日_闭仓持仓满3日,开仓_价格新低因子未确认_60日,闭仓_原始季线年线空头共振(持仓满3日后生效),闭仓_原始季线年线空头共振(持仓满3日后生效),2026-03-23,2026-03-24,2026-05-21,2026-05-22,2320,2321,2359,2360,5843.7257,6479.3702,0.1087738426873801,0.9487430861559967,-0.04761926553025975,39,False
000985.CSI,中证全指,historical_valuation,历史估值,赔率/估值,历史估值_价格底背离60日_闭仓持仓满3日,开仓_价格新低因子未确认_60日,闭仓_原始季线年线空头共振(持仓满3日后生效),end,2026-07-13,2026-07-14,2026-08-25,2026-08-25,2395,2396,2426,2426,6119.1944,5832.9177,-0.04678339684714061,-0.33133371563076186,-0.08789181464801976,30,True
000985.CSI,中证全指,price_diffusion,年价格扩散系数_季线,胜率/量,价格扩散系数_最优规则,开仓_价格下跌因子上升_20日,闭仓_高位钝化转弱_5日_1sigma,闭仓_高位钝化转弱_5日_1sigma,2016-09-26,2016-09-27,2016-09-30,2016-10-10,20,21,24,25,4730.5014,4837.6447,0.022649459526637106,3.1000388249473696,-0.0020103788575139836,4,False
000985.CSI,中证全指,price_diffusion,年价格扩散系数_季线,胜率/量,价格扩散系数_最优规则,开仓_价格下跌因子上升_20日,闭仓_高位钝化转弱_5日_1sigma,闭仓_高位钝化转弱_5日_1sigma,2016-12-16,2016-12-19,2017-03-15,2017-03-16,74,75,131,132,4815.7301,4966.2786,0.03126182258428467,0.1457893711780276,-0.048351010759773994,57,False
000985.CSI,中证全指,price_diffusion,年价格扩散系数_季线,胜率/量,价格扩散系数_最优规则,开仓_价格下跌因子上升_20日,闭仓_高位钝化转弱_5日_1sigma,闭仓_高位钝化转弱_5日_1sigma,2017-05-15,2017-05-16,2018-02-01,2018-02-02,171,172,351,352,4626.3783,4874.8097,0.053698894446223555,0.07597736209845918,-0.060848805570203,180,False
000985.CSI,中证全指,price_diffusion,年价格扩散系数_季线,胜率/量,价格扩散系数_最优规则,开仓_价格下跌因子上升_20日,闭仓_高位钝化转弱_5日_1sigma,闭仓_高位钝化转弱_5日_1sigma,2018-03-23,2018-03-26,2018-06-04,2018-06-05,382,383,429,430,4627.5583,4564.6172,-0.013601362947712636,-0.0707959780536691,-0.06171910486018195,47,False
000985.CSI,中证全指,price_diffusion,年价格扩散系数_季线,胜率/量,价格扩散系数_最优规则,开仓_价格下跌因子上升_20日,闭仓_高位钝化转弱_5日_1sigma,闭仓_高位钝化转弱_5日_1sigma,2018-07-19,2018-07-20,2019-04-25,2019-04-26,461,462,647,648,4096.519,4460.6782,0.08889479091882646,0.12230256743288748,-0.1981883144444636,186,False
000985.CSI,中证全指,price_diffusion,年价格扩散系数_季线,胜率/量,价格扩散系数_最优规则,开仓_价格下跌因子上升_20日,闭仓_高位钝化转弱_5日_1sigma,闭仓_高位钝化转弱_5日_1sigma,2019-06-06,2019-06-10,2019-07-23,2019-07-24,674,675,706,707,4029.5323,4199.8162,0.04225897382681376,0.38534579003988534,-0.05363478968832158,32,False
000985.CSI,中证全指,price_diffusion,年价格扩散系数_季线,胜率/量,价格扩散系数_最优规则,开仓_价格下跌因子上升_20日,闭仓_高位钝化转弱_5日_1sigma,闭仓_高位钝化转弱_5日_1sigma,2019-08-23,2019-08-26,2019-10-09,2019-10-10,729,730,756,757,4156.7432,4296.6821,0.03366551486750491,0.3621144207187119,-0.05008721291785301,27,False
000985.CSI,中证全指,price_diffusion,年价格扩散系数_季线,胜率/量,价格扩散系数_最优规则,开仓_价格下跌因子上升_20日,闭仓_高位钝化转弱_5日_1sigma,闭仓_高位钝化转弱_5日_1sigma,2020-04-01,2020-04-02,2020-08-31,2020-09-01,874,875,976,977,4269.752,5556.5008,0.30136382628311886,0.9170443398119077,-0.07761103518924806,102,False
000985.CSI,中证全指,price_diffusion,年价格扩散系数_季线,胜率/量,价格扩散系数_最优规则,开仓_价格下跌因子上升_20日,闭仓_高位钝化转弱_5日_1sigma,闭仓_高位钝化转弱_5日_1sigma,2020-11-10,2020-11-11,2020-12-10,2020-12-11,1021,1022,1043,1044,5425.8017,5371.694,-0.009972295891314986,-0.10845689338800324,-0.03472348796193703,22,False
000985.CSI,中证全指,price_diffusion,年价格扩散系数_季线,胜率/量,价格扩散系数_最优规则,开仓_价格下跌因子上升_20日,闭仓_高位钝化转弱_5日_1sigma,闭仓_高位钝化转弱_5日_1sigma,2020-12-11,2020-12-14,2021-04-27,2021-04-28,1044,1045,1134,1135,5421.8574,5548.4915,0.023356221061808125,0.06678066398187243,-0.110461171007049,90,False
000985.CSI,中证全指,price_diffusion,年价格扩散系数_季线,胜率/量,价格扩散系数_最优规则,开仓_价格下跌因子上升_20日,闭仓_高位钝化转弱_5日_1sigma,闭仓_高位钝化转弱_5日_1sigma,2021-07-27,2021-07-28,2021-09-29,2021-09-30,1195,1196,1239,1240,5481.8945,5723.4586,0.044065806082185466,0.28014638338610576,-0.057223069529192205,44,False
000985.CSI,中证全指,price_diffusion,年价格扩散系数_季线,胜率/量,价格扩散系数_最优规则,开仓_价格下跌因子上升_20日,闭仓_高位钝化转弱_5日_1sigma,闭仓_高位钝化转弱_5日_1sigma,2021-10-11,2021-10-12,2022-01-26,2022-01-27,1242,1243,1318,1319,5668.4526,5433.2418,-0.04149471056704257,-0.13109702791662203,-0.10094472058868575,76,False
000985.CSI,中证全指,price_diffusion,年价格扩散系数_季线,胜率/量,价格扩散系数_最优规则,开仓_价格下跌因子上升_20日,闭仓_高位钝化转弱_5日_1sigma,闭仓_高位钝化转弱_5日_1sigma,2022-04-13,2022-04-14,2022-08-24,2022-08-25,1366,1367,1457,1458,4993.4482,5127.5687,0.026859295346249867,0.0761590094018092,-0.12860415774414147,91,False
000985.CSI,中证全指,price_diffusion,年价格扩散系数_季线,胜率/量,价格扩散系数_最优规则,开仓_价格下跌因子上升_20日,闭仓_高位钝化转弱_5日_1sigma,闭仓_高位钝化转弱_5日_1sigma,2022-10-11,2022-10-12,2023-05-23,2023-05-24,1485,1486,1635,1636,4655.917,4833.6205,0.03816723966514002,0.06494970583806392,-0.06905620349032338,150,False
000985.CSI,中证全指,price_diffusion,年价格扩散系数_季线,胜率/量,价格扩散系数_最优规则,开仓_价格下跌因子上升_20日,闭仓_高位钝化转弱_5日_1sigma,闭仓_高位钝化转弱_5日_1sigma,2023-07-12,2023-07-13,2023-10-23,2023-10-24,1669,1670,1736,1737,4891.4325,4373.5217,-0.1058812116900314,-0.34357064363317846,-0.12887956822038038,67,False
000985.CSI,中证全指,price_diffusion,年价格扩散系数_季线,胜率/量,价格扩散系数_最优规则,开仓_价格下跌因子上升_20日,闭仓_高位钝化转弱_5日_1sigma,闭仓_高位钝化转弱_5日_1sigma,2024-01-03,2024-01-04,2024-05-24,2024-05-27,1787,1788,1878,1879,4344.002,4343.2596,-0.00017090231542249423,-0.0004731964035540326,-0.1559931372038964,91,False
000985.CSI,中证全指,price_diffusion,年价格扩散系数_季线,胜率/量,价格扩散系数_最优规则,开仓_价格下跌因子上升_20日,闭仓_高位钝化转弱_5日_1sigma,闭仓_高位钝化转弱_5日_1sigma,2024-07-11,2024-07-12,2024-11-19,2024-11-20,1911,1912,1997,1998,4036.8368,4906.8049,0.2155073744868754,0.7715747159195607,-0.11041049063339425,86,False
000985.CSI,中证全指,price_diffusion,年价格扩散系数_季线,胜率/量,价格扩散系数_最优规则,开仓_价格下跌因子上升_20日,闭仓_高位钝化转弱_5日_1sigma,闭仓_高位钝化转弱_5日_1sigma,2024-12-17,2024-12-18,2024-12-23,2024-12-24,2017,2018,2021,2022,4875.9903,4867.7269,-0.0016947121490378247,-0.10134622161863516,-0.016159091045225726,4,False
000985.CSI,中证全指,price_diffusion,年价格扩散系数_季线,胜率/量,价格扩散系数_最优规则,开仓_价格下跌因子上升_20日,闭仓_高位钝化转弱_5日_1sigma,闭仓_高位钝化转弱_5日_1sigma,2025-01-23,2025-01-24,2025-03-14,2025-03-17,2043,2044,2073,2074,4674.2252,5042.8386,0.07886085591254788,0.8919500319013753,-0.02797001626384321,30,False
000985.CSI,中证全指,price_diffusion,年价格扩散系数_季线,胜率/量,价格扩散系数_最优规则,开仓_价格下跌因子上升_20日,闭仓_高位钝化转弱_5日_1sigma,闭仓_高位钝化转弱_5日_1sigma,2025-06-18,2025-06-19,2025-09-22,2025-09-23,2136,2137,2204,2205,4772.1435,5742.3736,0.2033111745277567,0.9855061000705454,-0.046337324499100885,68,False
000985.CSI,中证全指,price_diffusion,年价格扩散系数_季线,胜率/量,价格扩散系数_最优规则,开仓_价格下跌因子上升_20日,闭仓_高位钝化转弱_5日_1sigma,闭仓_高位钝化转弱_5日_1sigma,2025-11-20,2025-11-21,2026-02-04,2026-02-05,2241,2242,2293,2294,5575.4763,6176.1306,0.10773147757797852,0.6418610799265023,-0.04224478724408709,52,False
000985.CSI,中证全指,price_diffusion,年价格扩散系数_季线,胜率/量,价格扩散系数_最优规则,开仓_价格下跌因子上升_20日,闭仓_高位钝化转弱_5日_1sigma,end,2026-04-14,2026-04-15,2026-08-25,2026-08-25,2335,2336,2426,2426,6153.959,5832.9177,-0.05216825461463104,-0.1393085262009558,-0.16532376532201565,90,True
000985.CSI,中证全指,pb_skew,pb偏度_季线,赔率/估值,pb偏度_上穿负0.5后10日内上穿MA10,开仓_上穿_-0.5sigma后10日内价格上穿MA10,闭仓_20日振幅放大向下_1sigma,闭仓_20日振幅放大向下_1sigma,2016-11-01,2016-11-02,2017-04-13,2017-04-14,41,42,150,151,4897.7383,4901.2318,0.0007132884172271758,0.001649842111676847,-0.09040314387622184,109,False
000985.CSI,中证全指,pb_skew,pb偏度_季线,赔率/估值,pb偏度_上穿负0.5后10日内上穿MA10,开仓_上穿_-0.5sigma后10日内价格上穿MA10,闭仓_20日振幅放大向下_1sigma,闭仓_20日振幅放大向下_1sigma,2017-08-25,2017-08-28,2017-11-17,2017-11-20,243,244,298,299,4944.0749,5055.0792,0.022451985911459582,0.1070879378914611,-0.025669085321575302,55,False
000985.CSI,中证全指,pb_skew,pb偏度_季线,赔率/估值,pb偏度_上穿负0.5后10日内上穿MA10,开仓_上穿_-0.5sigma后10日内价格上穿MA10,闭仓_20日振幅放大向下_1sigma,闭仓_20日振幅放大向下_1sigma,2017-12-19,2017-12-20,2018-02-01,2018-02-02,320,321,351,352,4896.1855,4874.8097,-0.004365806810219919,-0.03494239139280264,-0.05351371231333413,31,False
000985.CSI,中证全指,pb_skew,pb偏度_季线,赔率/估值,pb偏度_上穿负0.5后10日内上穿MA10,开仓_上穿_-0.5sigma后10日内价格上穿MA10,闭仓_20日振幅放大向下_1sigma,闭仓_20日振幅放大向下_1sigma,2019-01-04,2019-01-07,2019-03-21,2019-03-22,574,575,623,624,3515.1686,4499.5413,0.2800357001368299,2.559818466921225,-0.04049768027395906,49,False
000985.CSI,中证全指,pb_skew,pb偏度_季线,赔率/估值,pb偏度_上穿负0.5后10日内上穿MA10,开仓_上穿_-0.5sigma后10日内价格上穿MA10,闭仓_20日振幅放大向下_1sigma,闭仓_20日振幅放大向下_1sigma,2019-12-24,2019-12-25,2020-03-10,2020-03-11,810,811,858,859,4410.823,4637.0447,0.05128786623267367,0.30028535890938013,-0.12034169298640107,48,False
000985.CSI,中证全指,pb_skew,pb偏度_季线,赔率/估值,pb偏度_上穿负0.5后10日内上穿MA10,开仓_上穿_-0.5sigma后10日内价格上穿MA10,闭仓_20日振幅放大向下_1sigma,闭仓_20日振幅放大向下_1sigma,2020-05-19,2020-05-20,2020-09-03,2020-09-04,904,905,979,980,4499.9099,5485.2751,0.21897442879911888,0.9450995797254296,-0.07761103518924806,75,False
000985.CSI,中证全指,pb_skew,pb偏度_季线,赔率/估值,pb偏度_上穿负0.5后10日内上穿MA10,开仓_上穿_-0.5sigma后10日内价格上穿MA10,闭仓_20日振幅放大向下_1sigma,闭仓_20日振幅放大向下_1sigma,2020-11-16,2020-11-17,2021-04-27,2021-04-28,1025,1026,1134,1135,5428.0765,5548.4915,0.0221837330406085,0.052035193695912696,-0.110461171007049,109,False
000985.CSI,中证全指,pb_skew,pb偏度_季线,赔率/估值,pb偏度_上穿负0.5后10日内上穿MA10,开仓_上穿_-0.5sigma后10日内价格上穿MA10,闭仓_20日振幅放大向下_1sigma,闭仓_20日振幅放大向下_1sigma,2021-06-22,2021-06-23,2021-08-27,2021-08-30,1170,1171,1218,1219,5760.1769,5762.8429,0.00046283300778471315,0.0024322643187708604,-0.07063323357112994,48,False
000985.CSI,中证全指,pb_skew,pb偏度_季线,赔率/估值,pb偏度_上穿负0.5后10日内上穿MA10,开仓_上穿_-0.5sigma后10日内价格上穿MA10,闭仓_20日振幅放大向下_1sigma,闭仓_20日振幅放大向下_1sigma,2022-05-25,2022-05-26,2022-08-25,2022-08-26,1393,1394,1458,1459,4792.1577,5109.4449,0.06620967419331802,0.28216433173341926,-0.06672018580531924,65,False
000985.CSI,中证全指,pb_skew,pb偏度_季线,赔率/估值,pb偏度_上穿负0.5后10日内上穿MA10,开仓_上穿_-0.5sigma后10日内价格上穿MA10,闭仓_20日振幅放大向下_1sigma,闭仓_20日振幅放大向下_1sigma,2022-12-30,2023-01-03,2023-02-22,2023-02-23,1543,1544,1575,1576,4815.9173,5139.3138,0.06715158916869268,0.6683250054243024,-0.02646272016941198,32,False
000985.CSI,中证全指,pb_skew,pb偏度_季线,赔率/估值,pb偏度_上穿负0.5后10日内上穿MA10,开仓_上穿_-0.5sigma后10日内价格上穿MA10,闭仓_20日振幅放大向下_1sigma,闭仓_20日振幅放大向下_1sigma,2023-06-02,2023-06-05,2023-07-26,2023-07-27,1643,1644,1679,1680,4871.8642,4847.0737,-0.005088503903700747,-0.03508036507976475,-0.03921225395271177,36,False
000985.CSI,中证全指,pb_skew,pb偏度_季线,赔率/估值,pb偏度_上穿负0.5后10日内上穿MA10,开仓_上穿_-0.5sigma后10日内价格上穿MA10,闭仓_20日振幅放大向下_1sigma,闭仓_20日振幅放大向下_1sigma,2023-10-12,2023-10-13,2023-12-07,2023-12-08,1729,1730,1769,1770,4600.1303,4433.674,-0.03618512719085365,-0.20720695907519604,-0.059346905890904855,40,False
000985.CSI,中证全指,pb_skew,pb偏度_季线,赔率/估值,pb偏度_上穿负0.5后10日内上穿MA10,开仓_上穿_-0.5sigma后10日内价格上穿MA10,闭仓_20日振幅放大向下_1sigma,闭仓_20日振幅放大向下_1sigma,2024-06-18,2024-06-19,2024-11-19,2024-11-20,1894,1895,1997,1998,4177.5662,4906.8049,0.1745606568724154,0.4823727083731786,-0.11875996124250532,103,False
000985.CSI,中证全指,pb_skew,pb偏度_季线,赔率/估值,pb偏度_上穿负0.5后10日内上穿MA10,开仓_上穿_-0.5sigma后10日内价格上穿MA10,闭仓_20日振幅放大向下_1sigma,闭仓_20日振幅放大向下_1sigma,2025-01-14,2025-01-15,2025-03-17,2025-03-18,2036,2037,2074,2075,4604.1247,5060.9371,0.09921807721671816,0.8726252462971433,-0.02797001626384321,38,False
000985.CSI,中证全指,pb_skew,pb偏度_季线,赔率/估值,pb偏度_上穿负0.5后10日内上穿MA10,开仓_上穿_-0.5sigma后10日内价格上穿MA10,闭仓_20日振幅放大向下_1sigma,闭仓_20日振幅放大向下_1sigma,2025-04-29,2025-04-30,2025-08-29,2025-09-01,2104,2105,2188,2189,4666.796,5769.4505,0.23627655890679589,0.8895000334339276,-0.0237351439122101,84,False
000985.CSI,中证全指,pb_skew,pb偏度_季线,赔率/估值,pb偏度_上穿负0.5后10日内上穿MA10,开仓_上穿_-0.5sigma后10日内价格上穿MA10,闭仓_20日振幅放大向下_1sigma,闭仓_20日振幅放大向下_1sigma,2025-12-12,2025-12-15,2026-03-04,2026-03-05,2257,2258,2307,2308,5751.5535,6208.8106,0.07950149468313206,0.470432760137498,-0.04224478724408709,50,False
000985.CSI,中证全指,pb_skew,pb偏度_季线,赔率/估值,pb偏度_上穿负0.5后10日内上穿MA10,开仓_上穿_-0.5sigma后10日内价格上穿MA10,闭仓_20日振幅放大向下_1sigma,end,2026-06-15,2026-06-16,2026-08-25,2026-08-25,2376,2377,2426,2426,6421.2401,5832.9177,-0.09162130536124946,-0.3899396040669514,-0.15740353890473502,49,True
000985.CSI,中证全指,sentiment_entropy,情绪熵,胜率/量,情绪熵_扩散起点收涨确认_扩散终点退出,开仓_加速度转正_10日后5日内收涨确认,闭仓_加速度转负_5日,闭仓_加速度转负_5日,2016-10-18,2016-10-19,2016-12-19,2016-12-20,31,32,75,76,4886.1995,4799.1285,-0.017819779974190597,-0.09785410077406798,-0.06041052822111315,44,False
000985.CSI,中证全指,sentiment_entropy,情绪熵,胜率/量,情绪熵_扩散起点收涨确认_扩散终点退出,开仓_加速度转正_10日后5日内收涨确认,闭仓_加速度转负_5日,闭仓_加速度转负_5日,2017-01-17,2017-01-18,2017-03-10,2017-03-13,95,96,128,129,4675.0285,4933.2447,0.05523307504970276,0.5076371696661128,-0.009974182359488992,33,False
000985.CSI,中证全指,sentiment_entropy,情绪熵,胜率/量,情绪熵_扩散起点收涨确认_扩散终点退出,开仓_加速度转正_10日后5日内收涨确认,闭仓_加速度转负_5日,闭仓_加速度转负_5日,2017-04-25,2017-04-26,2017-05-05,2017-05-08,158,159,165,166,4696.7104,4573.6686,-0.026197442363063317,-0.6154500218636354,-0.030618811401681323,7,False
000985.CSI,中证全指,sentiment_entropy,情绪熵,胜率/量,情绪熵_扩散起点收涨确认_扩散终点退出,开仓_加速度转正_10日后5日内收涨确认,闭仓_加速度转负_5日,闭仓_加速度转负_5日,2017-05-16,2017-05-17,2017-06-08,2017-06-09,172,173,187,188,4622.533,4674.935,0.011336208957296812,0.2084963718569255,-0.025295373770181984,15,False
000985.CSI,中证全指,sentiment_entropy,情绪熵,胜率/量,情绪熵_扩散起点收涨确认_扩散终点退出,开仓_加速度转正_10日后5日内收涨确认,闭仓_加速度转负_5日,闭仓_加速度转负_5日,2017-06-15,2017-06-16,2017-06-20,2017-06-21,192,193,195,196,4661.4257,4725.0382,0.013646575982107834,2.1222728101841417,-0.00026022625105048824,3,False
000985.CSI,中证全指,sentiment_entropy,情绪熵,胜率/量,情绪熵_扩散起点收涨确认_扩散终点退出,开仓_加速度转正_10日后5日内收涨确认,闭仓_加速度转负_5日,闭仓_加速度转负_5日,2017-06-23,2017-06-26,2017-07-07,2017-07-10,198,199,208,209,4768.786,4794.9354,0.005483450085619346,0.14775224692757094,-0.006855372774737911,10,False
000985.CSI,中证全指,sentiment_entropy,情绪熵,胜率/量,情绪熵_扩散起点收涨确认_扩散终点退出,开仓_加速度转正_10日后5日内收涨确认,闭仓_加速度转负_5日,闭仓_加速度转负_5日,2017-08-16,2017-08-17,2017-08-28,2017-08-29,236,237,244,245,4852.5587,4934.6464,0.016916374447979443,0.6962313022754991,-0.01050361944655609,8,False
000985.CSI,中证全指,sentiment_entropy,情绪熵,胜率/量,情绪熵_扩散起点收涨确认_扩散终点退出,开仓_加速度转正_10日后5日内收涨确认,闭仓_加速度转负_5日,闭仓_加速度转负_5日,2017-08-30,2017-08-31,2017-09-08,2017-09-11,246,247,253,254,4947.9159,5018.1863,0.014202019884776096,0.6614258430883988,-0.005024411901623949,7,False
000985.CSI,中证全指,sentiment_entropy,情绪熵,胜率/量,情绪熵_扩散起点收涨确认_扩散终点退出,开仓_加速度转正_10日后5日内收涨确认,闭仓_加速度转负_5日,闭仓_加速度转负_5日,2017-10-20,2017-10-23,2017-10-25,2017-10-26,278,279,281,282,5054.8998,5109.7816,0.010857148938936412,1.4770917577637475,0.0,3,False
000985.CSI,中证全指,sentiment_entropy,情绪熵,胜率/量,情绪熵_扩散起点收涨确认_扩散终点退出,开仓_加速度转正_10日后5日内收涨确认,闭仓_加速度转负_5日,闭仓_加速度转负_5日,2017-11-06,2017-11-07,2017-11-15,2017-11-16,289,290,296,297,5081.4051,5100.8378,0.003824276871765342,0.14730003341127418,-0.014956572091901266,7,False
000985.CSI,中证全指,sentiment_entropy,情绪熵,胜率/量,情绪熵_扩散起点收涨确认_扩散终点退出,开仓_加速度转正_10日后5日内收涨确认,闭仓_加速度转负_5日,闭仓_加速度转负_5日,2017-11-24,2017-11-27,2017-12-15,2017-12-18,303,304,318,319,4912.6597,4876.228,-0.007415881055225615,-0.11754815554525377,-0.022673821694204066,15,False
000985.CSI,中证全指,sentiment_entropy,情绪熵,胜率/量,情绪熵_扩散起点收涨确认_扩散终点退出,开仓_加速度转正_10日后5日内收涨确认,闭仓_加速度转负_5日,闭仓_加速度转负_5日,2017-12-29,2018-01-02,2018-01-26,2018-01-29,328,329,347,348,4959.1034,5048.6675,0.018060542960245618,0.2679512641776458,-0.017671538706309886,19,False
000985.CSI,中证全指,sentiment_entropy,情绪熵,胜率/量,情绪熵_扩散起点收涨确认_扩散终点退出,开仓_加速度转正_10日后5日内收涨确认,闭仓_加速度转负_5日,闭仓_加速度转负_5日,2018-02-08,2018-02-09,2018-02-13,2018-02-14,356,357,359,360,4457.4559,4600.6075,0.032115090583397565,13.228618856958233,0.0,3,False
000985.CSI,中证全指,sentiment_entropy,情绪熵,胜率/量,情绪熵_扩散起点收涨确认_扩散终点退出,开仓_加速度转正_10日后5日内收涨确认,闭仓_加速度转负_5日,闭仓_加速度转负_5日,2018-03-06,2018-03-07,2018-03-21,2018-03-22,369,370,380,381,4781.9626,4796.0952,0.0029553974345177814,0.0699432577223491,-0.02586298681459831,11,False
000985.CSI,中证全指,sentiment_entropy,情绪熵,胜率/量,情绪熵_扩散起点收涨确认_扩散终点退出,开仓_加速度转正_10日后5日内收涨确认,闭仓_加速度转负_5日,闭仓_加速度转负_5日,2018-03-26,2018-03-27,2018-03-30,2018-04-02,383,384,387,388,4703.1006,4732.8294,0.006321106548305533,0.48732077717091893,-0.012726200243303398,4,False
000985.CSI,中证全指,sentiment_entropy,情绪熵,胜率/量,情绪熵_扩散起点收涨确认_扩散终点退出,开仓_加速度转正_10日后5日内收涨确认,闭仓_加速度转负_5日,闭仓_加速度转负_5日,2018-04-02,2018-04-03,2018-04-09,2018-04-10,388,389,391,392,4695.6849,4728.0297,0.006888196437542016,0.7800203918913409,-0.00406153743408133,3,False
000985.CSI,中证全指,sentiment_entropy,情绪熵,胜率/量,情绪熵_扩散起点收涨确认_扩散终点退出,开仓_加速度转正_10日后5日内收涨确认,闭仓_加速度转负_5日,闭仓_加速度转负_5日,2018-04-18,2018-04-19,2018-04-23,2018-04-24,398,399,401,402,4634.6593,4632.3987,-0.0004877596935767281,-0.04015341032376751,-0.021028298671274426,3,False
000985.CSI,中证全指,sentiment_entropy,情绪熵,胜率/量,情绪熵_扩散起点收涨确认_扩散终点退出,开仓_加速度转正_10日后5日内收涨确认,闭仓_加速度转负_5日,闭仓_加速度转负_5日,2018-05-07,2018-05-08,2018-05-14,2018-05-15,409,410,414,415,4685.0942,4707.8908,0.0048657719624933815,0.27716171627514474,-0.007408906274613991,5,False
000985.CSI,中证全指,sentiment_entropy,情绪熵,胜率/量,情绪熵_扩散起点收涨确认_扩散终点退出,开仓_加速度转正_10日后5日内收涨确认,闭仓_加速度转负_5日,闭仓_加速度转负_5日,2018-05-31,2018-06-01,2018-06-11,2018-06-12,427,428,434,435,4488.9226,4515.1243,0.005836968541181875,0.23308601174186094,-0.020983512045654074,7,False
000985.CSI,中证全指,sentiment_entropy,情绪熵,胜率/量,情绪熵_扩散起点收涨确认_扩散终点退出,开仓_加速度转正_10日后5日内收涨确认,闭仓_加速度转负_5日,闭仓_加速度转负_5日,2018-06-12,2018-06-13,2018-06-14,2018-06-15,435,436,437,438,4457.3582,4380.6603,-0.017207030837234516,-0.8877420378787547,-0.017207030837234516,2,False
000985.CSI,中证全指,sentiment_entropy,情绪熵,胜率/量,情绪熵_扩散起点收涨确认_扩散终点退出,开仓_加速度转正_10日后5日内收涨确认,闭仓_加速度转负_5日,闭仓_加速度转负_5日,2018-07-20,2018-07-23,2018-08-08,2018-08-09,462,463,475,476,4130.1165,3963.8034,-0.040268379838680146,-0.5492032151468824,-0.08788322078512234,13,False
000985.CSI,中证全指,sentiment_entropy,情绪熵,胜率/量,情绪熵_扩散起点收涨确认_扩散终点退出,开仓_加速度转正_10日后5日内收涨确认,闭仓_加速度转负_5日,闭仓_加速度转负_5日,2018-09-28,2018-10-08,2018-10-18,2018-10-19,511,512,520,521,3743.299,3454.3431,-0.07719284513473279,-0.894535405538287,-0.10100878930590373,9,False
000985.CSI,中证全指,sentiment_entropy,情绪熵,胜率/量,情绪熵_扩散起点收涨确认_扩散终点退出,开仓_加速度转正_10日后5日内收涨确认,闭仓_加速度转负_5日,闭仓_加速度转负_5日,2018-11-21,2018-11-22,2018-11-30,2018-12-03,544,545,551,552,3705.2598,3713.2308,0.0021512661541303046,0.08043355219396386,-0.03537309313641113,7,False
000985.CSI,中证全指,sentiment_entropy,情绪熵,胜率/量,情绪熵_扩散起点收涨确认_扩散终点退出,开仓_加速度转正_10日后5日内收涨确认,闭仓_加速度转负_5日,闭仓_加速度转负_5日,2019-01-15,2019-01-16,2019-02-20,2019-02-21,581,582,602,603,3578.3367,3880.6117,0.08447360473373,1.6462314884675764,-0.026213767654341136,21,False
000985.CSI,中证全指,sentiment_entropy,情绪熵,胜率/量,情绪熵_扩散起点收涨确认_扩散终点退出,开仓_加速度转正_10日后5日内收涨确认,闭仓_加速度转负_5日,闭仓_加速度转负_5日,2019-03-06,2019-03-07,2019-03-11,2019-03-12,612,613,615,616,4429.1006,4439.9474,0.002448984789372499,0.22809383135034667,-0.04049768027395906,3,False
000985.CSI,中证全指,sentiment_entropy,情绪熵,胜率/量,情绪熵_扩散起点收涨确认_扩散终点退出,开仓_加速度转正_10日后5日内收涨确认,闭仓_加速度转负_5日,闭仓_加速度转负_5日,2019-04-10,2019-04-11,2019-04-17,2019-04-18,636,637,641,642,4639.4026,4711.3226,0.015501995881969766,1.1712577321100213,-0.007778048837580931,5,False
000985.CSI,中证全指,sentiment_entropy,情绪熵,胜率/量,情绪熵_扩散起点收涨确认_扩散终点退出,开仓_加速度转正_10日后5日内收涨确认,闭仓_加速度转负_5日,闭仓_加速度转负_5日,2019-05-07,2019-05-08,2019-05-13,2019-05-14,652,653,656,657,4135.5531,4144.9588,0.0022743511623632973,0.15386990833925362,-0.01918228757643481,4,False
000985.CSI,中证全指,sentiment_entropy,情绪熵,胜率/量,情绪熵_扩散起点收涨确认_扩散终点退出,开仓_加速度转正_10日后5日内收涨确认,闭仓_加速度转负_5日,闭仓_加速度转负_5日,2019-05-27,2019-05-28,2019-05-30,2019-05-31,666,667,669,670,4159.7503,4123.5126,-0.008711508476842877,-0.5204814700839162,-0.008763384718343925,3,False
000985.CSI,中证全指,sentiment_entropy,情绪熵,胜率/量,情绪熵_扩散起点收涨确认_扩散终点退出,开仓_加速度转正_10日后5日内收涨确认,闭仓_加速度转负_5日,闭仓_加速度转负_5日,2019-06-13,2019-06-14,2019-07-02,2019-07-03,678,679,691,692,4086.1272,4320.9568,0.05746996814000305,1.9541100328845342,-0.01174386275976358,13,False
000985.CSI,中证全指,sentiment_entropy,情绪熵,胜率/量,情绪熵_扩散起点收涨确认_扩散终点退出,开仓_加速度转正_10日后5日内收涨确认,闭仓_加速度转负_5日,闭仓_加速度转负_5日,2019-07-30,2019-07-31,2019-07-31,2019-08-01,711,712,712,713,4214.7186,4186.1292,-0.0067832286596783975,-0.8200718203681425,-0.0067832286596783975,1,False
000985.CSI,中证全指,sentiment_entropy,情绪熵,胜率/量,情绪熵_扩散起点收涨确认_扩散终点退出,开仓_加速度转正_10日后5日内收涨确认,闭仓_加速度转负_5日,闭仓_加速度转负_5日,2019-08-08,2019-08-09,2019-09-17,2019-09-18,718,719,745,746,3971.5278,4358.2475,0.09737303110405038,1.3803453623156936,-0.020377006479762372,27,False
000985.CSI,中证全指,sentiment_entropy,情绪熵,胜率/量,情绪熵_扩散起点收涨确认_扩散终点退出,开仓_加速度转正_10日后5日内收涨确认,闭仓_加速度转负_5日,闭仓_加速度转负_5日,2019-10-22,2019-10-23,2019-11-07,2019-11-08,765,766,777,778,4263.3019,4329.0099,0.01541246703640664,0.3787715611430984,-0.02131185279533132,12,False
000985.CSI,中证全指,sentiment_entropy,情绪熵,胜率/量,情绪熵_扩散起点收涨确认_扩散终点退出,开仓_加速度转正_10日后5日内收涨确认,闭仓_加速度转负_5日,闭仓_加速度转负_5日,2019-12-02,2019-12-03,2020-01-17,2020-01-20,794,795,827,828,4213.9919,4684.6292,0.11168443394492522,1.2445621880718098,-0.022725886579533006,33,False
000985.CSI,中证全指,sentiment_entropy,情绪熵,胜率/量,情绪熵_扩散起点收涨确认_扩散终点退出,开仓_加速度转正_10日后5日内收涨确认,闭仓_加速度转负_5日,闭仓_加速度转负_5日,2020-02-10,2020-02-11,2020-02-17,2020-02-18,837,838,842,843,4442.5754,4640.6236,0.04457959227883901,8.0085202301337,-0.007550191401274553,5,False
000985.CSI,中证全指,sentiment_entropy,情绪熵,胜率/量,情绪熵_扩散起点收涨确认_扩散终点退出,开仓_加速度转正_10日后5日内收涨确认,闭仓_加速度转负_5日,闭仓_加速度转负_5日,2020-02-25,2020-02-26,2020-03-06,2020-03-09,848,849,856,857,4694.3945,4592.9777,-0.021603808542294378,-0.4974089684038109,-0.045624463018298145,8,False
000985.CSI,中证全指,sentiment_entropy,情绪熵,胜率/量,情绪熵_扩散起点收涨确认_扩散终点退出,开仓_加速度转正_10日后5日内收涨确认,闭仓_加速度转负_5日,闭仓_加速度转负_5日,2020-03-10,2020-03-11,2020-03-16,2020-03-17,858,859,862,863,4637.0447,4283.7656,-0.07618626147813512,-0.9932108055955763,-0.07618626147813512,4,False
000985.CSI,中证全指,sentiment_entropy,情绪熵,胜率/量,情绪熵_扩散起点收涨确认_扩散终点退出,开仓_加速度转正_10日后5日内收涨确认,闭仓_加速度转负_5日,闭仓_加速度转负_5日,2020-04-07,2020-04-08,2020-05-18,2020-05-19,877,878,903,904,4357.0256,4533.7716,0.040565747421819065,0.47021740496232534,-0.02163972883741494,26,False
000985.CSI,中证全指,sentiment_entropy,情绪熵,胜率/量,情绪熵_扩散起点收涨确认_扩散终点退出,开仓_加速度转正_10日后5日内收涨确认,闭仓_加速度转负_5日,闭仓_加速度转负_5日,2020-06-08,2020-06-09,2020-07-23,2020-07-24,918,919,949,950,4627.4363,5169.0744,0.11704928277456794,1.45913037504629,-0.07761103518924806,31,False
000985.CSI,中证全指,sentiment_entropy,情绪熵,胜率/量,情绪熵_扩散起点收涨确认_扩散终点退出,开仓_加速度转正_10日后5日内收涨确认,闭仓_加速度转负_5日,闭仓_加速度转负_5日,2020-09-29,2020-09-30,2020-11-20,2020-11-23,997,998,1029,1030,5189.3574,5539.2848,0.06743174019966336,0.6717771523555471,-0.047007129370952305,32,False
000985.CSI,中证全指,sentiment_entropy,情绪熵,胜率/量,情绪熵_扩散起点收涨确认_扩散终点退出,开仓_加速度转正_10日后5日内收涨确认,闭仓_加速度转负_5日,闭仓_加速度转负_5日,2020-12-30,2020-12-31,2021-01-20,2021-01-21,1057,1058,1071,1072,5621.7288,5884.7249,0.04678206817803088,1.2772616833999906,-0.019791082864206166,14,False
000985.CSI,中证全指,sentiment_entropy,情绪熵,胜率/量,情绪熵_扩散起点收涨确认_扩散终点退出,开仓_加速度转正_10日后5日内收涨确认,闭仓_加速度转负_5日,闭仓_加速度转负_5日,2021-03-26,2021-03-29,2021-08-12,2021-08-13,1113,1114,1207,1208,5436.1515,5804.7324,0.06780180795182034,0.19228256801717625,-0.07063323357112994,94,False
000985.CSI,中证全指,sentiment_entropy,情绪熵,胜率/量,情绪熵_扩散起点收涨确认_扩散终点退出,开仓_加速度转正_10日后5日内收涨确认,闭仓_加速度转负_5日,闭仓_加速度转负_5日,2021-08-23,2021-08-24,2021-09-30,2021-10-08,1214,1215,1240,1241,5786.1531,5769.2936,-0.002913766661307382,-0.027886145521402672,-0.057223069529192205,26,False
000985.CSI,中证全指,sentiment_entropy,情绪熵,胜率/量,情绪熵_扩散起点收涨确认_扩散终点退出,开仓_加速度转正_10日后5日内收涨确认,闭仓_加速度转负_5日,闭仓_加速度转负_5日,2021-10-29,2021-11-01,2021-11-26,2021-11-29,1256,1257,1276,1277,5752.862,5887.0026,0.02331719412007449,0.3369938790873599,-0.011260725531048732,20,False
000985.CSI,中证全指,sentiment_entropy,情绪熵,胜率/量,情绪熵_扩散起点收涨确认_扩散终点退出,开仓_加速度转正_10日后5日内收涨确认,闭仓_加速度转负_5日,闭仓_加速度转负_5日,2021-12-01,2021-12-02,2021-12-16,2021-12-17,1279,1280,1290,1291,5887.001,5951.286,0.010919821484657533,0.28249471485523725,-0.015222348913931483,11,False
000985.CSI,中证全指,sentiment_entropy,情绪熵,胜率/量,情绪熵_扩散起点收涨确认_扩散终点退出,开仓_加速度转正_10日后5日内收涨确认,闭仓_加速度转负_5日,闭仓_加速度转负_5日,2021-12-30,2021-12-31,2022-01-11,2022-01-12,1300,1301,1307,1308,5969.8001,5857.3065,-0.01884378004549947,-0.4958337040510755,-0.030538359232497703,7,False
000985.CSI,中证全指,sentiment_entropy,情绪熵,胜率/量,情绪熵_扩散起点收涨确认_扩散终点退出,开仓_加速度转正_10日后5日内收涨确认,闭仓_加速度转负_5日,闭仓_加速度转负_5日,2022-01-12,2022-01-13,2022-01-19,2022-01-20,1308,1309,1313,1314,5768.851,5756.5159,-0.002138224752207929,-0.10226639336127585,-0.011473351411194432,5,False
000985.CSI,中证全指,sentiment_entropy,情绪熵,胜率/量,情绪熵_扩散起点收涨确认_扩散终点退出,开仓_加速度转正_10日后5日内收涨确认,闭仓_加速度转负_5日,闭仓_加速度转负_5日,2022-02-09,2022-02-10,2022-03-22,2022-03-23,1323,1324,1352,1353,5544.2881,5216.8666,-0.05905564323037249,-0.4107768907180064,-0.13341038896735935,29,False
000985.CSI,中证全指,sentiment_entropy,情绪熵,胜率/量,情绪熵_扩散起点收涨确认_扩散终点退出,开仓_加速度转正_10日后5日内收涨确认,闭仓_加速度转负_5日,闭仓_加速度转负_5日,2022-04-27,2022-04-28,2022-06-21,2022-06-22,1376,1377,1411,1412,4501.3632,5111.0577,0.1354466353659265,1.4957463207288129,-0.03171199515779288,35,False
000985.CSI,中证全指,sentiment_entropy,情绪熵,胜率/量,情绪熵_扩散起点收涨确认_扩散终点退出,开仓_加速度转正_10日后5日内收涨确认,闭仓_加速度转负_5日,闭仓_加速度转负_5日,2022-08-04,2022-08-05,2022-08-12,2022-08-15,1443,1444,1449,1450,5142.2675,5241.7281,0.019341778699766277,1.2357983494243032,-0.005011259869999285,6,False
000985.CSI,中证全指,sentiment_entropy,情绪熵,胜率/量,情绪熵_扩散起点收涨确认_扩散终点退出,开仓_加速度转正_10日后5日内收涨确认,闭仓_加速度转负_5日,闭仓_加速度转负_5日,2022-08-29,2022-08-30,2022-09-05,2022-09-06,1460,1461,1465,1466,5089.0978,5066.941,-0.004353777598850583,-0.19740853672789205,-0.02071044891296825,5,False
000985.CSI,中证全指,sentiment_entropy,情绪熵,胜率/量,情绪熵_扩散起点收涨确认_扩散终点退出,开仓_加速度转正_10日后5日内收涨确认,闭仓_加速度转负_5日,闭仓_加速度转负_5日,2022-11-04,2022-11-07,2022-11-30,2022-12-01,1503,1504,1521,1522,4820.802,4902.4146,0.016929257828884214,0.2649413656763777,-0.03304872826741412,18,False
000985.CSI,中证全指,sentiment_entropy,情绪熵,胜率/量,情绪熵_扩散起点收涨确认_扩散终点退出,开仓_加速度转正_10日后5日内收涨确认,闭仓_加速度转负_5日,闭仓_加速度转负_5日,2023-01-13,2023-01-16,2023-02-28,2023-03-01,1552,1553,1579,1580,5023.4292,5169.9491,0.02916730666772427,0.3077834240633355,-0.02646272016941198,27,False
000985.CSI,中证全指,sentiment_entropy,情绪熵,胜率/量,情绪熵_扩散起点收涨确认_扩散终点退出,开仓_加速度转正_10日后5日内收涨确认,闭仓_加速度转负_5日,闭仓_加速度转负_5日,2023-03-22,2023-03-23,2023-03-31,2023-04-03,1595,1596,1602,1603,5065.6766,5128.9823,0.012496988062759451,0.5637763429790921,-0.008653355407646668,7,False
000985.CSI,中证全指,sentiment_entropy,情绪熵,胜率/量,情绪熵_扩散起点收涨确认_扩散终点退出,开仓_加速度转正_10日后5日内收涨确认,闭仓_加速度转负_5日,闭仓_加速度转负_5日,2023-06-02,2023-06-05,2023-06-13,2023-06-14,1643,1644,1650,1651,4871.8642,4870.5082,-0.00027833288128187306,-0.009971331736070455,-0.015824537966390828,7,False
000985.CSI,中证全指,sentiment_entropy,情绪熵,胜率/量,情绪熵_扩散起点收涨确认_扩散终点退出,开仓_加速度转正_10日后5日内收涨确认,闭仓_加速度转负_5日,闭仓_加速度转负_5日,2023-06-14,2023-06-15,2023-08-21,2023-08-22,1651,1652,1697,1698,4921.7208,4661.3975,-0.052892740278969064,-0.2574794594104113,-0.06789378512538713,46,False
000985.CSI,中证全指,sentiment_entropy,情绪熵,胜率/量,情绪熵_扩散起点收涨确认_扩散终点退出,开仓_加速度转正_10日后5日内收涨确认,闭仓_加速度转负_5日,闭仓_加速度转负_5日,2023-09-01,2023-09-04,2023-09-14,2023-09-15,1706,1707,1715,1716,4759.8751,4625.1348,-0.02830752848956064,-0.552485139364569,-0.02830752848956064,9,False
000985.CSI,中证全指,sentiment_entropy,情绪熵,胜率/量,情绪熵_扩散起点收涨确认_扩散终点退出,开仓_加速度转正_10日后5日内收涨确认,闭仓_加速度转负_5日,闭仓_加速度转负_5日,2023-10-11,2023-10-12,2023-11-16,2023-11-17,1728,1729,1754,1755,4634.9241,4602.6081,-0.006972282458735379,-0.06556591763657615,-0.06640827192833643,26,False
000985.CSI,中证全指,sentiment_entropy,情绪熵,胜率/量,情绪熵_扩散起点收涨确认_扩散终点退出,开仓_加速度转正_10日后5日内收涨确认,闭仓_加速度转负_5日,闭仓_加速度转负_5日,2023-12-06,2023-12-07,2023-12-26,2023-12-27,1768,1769,1782,1783,4437.8852,4292.6726,-0.03272112581911757,-0.4505468743071165,-0.04749681022732877,14,False
000985.CSI,中证全指,sentiment_entropy,情绪熵,胜率/量,情绪熵_扩散起点收涨确认_扩散终点退出,开仓_加速度转正_10日后5日内收涨确认,闭仓_加速度转负_5日,闭仓_加速度转负_5日,2024-01-11,2024-01-12,2024-01-15,2024-01-16,1793,1794,1795,1796,4230.0851,4228.4192,-0.00039382186424574694,-0.0484198196559521,-0.0015898970921413014,2,False
000985.CSI,中证全指,sentiment_entropy,情绪熵,胜率/量,情绪熵_扩散起点收涨确认_扩散终点退出,开仓_加速度转正_10日后5日内收涨确认,闭仓_加速度转负_5日,闭仓_加速度转负_5日,2024-02-06,2024-02-07,2024-05-30,2024-05-31,1811,1812,1882,1883,3895.0043,4288.1103,0.10092569089076497,0.40673248239849324,-0.0686613134866697,71,False
000985.CSI,中证全指,sentiment_entropy,情绪熵,胜率/量,情绪熵_扩散起点收涨确认_扩散终点退出,开仓_加速度转正_10日后5日内收涨确认,闭仓_加速度转负_5日,闭仓_加速度转负_5日,2024-07-09,2024-07-10,2024-07-25,2024-07-26,1909,1910,1921,1922,3969.7877,3927.6244,-0.01062104656125562,-0.2008726040268657,-0.037506065517458165,12,False
000985.CSI,中证全指,sentiment_entropy,情绪熵,胜率/量,情绪熵_扩散起点收涨确认_扩散终点退出,开仓_加速度转正_10日后5日内收涨确认,闭仓_加速度转负_5日,闭仓_加速度转负_5日,2024-08-13,2024-08-14,2024-08-16,2024-08-19,1934,1935,1937,1938,3858.533,3892.4364,0.008786603613342159,1.085171254858437,-0.0019942190424024897,3,False
000985.CSI,中证全指,sentiment_entropy,情绪熵,胜率/量,情绪熵_扩散起点收涨确认_扩散终点退出,开仓_加速度转正_10日后5日内收涨确认,闭仓_加速度转负_5日,闭仓_加速度转负_5日,2024-09-10,2024-09-11,2024-10-30,2024-10-31,1954,1955,1983,1984,3723.9344,4794.141,0.2873859969176684,7.9811401942307025,-0.11041049063339425,29,False
000985.CSI,中证全指,sentiment_entropy,情绪熵,胜率/量,情绪熵_扩散起点收涨确认_扩散终点退出,开仓_加速度转正_10日后5日内收涨确认,闭仓_加速度转负_5日,闭仓_加速度转负_5日,2024-12-24,2024-12-25,2024-12-30,2024-12-31,2022,2023,2026,2027,4829.7585,4750.6735,-0.01637452473037726,-0.6465927992117164,-0.023335437764213318,4,False
000985.CSI,中证全指,sentiment_entropy,情绪熵,胜率/量,情绪熵_扩散起点收涨确认_扩散终点退出,开仓_加速度转正_10日后5日内收涨确认,闭仓_加速度转负_5日,闭仓_加速度转负_5日,2025-01-14,2025-01-15,2025-01-21,2025-01-22,2036,2037,2041,2042,4604.1247,4627.9754,0.0051802897519261926,0.297465411354783,-0.009223073262070391,5,False
000985.CSI,中证全指,sentiment_entropy,情绪熵,胜率/量,情绪熵_扩散起点收涨确认_扩散终点退出,开仓_加速度转正_10日后5日内收涨确认,闭仓_加速度转负_5日,闭仓_加速度转负_5日,2025-02-10,2025-02-11,2025-03-13,2025-03-14,2049,2050,2072,2073,4819.451,5037.2472,0.04519108089282353,0.6229982439001782,-0.02797001626384321,23,False
000985.CSI,中证全指,sentiment_entropy,情绪熵,胜率/量,情绪熵_扩散起点收涨确认_扩散终点退出,开仓_加速度转正_10日后5日内收涨确认,闭仓_加速度转负_5日,闭仓_加速度转负_5日,2025-06-09,2025-06-10,2025-06-20,2025-06-23,2129,2130,2138,2139,4836.6673,4794.1406,-0.0087925625978037,-0.21907836021868543,-0.023431973230343184,9,False
000985.CSI,中证全指,sentiment_entropy,情绪熵,胜率/量,情绪熵_扩散起点收涨确认_扩散终点退出,开仓_加速度转正_10日后5日内收涨确认,闭仓_加速度转负_5日,闭仓_加速度转负_5日,2025-06-24,2025-06-25,2025-07-07,2025-07-08,2140,2141,2149,2150,4933.5941,5018.7943,0.017269397983105117,0.6151298392757196,-0.0040396716057368165,9,False
000985.CSI,中证全指,sentiment_entropy,情绪熵,胜率/量,情绪熵_扩散起点收涨确认_扩散终点退出,开仓_加速度转正_10日后5日内收涨确认,闭仓_加速度转负_5日,闭仓_加速度转负_5日,2025-07-08,2025-07-09,2025-07-28,2025-07-29,2150,2151,2164,2165,5008.498,5262.3192,0.050678107488512536,1.4347495639281789,-0.002852417743556823,14,False
000985.CSI,中证全指,sentiment_entropy,情绪熵,胜率/量,情绪熵_扩散起点收涨确认_扩散终点退出,开仓_加速度转正_10日后5日内收涨确认,闭仓_加速度转负_5日,闭仓_加速度转负_5日,2025-08-28,2025-08-29,2025-09-30,2025-10-09,2187,2188,2210,2211,5723.9513,5952.8519,0.03998996287756684,0.5366686415576127,-0.046337324499100885,23,False
000985.CSI,中证全指,sentiment_entropy,情绪熵,胜率/量,情绪熵_扩散起点收涨确认_扩散终点退出,开仓_加速度转正_10日后5日内收涨确认,闭仓_加速度转负_5日,闭仓_加速度转负_5日,2025-10-09,2025-10-10,2025-10-16,2025-10-17,2211,2212,2216,2217,5855.6487,5652.4627,-0.034699144434672036,-0.8313448403127494,-0.034699144434672036,5,False
000985.CSI,中证全指,sentiment_entropy,情绪熵,胜率/量,情绪熵_扩散起点收涨确认_扩散终点退出,开仓_加速度转正_10日后5日内收涨确认,闭仓_加速度转负_5日,闭仓_加速度转负_5日,2025-12-22,2025-12-23,2026-01-21,2026-01-22,2263,2264,2283,2284,5831.4676,6298.0605,0.08001294562624328,1.6375755678682724,-0.014237840164192828,20,False
000985.CSI,中证全指,sentiment_entropy,情绪熵,胜率/量,情绪熵_扩散起点收涨确认_扩散终点退出,开仓_加速度转正_10日后5日内收涨确认,闭仓_加速度转负_5日,闭仓_加速度转负_5日,2026-03-18,2026-03-19,2026-05-18,2026-05-19,2317,2318,2356,2357,6039.1833,6526.0258,0.0806139631496201,0.6503030990487477,-0.05228698721563896,39,False
000985.CSI,中证全指,sentiment_entropy,情绪熵,胜率/量,情绪熵_扩散起点收涨确认_扩散终点退出,开仓_加速度转正_10日后5日内收涨确认,闭仓_加速度转负_5日,闭仓_加速度转负_5日,2026-06-29,2026-06-30,2026-07-08,2026-07-09,2385,2386,2392,2393,6551.6166,6304.4262,-0.03772968033569002,-0.7495648634224441,-0.061874388128641655,7,False
000985.CSI,中证全指,sentiment_entropy,情绪熵,胜率/量,情绪熵_扩散起点收涨确认_扩散终点退出,开仓_加速度转正_10日后5日内收涨确认,闭仓_加速度转负_5日,end,2026-07-21,2026-07-22,2026-08-25,2026-08-25,2401,2402,2426,2426,5790.7622,5832.9177,0.007279784343415141,0.07913614295816385,-0.04812717250610066,24,True
000985.CSI,中证全指,turnover_diffusion,季换手扩散系数_季线,胜率/量,换手扩散系数_季线加速度转正后3日收涨确认,开仓_加速度转正_5日后3日内收涨确认,闭仓_10日振幅放大向下_1sigma,闭仓_10日振幅放大向下_1sigma,2016-10-10,2016-10-11,2016-12-06,2016-12-07,25,26,66,67,4864.4438,5018.4281,0.031655068149826215,0.21112162086018516,-0.025453511013976082,41,False
000985.CSI,中证全指,turnover_diffusion,季换手扩散系数_季线,胜率/量,换手扩散系数_季线加速度转正后3日收涨确认,开仓_加速度转正_5日后3日内收涨确认,闭仓_10日振幅放大向下_1sigma,闭仓_10日振幅放大向下_1sigma,2017-01-17,2017-01-18,2017-04-24,2017-04-25,95,96,157,158,4675.0285,4686.4054,0.002433546661800845,0.009928133945326767,-0.06062440767646271,62,False
000985.CSI,中证全指,turnover_diffusion,季换手扩散系数_季线,胜率/量,换手扩散系数_季线加速度转正后3日收涨确认,开仓_加速度转正_5日后3日内收涨确认,闭仓_10日振幅放大向下_1sigma,闭仓_10日振幅放大向下_1sigma,2017-05-16,2017-05-17,2017-07-26,2017-07-27,172,173,221,222,4622.533,4780.1472,0.03409693343454778,0.18819146889114324,-0.035493618366553625,49,False
000985.CSI,中证全指,turnover_diffusion,季换手扩散系数_季线,胜率/量,换手扩散系数_季线加速度转正后3日收涨确认,开仓_加速度转正_5日后3日内收涨确认,闭仓_10日振幅放大向下_1sigma,闭仓_10日振幅放大向下_1sigma,2017-08-07,2017-08-08,2017-09-18,2017-09-19,229,230,259,260,4826.8176,5018.5388,0.039720001020962625,0.3870679847072316,-0.023806247323096996,30,False
000985.CSI,中证全指,turnover_diffusion,季换手扩散系数_季线,胜率/量,换手扩散系数_季线加速度转正后3日收涨确认,开仓_加速度转正_5日后3日内收涨确认,闭仓_10日振幅放大向下_1sigma,闭仓_10日振幅放大向下_1sigma,2017-11-06,2017-11-07,2017-11-29,2017-11-30,289,290,306,307,5081.4051,4913.7,-0.03300368632290307,-0.3919428938443875,-0.04782791459558611,17,False
000985.CSI,中证全指,turnover_diffusion,季换手扩散系数_季线,胜率/量,换手扩散系数_季线加速度转正后3日收涨确认,开仓_加速度转正_5日后3日内收涨确认,闭仓_10日振幅放大向下_1sigma,闭仓_10日振幅放大向下_1sigma,2017-12-19,2017-12-20,2018-01-22,2018-01-23,320,321,343,344,4896.1855,5121.1896,0.04595497862570763,0.6360422506543453,-0.015674027326963103,23,False
000985.CSI,中证全指,turnover_diffusion,季换手扩散系数_季线,胜率/量,换手扩散系数_季线加速度转正后3日收涨确认,开仓_加速度转正_5日后3日内收涨确认,闭仓_10日振幅放大向下_1sigma,闭仓_10日振幅放大向下_1sigma,2018-01-26,2018-01-29,2018-03-19,2018-03-20,347,348,378,379,5048.6675,4851.732,-0.039007421265115916,-0.2763466154016001,-0.11710250278910217,31,False
000985.CSI,中证全指,turnover_diffusion,季换手扩散系数_季线,胜率/量,换手扩散系数_季线加速度转正后3日收涨确认,开仓_加速度转正_5日后3日内收涨确认,闭仓_10日振幅放大向下_1sigma,闭仓_10日振幅放大向下_1sigma,2018-03-29,2018-03-30,2018-05-17,2018-05-18,386,387,417,418,4731.0301,4685.8993,-0.009539317874980302,-0.07495940604590445,-0.04429057389829061,31,False
000985.CSI,中证全指,turnover_diffusion,季换手扩散系数_季线,胜率/量,换手扩散系数_季线加速度转正后3日收涨确认,开仓_加速度转正_5日后3日内收涨确认,闭仓_10日振幅放大向下_1sigma,闭仓_10日振幅放大向下_1sigma,2018-07-12,2018-07-13,2018-08-24,2018-08-27,456,457,487,488,4105.06,3942.5993,-0.0395757187471073,-0.27981805666407855,-0.09815949853163708,31,False
000985.CSI,中证全指,turnover_diffusion,季换手扩散系数_季线,胜率/量,换手扩散系数_季线加速度转正后3日收涨确认,开仓_加速度转正_5日后3日内收涨确认,闭仓_10日振幅放大向下_1sigma,闭仓_10日振幅放大向下_1sigma,2018-10-12,2018-10-15,2018-11-26,2018-11-27,516,517,547,548,3485.7093,3593.5955,0.03095100328647593,0.2811864509484847,-0.05435201286526958,31,False
000985.CSI,中证全指,turnover_diffusion,季换手扩散系数_季线,胜率/量,换手扩散系数_季线加速度转正后3日收涨确认,开仓_加速度转正_5日后3日内收涨确认,闭仓_10日振幅放大向下_1sigma,闭仓_10日振幅放大向下_1sigma,2018-12-11,2018-12-12,2018-12-12,2018-12-13,558,559,559,560,3622.3233,3667.9649,0.012600090113436213,22.462071194581583,0.0,1,False
000985.CSI,中证全指,turnover_diffusion,季换手扩散系数_季线,胜率/量,换手扩散系数_季线加速度转正后3日收涨确认,开仓_加速度转正_5日后3日内收涨确认,闭仓_10日振幅放大向下_1sigma,闭仓_10日振幅放大向下_1sigma,2019-01-04,2019-01-07,2019-04-23,2019-04-24,574,575,645,646,3515.1686,4661.452,0.3260962788527413,1.72304695208248,-0.04049768027395906,71,False
000985.CSI,中证全指,turnover_diffusion,季换手扩散系数_季线,胜率/量,换手扩散系数_季线加速度转正后3日收涨确认,开仓_加速度转正_5日后3日内收涨确认,闭仓_10日振幅放大向下_1sigma,闭仓_10日振幅放大向下_1sigma,2019-05-21,2019-05-22,2019-09-18,2019-09-19,662,663,746,747,4152.6457,4388.8838,0.05688857587826468,0.18055876690188954,-0.09070665896163388,84,False
000985.CSI,中证全指,turnover_diffusion,季换手扩散系数_季线,胜率/量,换手扩散系数_季线加速度转正后3日收涨确认,开仓_加速度转正_5日后3日内收涨确认,闭仓_10日振幅放大向下_1sigma,闭仓_10日振幅放大向下_1sigma,2019-12-13,2019-12-16,2020-01-17,2020-01-20,803,804,827,828,4396.9993,4684.6292,0.06541504339106896,0.9451256395429708,-0.022725886579533006,24,False
000985.CSI,中证全指,turnover_diffusion,季换手扩散系数_季线,胜率/量,换手扩散系数_季线加速度转正后3日收涨确认,开仓_加速度转正_5日后3日内收涨确认,闭仓_10日振幅放大向下_1sigma,闭仓_10日振幅放大向下_1sigma,2020-02-04,2020-02-05,2020-03-12,2020-03-13,833,834,860,861,4273.0386,4494.55,0.051839316405894564,0.602732590422983,-0.06607676981730004,27,False
000985.CSI,中证全指,turnover_diffusion,季换手扩散系数_季线,胜率/量,换手扩散系数_季线加速度转正后3日收涨确认,开仓_加速度转正_5日后3日内收涨确认,闭仓_10日振幅放大向下_1sigma,闭仓_10日振幅放大向下_1sigma,2020-04-29,2020-04-30,2020-08-18,2020-08-19,893,894,967,968,4426.3435,5474.6586,0.23683546023936008,1.0623365501528061,-0.07761103518924806,74,False
000985.CSI,中证全指,turnover_diffusion,季换手扩散系数_季线,胜率/量,换手扩散系数_季线加速度转正后3日收涨确认,开仓_加速度转正_5日后3日内收涨确认,闭仓_10日振幅放大向下_1sigma,闭仓_10日振幅放大向下_1sigma,2020-09-29,2020-09-30,2021-03-16,2021-03-17,997,998,1105,1106,5189.3574,5457.8584,0.05174070300110767,0.12491642322174923,-0.110461171007049,108,False
000985.CSI,中证全指,turnover_diffusion,季换手扩散系数_季线,胜率/量,换手扩散系数_季线加速度转正后3日收涨确认,开仓_加速度转正_5日后3日内收涨确认,闭仓_10日振幅放大向下_1sigma,闭仓_10日振幅放大向下_1sigma,2021-04-16,2021-04-19,2021-07-06,2021-07-07,1127,1128,1180,1181,5533.776,5781.4765,0.04476156967683553,0.23146295673212514,-0.03890018368253778,53,False
000985.CSI,中证全指,turnover_diffusion,季换手扩散系数_季线,胜率/量,换手扩散系数_季线加速度转正后3日收涨确认,开仓_加速度转正_5日后3日内收涨确认,闭仓_10日振幅放大向下_1sigma,闭仓_10日振幅放大向下_1sigma,2021-08-23,2021-08-24,2021-09-15,2021-09-16,1214,1215,1231,1232,5786.1531,5807.1013,0.0036204019558347955,0.055031073888606175,-0.029198920191128352,17,False
000985.CSI,中证全指,turnover_diffusion,季换手扩散系数_季线,胜率/量,换手扩散系数_季线加速度转正后3日收涨确认,开仓_加速度转正_5日后3日内收涨确认,闭仓_10日振幅放大向下_1sigma,闭仓_10日振幅放大向下_1sigma,2021-10-21,2021-10-22,2021-12-31,2022-01-04,1250,1251,1301,1302,5775.4387,5958.7424,0.03173848940687396,0.16694381946546466,-0.030283560138189336,51,False
000985.CSI,中证全指,turnover_diffusion,季换手扩散系数_季线,胜率/量,换手扩散系数_季线加速度转正后3日收涨确认,开仓_加速度转正_5日后3日内收涨确认,闭仓_10日振幅放大向下_1sigma,闭仓_10日振幅放大向下_1sigma,2022-03-17,2022-03-18,2022-03-25,2022-03-28,1349,1350,1355,1356,5179.1397,5078.4427,-0.019442804371544553,-0.5616075129733749,-0.02653391597170618,6,False
000985.CSI,中证全指,turnover_diffusion,季换手扩散系数_季线,胜率/量,换手扩散系数_季线加速度转正后3日收涨确认,开仓_加速度转正_5日后3日内收涨确认,闭仓_10日振幅放大向下_1sigma,闭仓_10日振幅放大向下_1sigma,2022-04-27,2022-04-28,2022-07-08,2022-07-11,1376,1377,1424,1425,4501.3632,5231.2867,0.16215609973440936,1.2010932731554154,-0.03171199515779288,48,False
000985.CSI,中证全指,turnover_diffusion,季换手扩散系数_季线,胜率/量,换手扩散系数_季线加速度转正后3日收涨确认,开仓_加速度转正_5日后3日内收涨确认,闭仓_10日振幅放大向下_1sigma,闭仓_10日振幅放大向下_1sigma,2022-09-20,2022-09-21,2022-12-15,2022-12-16,1475,1476,1532,1533,4828.519,4897.95,0.014379357314323382,0.06515376474287171,-0.06801056390168492,57,False
000985.CSI,中证全指,turnover_diffusion,季换手扩散系数_季线,胜率/量,换手扩散系数_季线加速度转正后3日收涨确认,开仓_加速度转正_5日后3日内收涨确认,闭仓_10日振幅放大向下_1sigma,闭仓_10日振幅放大向下_1sigma,2023-03-15,2023-03-16,2023-03-31,2023-04-03,1590,1591,1602,1603,4937.7146,5128.9823,0.038736078427862086,1.2213118884843346,-0.008653355407646668,12,False
000985.CSI,中证全指,turnover_diffusion,季换手扩散系数_季线,胜率/量,换手扩散系数_季线加速度转正后3日收涨确认,开仓_加速度转正_5日后3日内收涨确认,闭仓_10日振幅放大向下_1sigma,闭仓_10日振幅放大向下_1sigma,2023-05-04,2023-05-05,2023-05-16,2023-05-17,1622,1623,1630,1631,4976.5826,4916.8555,-0.01200162939122118,-0.31636987335463806,-0.02645575946472445,8,False
000985.CSI,中证全指,turnover_diffusion,季换手扩散系数_季线,胜率/量,换手扩散系数_季线加速度转正后3日收涨确认,开仓_加速度转正_5日后3日内收涨确认,闭仓_10日振幅放大向下_1sigma,闭仓_10日振幅放大向下_1sigma,2023-06-12,2023-06-13,2023-07-10,2023-07-11,1649,1650,1667,1668,4866.304,4879.534,0.002718695749381883,0.038741718850342055,-0.03921225395271177,18,False
000985.CSI,中证全指,turnover_diffusion,季换手扩散系数_季线,胜率/量,换手扩散系数_季线加速度转正后3日收涨确认,开仓_加速度转正_5日后3日内收涨确认,闭仓_10日振幅放大向下_1sigma,闭仓_10日振幅放大向下_1sigma,2023-07-25,2023-07-26,2023-11-10,2023-11-13,1678,1679,1750,1751,4867.5322,4585.2388,-0.057995178747867304,-0.18869166184391717,-0.12887956822038038,72,False
000985.CSI,中证全指,turnover_diffusion,季换手扩散系数_季线,胜率/量,换手扩散系数_季线加速度转正后3日收涨确认,开仓_加速度转正_5日后3日内收涨确认,闭仓_10日振幅放大向下_1sigma,闭仓_10日振幅放大向下_1sigma,2023-12-01,2023-12-04,2023-12-15,2023-12-18,1765,1766,1775,1776,4516.0406,4350.3757,-0.03668366046133431,-0.610078705180682,-0.03668366046133431,10,False
000985.CSI,中证全指,turnover_diffusion,季换手扩散系数_季线,胜率/量,换手扩散系数_季线加速度转正后3日收涨确认,开仓_加速度转正_5日后3日内收涨确认,闭仓_10日振幅放大向下_1sigma,闭仓_10日振幅放大向下_1sigma,2024-02-06,2024-02-07,2024-04-10,2024-04-11,1811,1812,1849,1850,3895.0043,4265.3795,0.09508980516401477,0.8264762859530885,-0.04718743635263212,38,False
000985.CSI,中证全指,turnover_diffusion,季换手扩散系数_季线,胜率/量,换手扩散系数_季线加速度转正后3日收涨确认,开仓_加速度转正_5日后3日内收涨确认,闭仓_10日振幅放大向下_1sigma,闭仓_10日振幅放大向下_1sigma,2024-05-16,2024-05-17,2024-12-11,2024-12-12,1872,1873,2013,2014,4424.8129,5053.0301,0.1419759917984329,0.2677876187532986,-0.17161863894773677,141,False
000985.CSI,中证全指,turnover_diffusion,季换手扩散系数_季线,胜率/量,换手扩散系数_季线加速度转正后3日收涨确认,开仓_加速度转正_5日后3日内收涨确认,闭仓_10日振幅放大向下_1sigma,闭仓_10日振幅放大向下_1sigma,2025-01-14,2025-01-15,2025-03-28,2025-03-31,2036,2037,2083,2084,4604.1247,4826.864,0.048378207479914614,0.2882831378841386,-0.046250940364384374,47,False
000985.CSI,中证全指,turnover_diffusion,季换手扩散系数_季线,胜率/量,换手扩散系数_季线加速度转正后3日收涨确认,开仓_加速度转正_5日后3日内收涨确认,闭仓_10日振幅放大向下_1sigma,闭仓_10日振幅放大向下_1sigma,2025-06-03,2025-06-04,2025-09-05,2025-09-08,2125,2126,2193,2194,4821.1125,5681.2263,0.1784056688160669,0.8374275617770404,-0.046337324499100885,68,False
000985.CSI,中证全指,turnover_diffusion,季换手扩散系数_季线,胜率/量,换手扩散系数_季线加速度转正后3日收涨确认,开仓_加速度转正_5日后3日内收涨确认,闭仓_10日振幅放大向下_1sigma,闭仓_10日振幅放大向下_1sigma,2025-09-22,2025-09-23,2025-09-25,2025-09-26,2204,2205,2207,2208,5742.3736,5760.8978,0.0032258785809407,0.3106689741867208,-0.012046947278093079,3,False
000985.CSI,中证全指,turnover_diffusion,季换手扩散系数_季线,胜率/量,换手扩散系数_季线加速度转正后3日收涨确认,开仓_加速度转正_5日后3日内收涨确认,闭仓_10日振幅放大向下_1sigma,闭仓_10日振幅放大向下_1sigma,2025-11-24,2025-11-25,2026-02-06,2026-02-09,2243,2244,2295,2296,5676.3258,6279.1368,0.10619739268665662,0.6308712278432911,-0.04224478724408709,52,False
000985.CSI,中证全指,turnover_diffusion,季换手扩散系数_季线,胜率/量,换手扩散系数_季线加速度转正后3日收涨确认,开仓_加速度转正_5日后3日内收涨确认,闭仓_10日振幅放大向下_1sigma,闭仓_10日振幅放大向下_1sigma,2026-04-16,2026-04-17,2026-05-22,2026-05-25,2337,2338,2360,2361,6254.1137,6559.839,0.048883873025845404,0.6869425655033718,-0.04761926553025975,23,False
000985.CSI,中证全指,turnover_diffusion,季换手扩散系数_季线,胜率/量,换手扩散系数_季线加速度转正后3日收涨确认,开仓_加速度转正_5日后3日内收涨确认,闭仓_10日振幅放大向下_1sigma,闭仓_10日振幅放大向下_1sigma,2026-06-02,2026-06-03,2026-07-07,2026-07-08,2367,2368,2391,2392,6395.8835,6157.0729,-0.03733817227909164,-0.329383264791552,-0.07049159150562256,24,False
000985.CSI,中证全指,turnover_diffusion,季换手扩散系数_季线,胜率/量,换手扩散系数_季线加速度转正后3日收涨确认,开仓_加速度转正_5日后3日内收涨确认,闭仓_10日振幅放大向下_1sigma,闭仓_10日振幅放大向下_1sigma,2026-07-23,2026-07-24,2026-07-27,2026-07-28,2403,2404,2405,2406,5687.2553,5648.7086,-0.00677773336463372,-0.5755247678204924,-0.02739267975456039,2,False
000985.CSI,中证全指,turnover_diffusion,季换手扩散系数_季线,胜率/量,换手扩散系数_季线加速度转正后3日收涨确认,开仓_加速度转正_5日后3日内收涨确认,闭仓_10日振幅放大向下_1sigma,end,2026-08-21,2026-08-24,2026-08-25,2026-08-25,2424,2425,2426,2426,5818.5117,5832.9177,0.002475890870856201,0.8647992144730043,0.0,1,True
000985.CSI,中证全指,volume_factor,放量因子,胜率/量,放量因子_上穿1sigma且放量下跌等待修复,开仓_上穿_1sigma；若信号日跌幅<=-1%则3日内等收复信号日收盘价,闭仓_加速度转负_3日,闭仓_加速度转负_3日,2016-09-07,2016-09-08,2016-11-11,2016-11-14,9,10,49,50,4883.979,5030.263,0.02995180773709305,0.20433274985590688,-0.03782379080663534,40,False
000985.CSI,中证全指,volume_factor,放量因子,胜率/量,放量因子_上穿1sigma且放量下跌等待修复,开仓_上穿_1sigma；若信号日跌幅<=-1%则3日内等收复信号日收盘价,闭仓_加速度转负_3日,闭仓_加速度转负_3日,2016-11-28,2016-11-29,2016-12-20,2016-12-21,60,61,76,77,5094.9903,4838.251,-0.05039053754430112,-0.5570708345874609,-0.059126822714079874,16,False
000985.CSI,中证全指,volume_factor,放量因子,胜率/量,放量因子_上穿1sigma且放量下跌等待修复,开仓_上穿_1sigma；若信号日跌幅<=-1%则3日内等收复信号日收盘价,闭仓_加速度转负_3日,闭仓_加速度转负_3日,2017-01-18,2017-01-19,2017-02-07,2017-02-08,96,97,105,106,4656.8169,4806.6914,0.03218389368068131,1.427717696867159,-0.004657711560259181,9,False
000985.CSI,中证全指,volume_factor,放量因子,胜率/量,放量因子_上穿1sigma且放量下跌等待修复,开仓_上穿_1sigma；若信号日跌幅<=-1%则3日内等收复信号日收盘价,闭仓_加速度转负_3日,闭仓_加速度转负_3日,2017-03-14,2017-03-15,2017-04-12,2017-04-13,130,131,149,150,4928.4565,4958.7427,0.006145169385181726,0.08464738573842423,-0.024529654860683703,19,False
000985.CSI,中证全指,volume_factor,放量因子,胜率/量,放量因子_上穿1sigma且放量下跌等待修复,开仓_上穿_1sigma；若信号日跌幅<=-1%则3日内等收复信号日收盘价,闭仓_加速度转负_3日,闭仓_加速度转负_3日,2017-05-12,2017-05-15,2017-07-19,2017-07-20,170,171,216,217,4557.8062,4762.3092,0.04486873531393232,0.27181854531277705,-0.035493618366553625,46,False
000985.CSI,中证全指,volume_factor,放量因子,胜率/量,放量因子_上穿1sigma且放量下跌等待修复,开仓_上穿_1sigma；若信号日跌幅<=-1%则3日内等收复信号日收盘价,闭仓_加速度转负_3日,闭仓_加速度转负_3日,2017-08-23,2017-08-24,2017-09-12,2017-09-13,241,242,255,256,4824.6008,5035.2995,0.04367173756634957,1.158492849276152,-0.005024411901623949,14,False
000985.CSI,中证全指,volume_factor,放量因子,胜率/量,放量因子_上穿1sigma且放量下跌等待修复,开仓_上穿_1sigma；若信号日跌幅<=-1%则3日内等收复信号日收盘价,闭仓_加速度转负_3日,闭仓_加速度转负_3日,2017-09-20,2017-09-21,2017-09-28,2017-09-29,261,262,267,268,5014.2392,5002.5525,-0.002330702532100992,-0.09335450484948149,-0.01201496330689611,6,False
000985.CSI,中证全指,volume_factor,放量因子,胜率/量,放量因子_上穿1sigma且放量下跌等待修复,开仓_上穿_1sigma；若信号日跌幅<=-1%则3日内等收复信号日收盘价,闭仓_加速度转负_3日,闭仓_加速度转负_3日,2017-10-13,2017-10-16,2017-12-22,2017-12-25,273,274,323,324,5049.9771,4878.3071,-0.03399421355791887,-0.15996413497398465,-0.060848805570203,50,False
000985.CSI,中证全指,volume_factor,放量因子,胜率/量,放量因子_上穿1sigma且放量下跌等待修复,开仓_上穿_1sigma；若信号日跌幅<=-1%则3日内等收复信号日收盘价,闭仓_加速度转负_3日,闭仓_加速度转负_3日,2018-01-08,2018-01-09,2018-01-26,2018-01-29,333,334,347,348,5054.532,5048.6675,-0.0011602458941798455,-0.020679730977392174,-0.017671538706309886,14,False
000985.CSI,中证全指,volume_factor,放量因子,胜率/量,放量因子_上穿1sigma且放量下跌等待修复,开仓_上穿_1sigma；若信号日跌幅<=-1%则3日内等收复信号日收盘价,闭仓_加速度转负_3日,闭仓_加速度转负_3日,2018-02-12,2018-02-13,2018-03-30,2018-04-02,358,359,387,388,4574.791,4732.8294,0.03454549071203461,0.343287177423367,-0.06469713450570569,29,False
000985.CSI,中证全指,volume_factor,放量因子,胜率/量,放量因子_上穿1sigma且放量下跌等待修复,开仓_上穿_1sigma；若信号日跌幅<=-1%则3日内等收复信号日收盘价,闭仓_加速度转负_3日,闭仓_加速度转负_3日,2018-05-07,2018-05-08,2018-05-17,2018-05-18,409,410,417,418,4685.0942,4685.8993,0.00017184286283944417,0.005427259638342674,-0.011495530015267152,8,False
000985.CSI,中证全指,volume_factor,放量因子,胜率/量,放量因子_上穿1sigma且放量下跌等待修复,开仓_上穿_1sigma；若信号日跌幅<=-1%则3日内等收复信号日收盘价,闭仓_加速度转负_3日,闭仓_加速度转负_3日,2018-08-07,2018-08-08,2018-08-14,2018-08-15,474,475,479,480,3871.3549,3876.4557,0.0013175748883162974,0.06861355520023382,-0.025921440099828774,5,False
000985.CSI,中证全指,volume_factor,放量因子,胜率/量,放量因子_上穿1sigma且放量下跌等待修复,开仓_上穿_1sigma；若信号日跌幅<=-1%则3日内等收复信号日收盘价,闭仓_加速度转负_3日,闭仓_加速度转负_3日,2018-12-07,2018-12-10,2018-12-21,2018-12-24,556,557,566,567,3592.6593,3493.4151,-0.027624161300237815,-0.5063481044166336,-0.053238404762270264,10,False
000985.CSI,中证全指,volume_factor,放量因子,胜率/量,放量因子_上穿1sigma且放量下跌等待修复,开仓_上穿_1sigma；若信号日跌幅<=-1%则3日内等收复信号日收盘价,闭仓_加速度转负_3日,闭仓_加速度转负_3日,2019-01-28,2019-01-29,2019-04-15,2019-04-16,590,591,639,640,3565.3808,4713.1506,0.3219206767479086,3.2008970124174523,-0.04049768027395906,49,False
000985.CSI,中证全指,volume_factor,放量因子,胜率/量,放量因子_上穿1sigma且放量下跌等待修复,开仓_上穿_1sigma；若信号日跌幅<=-1%则3日内等收复信号日收盘价,闭仓_加速度转负_3日,闭仓_加速度转负_3日,2019-05-27,2019-05-28,2019-08-01,2019-08-02,666,667,713,714,4159.7503,4124.285,-0.008525824254402958,-0.0448710438496559,-0.05573243449424725,47,False
000985.CSI,中证全指,volume_factor,放量因子,胜率/量,放量因子_上穿1sigma且放量下跌等待修复,开仓_上穿_1sigma；若信号日跌幅<=-1%则3日内等收复信号日收盘价,闭仓_加速度转负_3日,闭仓_加速度转负_3日,2019-09-18,2019-09-19,2019-10-25,2019-10-28,746,747,768,769,4388.8838,4346.5578,-0.009643909916229765,-0.10506368449377645,-0.041798795371817965,22,False
000985.CSI,中证全指,volume_factor,放量因子,胜率/量,放量因子_上穿1sigma且放量下跌等待修复,开仓_上穿_1sigma；若信号日跌幅<=-1%则3日内等收复信号日收盘价,闭仓_加速度转负_3日,闭仓_加速度转负_3日,2019-12-09,2019-12-10,2019-12-19,2019-12-20,799,800,807,808,4296.0324,4426.5828,0.03038859762789503,1.5676326478956253,-0.006332349381691582,8,False
000985.CSI,中证全指,volume_factor,放量因子,胜率/量,放量因子_上穿1sigma且放量下跌等待修复,开仓_上穿_1sigma；若信号日跌幅<=-1%则3日内等收复信号日收盘价,闭仓_加速度转负_3日,闭仓_加速度转负_3日,2020-01-22,2020-01-23,2020-05-29,2020-06-01,830,831,912,913,4488.9669,4564.2455,0.016769693712822775,0.052437371624480145,-0.14902959089692946,82,False
000985.CSI,中证全指,volume_factor,放量因子,胜率/量,放量因子_上穿1sigma且放量下跌等待修复,开仓_上穿_1sigma；若信号日跌幅<=-1%则3日内等收复信号日收盘价,闭仓_加速度转负_3日,闭仓_加速度转负_3日,2020-06-30,2020-07-01,2020-07-09,2020-07-10,932,933,939,940,4849.456,5452.8487,0.12442482208313654,67.15461564303484,-0.011071877119813944,7,False
000985.CSI,中证全指,volume_factor,放量因子,胜率/量,放量因子_上穿1sigma且放量下跌等待修复,开仓_上穿_1sigma；若信号日跌幅<=-1%则3日内等收复信号日收盘价,闭仓_加速度转负_3日,闭仓_加速度转负_3日,2020-07-27,2020-07-28,2020-08-06,2020-08-07,951,952,959,960,5235.6754,5469.8144,0.04471992285847204,2.9673098380567704,-0.013552712707569192,8,False
000985.CSI,中证全指,volume_factor,放量因子,胜率/量,放量因子_上穿1sigma且放量下跌等待修复,开仓_上穿_1sigma；若信号日跌幅<=-1%则3日内等收复信号日收盘价,闭仓_加速度转负_3日,闭仓_加速度转负_3日,2020-08-27,2020-08-28,2020-11-03,2020-11-04,974,975,1016,1017,5541.3481,5361.2516,-0.03250048485493995,-0.17982876005327275,-0.07181551624532068,42,False
000985.CSI,中证全指,volume_factor,放量因子,胜率/量,放量因子_上穿1sigma且放量下跌等待修复,开仓_上穿_1sigma；若信号日跌幅<=-1%则3日内等收复信号日收盘价,闭仓_加速度转负_3日,闭仓_加速度转负_3日,2020-11-19,2020-11-20,2021-02-04,2021-02-05,1028,1029,1082,1083,5488.7726,5628.4284,0.025443903432982307,0.12440361865719529,-0.0485358702301133,54,False
000985.CSI,中证全指,volume_factor,放量因子,胜率/量,放量因子_上穿1sigma且放量下跌等待修复,开仓_上穿_1sigma；若信号日跌幅<=-1%则3日内等收复信号日收盘价,闭仓_加速度转负_3日,闭仓_加速度转负_3日,2021-04-20,2021-04-21,2021-07-15,2021-07-16,1129,1130,1187,1188,5532.139,5795.5313,0.047611294654743785,0.2239572940247443,-0.03890018368253778,58,False
000985.CSI,中证全指,volume_factor,放量因子,胜率/量,放量因子_上穿1sigma且放量下跌等待修复,开仓_上穿_1sigma；若信号日跌幅<=-1%则3日内等收复信号日收盘价,闭仓_加速度转负_3日,闭仓_加速度转负_3日,2021-08-10,2021-08-11,2021-10-12,2021-10-13,1205,1206,1243,1244,5841.8049,5723.2498,-0.02029425871446011,-0.12712888786447596,-0.057223069529192205,38,False
000985.CSI,中证全指,volume_factor,放量因子,胜率/量,放量因子_上穿1sigma且放量下跌等待修复,开仓_上穿_1sigma；若信号日跌幅<=-1%则3日内等收复信号日收盘价,闭仓_加速度转负_3日,闭仓_加速度转负_3日,2021-10-20,2021-10-21,2021-11-12,2021-11-15,1249,1250,1266,1267,5782.9815,5806.094,0.0039966408331066905,0.060909170259119794,-0.026132227485553994,17,False
000985.CSI,中证全指,volume_factor,放量因子,胜率/量,放量因子_上穿1sigma且放量下跌等待修复,开仓_上穿_1sigma；若信号日跌幅<=-1%则3日内等收复信号日收盘价,闭仓_加速度转负_3日,闭仓_加速度转负_3日,2021-12-15,2021-12-16,2022-03-03,2022-03-04,1289,1290,1339,1340,6031.2513,5464.8654,-0.09390852276375883,-0.3916589697891517,-0.10368399008676688,50,False
000985.CSI,中证全指,volume_factor,放量因子,胜率/量,放量因子_上穿1sigma且放量下跌等待修复,开仓_上穿_1sigma；若信号日跌幅<=-1%则3日内等收复信号日收盘价,闭仓_加速度转负_3日,闭仓_加速度转负_3日,2022-04-27,2022-04-28,2022-05-13,2022-05-16,1376,1377,1385,1386,4501.3632,4721.8011,0.048971364941180484,2.814009063922851,-0.020589320992939086,9,False
000985.CSI,中证全指,volume_factor,放量因子,胜率/量,放量因子_上穿1sigma且放量下跌等待修复,开仓_上穿_1sigma；若信号日跌幅<=-1%则3日内等收复信号日收盘价,闭仓_加速度转负_3日,闭仓_加速度转负_3日,2022-06-07,2022-06-08,2022-06-16,2022-06-17,1401,1402,1408,1409,5061.6596,5165.7858,0.020571553251032437,1.0814429947805477,-0.01335247830573194,7,False
000985.CSI,中证全指,volume_factor,放量因子,胜率/量,放量因子_上穿1sigma且放量下跌等待修复,开仓_上穿_1sigma；若信号日跌幅<=-1%则3日内等收复信号日收盘价,闭仓_加速度转负_3日,闭仓_加速度转负_3日,2022-11-21,2022-11-22,2022-12-05,2022-12-06,1514,1515,1524,1525,4798.7282,4963.6241,0.03436241710876664,1.3428951599977563,-0.011567189823336821,10,False
000985.CSI,中证全指,volume_factor,放量因子,胜率/量,放量因子_上穿1sigma且放量下跌等待修复,开仓_上穿_1sigma；若信号日跌幅<=-1%则3日内等收复信号日收盘价,闭仓_加速度转负_3日,闭仓_加速度转负_3日,2023-01-09,2023-01-10,2023-02-13,2023-02-14,1548,1549,1568,1569,4932.2028,5192.1722,0.052708578811885065,0.9102176032118328,-0.016637857790504418,20,False
000985.CSI,中证全指,volume_factor,放量因子,胜率/量,放量因子_上穿1sigma且放量下跌等待修复,开仓_上穿_1sigma；若信号日跌幅<=-1%则3日内等收复信号日收盘价,闭仓_加速度转负_3日,闭仓_加速度转负_3日,2023-04-26,2023-04-27,2023-05-12,2023-05-15,1619,1620,1628,1629,4932.2731,4948.3288,0.003255233373026245,0.09526736672245772,-0.02645575946472445,9,False
000985.CSI,中证全指,volume_factor,放量因子,胜率/量,放量因子_上穿1sigma且放量下跌等待修复,开仓_上穿_1sigma；若信号日跌幅<=-1%则3日内等收复信号日收盘价,闭仓_加速度转负_3日,闭仓_加速度转负_3日,2023-06-01,2023-06-02,2023-06-19,2023-06-20,1642,1643,1654,1655,4877.5536,4941.4187,0.013093674665102695,0.3141401373228223,-0.016972524914949272,12,False
000985.CSI,中证全指,volume_factor,放量因子,胜率/量,放量因子_上穿1sigma且放量下跌等待修复,开仓_上穿_1sigma；若信号日跌幅<=-1%则3日内等收复信号日收盘价,闭仓_加速度转负_3日,闭仓_加速度转负_3日,2023-07-06,2023-07-07,2023-07-31,2023-08-01,1665,1666,1682,1683,4831.1695,4948.3789,0.024261082125145883,0.4266679205966277,-0.022817323963890024,17,False
000985.CSI,中证全指,volume_factor,放量因子,胜率/量,放量因子_上穿1sigma且放量下跌等待修复,开仓_上穿_1sigma；若信号日跌幅<=-1%则3日内等收复信号日收盘价,闭仓_加速度转负_3日,闭仓_加速度转负_3日,2023-08-29,2023-08-30,2023-10-09,2023-10-10,1703,1704,1726,1727,4700.6762,4587.2676,-0.02412601829498484,-0.23476949739475828,-0.04253004453835363,23,False
000985.CSI,中证全指,volume_factor,放量因子,胜率/量,放量因子_上穿1sigma且放量下跌等待修复,开仓_上穿_1sigma；若信号日跌幅<=-1%则3日内等收复信号日收盘价,闭仓_加速度转负_3日,闭仓_加速度转负_3日,2023-12-07,2023-12-08,2023-12-25,2023-12-26,1769,1770,1781,1782,4433.674,4270.4448,-0.03681578753873194,-0.5451203956454542,-0.04749681022732877,12,False
000985.CSI,中证全指,volume_factor,放量因子,胜率/量,放量因子_上穿1sigma且放量下跌等待修复,开仓_上穿_1sigma；若信号日跌幅<=-1%则3日内等收复信号日收盘价,闭仓_加速度转负_3日,闭仓_加速度转负_3日,2024-01-19,2024-01-22,2024-03-01,2024-03-04,1799,1800,1823,1824,3966.8375,4296.9008,0.08320565185743067,1.3145396893833614,-0.11903941285945707,24,False
000985.CSI,中证全指,volume_factor,放量因子,胜率/量,放量因子_上穿1sigma且放量下跌等待修复,开仓_上穿_1sigma；若信号日跌幅<=-1%则3日内等收复信号日收盘价,闭仓_加速度转负_3日,闭仓_加速度转负_3日,2024-04-30,2024-05-06,2024-08-02,2024-08-05,1863,1864,1927,1928,4428.171,3883.9688,-0.12289547987193816,-0.4032881160462676,-0.12604617096465343,64,False
000985.CSI,中证全指,volume_factor,放量因子,胜率/量,放量因子_上穿1sigma且放量下跌等待修复,开仓_上穿_1sigma；若信号日跌幅<=-1%则3日内等收复信号日收盘价,闭仓_加速度转负_3日,闭仓_加速度转负_3日,2024-09-03,2024-09-04,2024-09-27,2024-09-30,1949,1950,1965,1966,3787.3628,4706.7729,0.24275733499837937,29.660891477435655,-0.03226566565631406,16,False
000985.CSI,中证全指,volume_factor,放量因子,胜率/量,放量因子_上穿1sigma且放量下跌等待修复,开仓_上穿_1sigma；若信号日跌幅<=-1%则3日内等收复信号日收盘价,闭仓_加速度转负_3日,闭仓_加速度转负_3日,2024-10-08,2024-10-09,2024-12-06,2024-12-09,1967,1968,2010,2011,4661.7097,4940.2434,0.05974925894677652,0.4050831143781344,-0.07803976298223902,43,False
000985.CSI,中证全指,volume_factor,放量因子,胜率/量,放量因子_上穿1sigma且放量下跌等待修复,开仓_上穿_1sigma；若信号日跌幅<=-1%则3日内等收复信号日收盘价,闭仓_加速度转负_3日,闭仓_加速度转负_3日,2024-12-26,2024-12-27,2025-02-25,2025-02-26,2024,2025,2060,2061,4864.1813,4986.8902,0.02522704077662552,0.19053006272758566,-0.08050261202229458,36,False
000985.CSI,中证全指,volume_factor,放量因子,胜率/量,放量因子_上穿1sigma且放量下跌等待修复,开仓_上穿_1sigma；若信号日跌幅<=-1%则3日内等收复信号日收盘价,闭仓_加速度转负_3日,闭仓_加速度转负_3日,2025-03-06,2025-03-07,2025-04-01,2025-04-02,2067,2068,2085,2086,4964.774,4847.5648,-0.023608164238694496,-0.28428857357472403,-0.046250940364384374,18,False
000985.CSI,中证全指,volume_factor,放量因子,胜率/量,放量因子_上穿1sigma且放量下跌等待修复,开仓_上穿_1sigma；若信号日跌幅<=-1%则3日内等收复信号日收盘价,闭仓_加速度转负_3日,闭仓_加速度转负_3日,2025-04-08,2025-04-09,2025-07-07,2025-07-08,2089,2090,2149,2150,4486.4734,5018.7943,0.11865018524349202,0.6014598512337312,-0.0237351439122101,60,False
000985.CSI,中证全指,volume_factor,放量因子,胜率/量,放量因子_上穿1sigma且放量下跌等待修复,开仓_上穿_1sigma；若信号日跌幅<=-1%则3日内等收复信号日收盘价,闭仓_加速度转负_3日,闭仓_加速度转负_3日,2025-08-07,2025-08-08,2025-10-24,2025-10-27,2172,2173,2222,2223,5258.7829,5913.0717,0.12441829458295373,0.805829034900081,-0.050461393134944243,50,False
000985.CSI,中证全指,volume_factor,放量因子,胜率/量,放量因子_上穿1sigma且放量下跌等待修复,开仓_上穿_1sigma；若信号日跌幅<=-1%则3日内等收复信号日收盘价,闭仓_加速度转负_3日,闭仓_加速度转负_3日,2025-12-15,2025-12-16,2026-05-13,2026-05-14,2258,2259,2353,2354,5668.201,6552.9453,0.1560890836439992,0.4692398955263821,-0.10550130490027587,95,False
000985.CSI,中证全指,volume_factor,放量因子,胜率/量,放量因子_上穿1sigma且放量下跌等待修复,开仓_上穿_1sigma；若信号日跌幅<=-1%则3日内等收复信号日收盘价,闭仓_加速度转负_3日,闭仓_加速度转负_3日,2026-06-29,2026-06-30,2026-08-11,2026-08-12,2385,2386,2416,2417,6551.6166,6024.0456,-0.08052531645395733,-0.4946251058994007,-0.14959207103243966,31,False
000985.CSI,中证全指,fund_flow,资金流因子,胜率/资金,资金流因子_低位修复后收涨确认_资金流转弱退出,开仓_低位均值回复_20日后5日内收涨确认,闭仓_累计下降_5日_0.5sigma,闭仓_累计下降_5日_0.5sigma,2016-10-10,2016-10-11,2016-10-13,2016-10-14,25,26,28,29,4864.4438,4865.1669,0.00014865008821773884,0.012563950948530023,-0.0006041361572942661,3,False
000985.CSI,中证全指,fund_flow,资金流因子,胜率/资金,资金流因子_低位修复后收涨确认_资金流转弱退出,开仓_低位均值回复_20日后5日内收涨确认,闭仓_累计下降_5日_0.5sigma,闭仓_累计下降_5日_0.5sigma,2016-10-18,2016-10-19,2016-11-23,2016-11-24,31,32,57,58,4886.1995,5069.8288,0.0375812121465775,0.42985209336362473,-0.012240822682431207,26,False
000985.CSI,中证全指,fund_flow,资金流因子,胜率/资金,资金流因子_低位修复后收涨确认_资金流转弱退出,开仓_低位均值回复_20日后5日内收涨确认,闭仓_累计下降_5日_0.5sigma,闭仓_累计下降_5日_0.5sigma,2016-11-25,2016-11-28,2016-12-02,2016-12-05,59,60,64,65,5107.0204,4977.0288,-0.025453511013976082,-0.7273226380648203,-0.025453511013976082,5,False
000985.CSI,中证全指,fund_flow,资金流因子,胜率/资金,资金流因子_低位修复后收涨确认_资金流转弱退出,开仓_低位均值回复_20日后5日内收涨确认,闭仓_累计下降_5日_0.5sigma,闭仓_累计下降_5日_0.5sigma,2016-12-06,2016-12-07,2016-12-13,2016-12-14,66,67,71,72,5018.4281,4798.5026,-0.04382358292629529,-0.8954999210301319,-0.04382358292629529,5,False
000985.CSI,中证全指,fund_flow,资金流因子,胜率/资金,资金流因子_低位修复后收涨确认_资金流转弱退出,开仓_低位均值回复_20日后5日内收涨确认,闭仓_累计下降_5日_0.5sigma,闭仓_累计下降_5日_0.5sigma,2016-12-21,2016-12-22,2017-01-19,2017-01-20,77,78,97,98,4834.7965,4711.3067,-0.025541881649000175,-0.2782013849678485,-0.048351010759773994,20,False
000985.CSI,中证全指,fund_flow,资金流因子,胜率/资金,资金流因子_低位修复后收涨确认_资金流转弱退出,开仓_低位均值回复_20日后5日内收涨确认,闭仓_累计下降_5日_0.5sigma,闭仓_累计下降_5日_0.5sigma,2017-01-20,2017-01-23,2017-02-14,2017-02-15,98,99,110,111,4741.0166,4836.7627,0.020195267825048324,0.5217713350707376,-0.0072544382285849585,12,False
000985.CSI,中证全指,fund_flow,资金流因子,胜率/资金,资金流因子_低位修复后收涨确认_资金流转弱退出,开仓_低位均值回复_20日后5日内收涨确认,闭仓_累计下降_5日_0.5sigma,闭仓_累计下降_5日_0.5sigma,2017-03-20,2017-03-21,2017-04-07,2017-04-10,134,135,146,147,4950.6689,4942.5867,-0.001632547068538548,-0.03372953901251907,-0.023761642517863835,12,False
000985.CSI,中证全指,fund_flow,资金流因子,胜率/资金,资金流因子_低位修复后收涨确认_资金流转弱退出,开仓_低位均值回复_20日后5日内收涨确认,闭仓_累计下降_5日_0.5sigma,闭仓_累计下降_5日_0.5sigma,2017-04-20,2017-04-21,2017-05-04,2017-05-05,155,156,164,165,4768.2533,4637.6782,-0.02738426249293424,-0.5404252197894767,-0.02738426249293424,9,False
000985.CSI,中证全指,fund_flow,资金流因子,胜率/资金,资金流因子_低位修复后收涨确认_资金流转弱退出,开仓_低位均值回复_20日后5日内收涨确认,闭仓_累计下降_5日_0.5sigma,闭仓_累计下降_5日_0.5sigma,2017-06-19,2017-06-20,2017-06-23,2017-06-26,194,195,198,199,4697.3809,4768.786,0.015201045331452612,1.5868994296366585,-0.008321181403358802,4,False
000985.CSI,中证全指,fund_flow,资金流因子,胜率/资金,资金流因子_低位修复后收涨确认_资金流转弱退出,开仓_低位均值回复_20日后5日内收涨确认,闭仓_累计下降_5日_0.5sigma,闭仓_累计下降_5日_0.5sigma,2017-06-29,2017-06-30,2017-07-05,2017-07-06,202,203,206,207,4772.1414,4802.6465,0.006392329447740153,0.4939671002418682,-0.005490479005659021,4,False
000985.CSI,中证全指,fund_flow,资金流因子,胜率/资金,资金流因子_低位修复后收涨确认_资金流转弱退出,开仓_低位均值回复_20日后5日内收涨确认,闭仓_累计下降_5日_0.5sigma,闭仓_累计下降_5日_0.5sigma,2017-07-07,2017-07-10,2017-08-04,2017-08-07,208,209,228,229,4794.9354,4817.3435,0.004673285066572497,0.06050608150198089,-0.032739377468985364,20,False
000985.CSI,中证全指,fund_flow,资金流因子,胜率/资金,资金流因子_低位修复后收涨确认_资金流转弱退出,开仓_低位均值回复_20日后5日内收涨确认,闭仓_累计下降_5日_0.5sigma,闭仓_累计下降_5日_0.5sigma,2017-08-15,2017-08-16,2017-09-27,2017-09-28,235,236,266,267,4819.9563,4973.8154,0.03192126451436916,0.29102110555500493,-0.018281879198886797,31,False
000985.CSI,中证全指,fund_flow,资金流因子,胜率/资金,资金流因子_低位修复后收涨确认_资金流转弱退出,开仓_低位均值回复_20日后5日内收涨确认,闭仓_累计下降_5日_0.5sigma,闭仓_累计下降_5日_0.5sigma,2017-09-29,2017-10-09,2017-10-09,2017-10-10,268,269,269,270,5060.3245,5082.4602,0.004374363738926412,2.0039727211258347,0.0,1,False
000985.CSI,中证全指,fund_flow,资金流因子,胜率/资金,资金流因子_低位修复后收涨确认_资金流转弱退出,开仓_低位均值回复_20日后5日内收涨确认,闭仓_累计下降_5日_0.5sigma,闭仓_累计下降_5日_0.5sigma,2017-10-20,2017-10-23,2017-10-23,2017-10-24,278,279,279,280,5054.8998,5061.8769,0.0013802647482745733,0.4156473119192554,0.0,1,False
000985.CSI,中证全指,fund_flow,资金流因子,胜率/资金,资金流因子_低位修复后收涨确认_资金流转弱退出,开仓_低位均值回复_20日后5日内收涨确认,闭仓_累计下降_5日_0.5sigma,闭仓_累计下降_5日_0.5sigma,2017-10-31,2017-11-01,2017-11-14,2017-11-15,285,286,295,296,5055.3742,5082.2569,0.005317647900327627,0.14299234807767824,-0.014956572091901266,10,False
000985.CSI,中证全指,fund_flow,资金流因子,胜率/资金,资金流因子_低位修复后收涨确认_资金流转弱退出,开仓_低位均值回复_20日后5日内收涨确认,闭仓_累计下降_5日_0.5sigma,闭仓_累计下降_5日_0.5sigma,2017-11-16,2017-11-17,2017-11-27,2017-11-28,297,298,304,305,5026.9865,4952.6775,-0.014782017019540517,-0.4149891892004436,-0.03775910321789522,7,False
000985.CSI,中证全指,fund_flow,资金流因子,胜率/资金,资金流因子_低位修复后收涨确认_资金流转弱退出,开仓_低位均值回复_20日后5日内收涨确认,闭仓_累计下降_5日_0.5sigma,闭仓_累计下降_5日_0.5sigma,2017-12-08,2017-12-11,2017-12-15,2017-12-18,313,314,318,319,4956.4752,4876.228,-0.016190376580518362,-0.5607439542678307,-0.016190376580518362,5,False
000985.CSI,中证全指,fund_flow,资金流因子,胜率/资金,资金流因子_低位修复后收涨确认_资金流转弱退出,开仓_低位均值回复_20日后5日内收涨确认,闭仓_累计下降_5日_0.5sigma,闭仓_累计下降_5日_0.5sigma,2017-12-19,2017-12-20,2018-02-01,2018-02-02,320,321,351,352,4896.1855,4874.8097,-0.004365806810219919,-0.03494239139280264,-0.05351371231333413,31,False
000985.CSI,中证全指,fund_flow,资金流因子,胜率/资金,资金流因子_低位修复后收涨确认_资金流转弱退出,开仓_低位均值回复_20日后5日内收涨确认,闭仓_累计下降_5日_0.5sigma,闭仓_累计下降_5日_0.5sigma,2018-02-12,2018-02-13,2018-04-09,2018-04-10,358,359,391,392,4574.791,4728.0297,0.0334963280289744,0.2860807960329388,-0.06469713450570569,33,False
000985.CSI,中证全指,fund_flow,资金流因子,胜率/资金,资金流因子_低位修复后收涨确认_资金流转弱退出,开仓_低位均值回复_20日后5日内收涨确认,闭仓_累计下降_5日_0.5sigma,闭仓_累计下降_5日_0.5sigma,2018-04-27,2018-05-02,2018-05-08,2018-05-09,405,406,410,411,4546.1192,4679.3373,0.029303697096195735,3.2874004368575447,-0.002879510793334039,5,False
000985.CSI,中证全指,fund_flow,资金流因子,胜率/资金,资金流因子_低位修复后收涨确认_资金流转弱退出,开仓_低位均值回复_20日后5日内收涨确认,闭仓_累计下降_5日_0.5sigma,闭仓_累计下降_5日_0.5sigma,2018-05-10,2018-05-11,2018-05-16,2018-05-17,412,413,416,417,4666.4965,4653.7711,-0.0027269708656162406,-0.15804931633055053,-0.011495530015267152,4,False
000985.CSI,中证全指,fund_flow,资金流因子,胜率/资金,资金流因子_低位修复后收涨确认_资金流转弱退出,开仓_低位均值回复_20日后5日内收涨确认,闭仓_累计下降_5日_0.5sigma,闭仓_累计下降_5日_0.5sigma,2018-05-31,2018-06-01,2018-06-11,2018-06-12,427,428,434,435,4488.9226,4515.1243,0.005836968541181875,0.23308601174186094,-0.020983512045654074,7,False
000985.CSI,中证全指,fund_flow,资金流因子,胜率/资金,资金流因子_低位修复后收涨确认_资金流转弱退出,开仓_低位均值回复_20日后5日内收涨确认,闭仓_累计下降_5日_0.5sigma,闭仓_累计下降_5日_0.5sigma,2018-06-20,2018-06-21,2018-07-30,2018-07-31,440,441,468,469,4120.4021,4114.4304,-0.0014493003000848326,-0.012968340890662011,-0.05319597782754493,28,False
000985.CSI,中证全指,fund_flow,资金流因子,胜率/资金,资金流因子_低位修复后收涨确认_资金流转弱退出,开仓_低位均值回复_20日后5日内收涨确认,闭仓_累计下降_5日_0.5sigma,闭仓_累计下降_5日_0.5sigma,2018-08-07,2018-08-08,2018-08-17,2018-08-20,474,475,482,483,3871.3549,3814.6977,-0.014634979603652343,-0.37149325072757144,-0.04889935277626245,8,False
000985.CSI,中证全指,fund_flow,资金流因子,胜率/资金,资金流因子_低位修复后收涨确认_资金流转弱退出,开仓_低位均值回复_20日后5日内收涨确认,闭仓_累计下降_5日_0.5sigma,闭仓_累计下降_5日_0.5sigma,2018-08-23,2018-08-24,2018-09-26,2018-09-27,486,487,509,510,3854.9861,3854.2039,-0.00020290604938888457,-0.002220900259852998,-0.0643808007575104,23,False
000985.CSI,中证全指,fund_flow,资金流因子,胜率/资金,资金流因子_低位修复后收涨确认_资金流转弱退出,开仓_低位均值回复_20日后5日内收涨确认,闭仓_累计下降_5日_0.5sigma,闭仓_累计下降_5日_0.5sigma,2018-10-19,2018-10-22,2018-11-07,2018-11-08,521,522,534,535,3612.0946,3617.0446,0.0013703960023638828,0.02690190881389598,-0.047330654075338985,13,False
000985.CSI,中证全指,fund_flow,资金流因子,胜率/资金,资金流因子_低位修复后收涨确认_资金流转弱退出,开仓_低位均值回复_20日后5日内收涨确认,闭仓_累计下降_5日_0.5sigma,闭仓_累计下降_5日_0.5sigma,2018-12-11,2018-12-12,2018-12-20,2018-12-21,558,559,565,566,3622.3233,3472.6883,-0.04130912334633419,-0.7810074200861407,-0.053238404762270264,7,False
000985.CSI,中证全指,fund_flow,资金流因子,胜率/资金,资金流因子_低位修复后收涨确认_资金流转弱退出,开仓_低位均值回复_20日后5日内收涨确认,闭仓_累计下降_5日_0.5sigma,闭仓_累计下降_5日_0.5sigma,2018-12-24,2018-12-25,2019-01-23,2019-01-24,567,568,587,588,3462.991,3594.0818,0.03785479084409982,0.597059474570679,-0.02190542799562567,20,False
000985.CSI,中证全指,fund_flow,资金流因子,胜率/资金,资金流因子_低位修复后收涨确认_资金流转弱退出,开仓_低位均值回复_20日后5日内收涨确认,闭仓_累计下降_5日_0.5sigma,闭仓_累计下降_5日_0.5sigma,2019-02-14,2019-02-15,2019-03-20,2019-03-21,598,599,622,623,3752.4651,4491.1383,0.19685011860603296,5.598079670344646,-0.04049768027395906,24,False
000985.CSI,中证全指,fund_flow,资金流因子,胜率/资金,资金流因子_低位修复后收涨确认_资金流转弱退出,开仓_低位均值回复_20日后5日内收涨确认,闭仓_累计下降_5日_0.5sigma,闭仓_累计下降_5日_0.5sigma,2019-04-02,2019-04-03,2019-04-16,2019-04-17,631,632,640,641,4693.0868,4733.7199,0.008658075533569898,0.2730080735146805,-0.027999314008624654,9,False
000985.CSI,中证全指,fund_flow,资金流因子,胜率/资金,资金流因子_低位修复后收涨确认_资金流转弱退出,开仓_低位均值回复_20日后5日内收涨确认,闭仓_累计下降_5日_0.5sigma,闭仓_累计下降_5日_0.5sigma,2019-05-10,2019-05-13,2019-07-04,2019-07-05,655,656,693,694,4173.6024,4319.9519,0.035065510792307464,0.2567832906018599,-0.06587658592875967,38,False
000985.CSI,中证全指,fund_flow,资金流因子,胜率/资金,资金流因子_低位修复后收涨确认_资金流转弱退出,开仓_低位均值回复_20日后5日内收涨确认,闭仓_累计下降_5日_0.5sigma,闭仓_累计下降_5日_0.5sigma,2019-07-19,2019-07-22,2019-07-26,2019-07-29,704,705,709,710,4133.4469,4228.4597,0.02298633617381185,2.14368904346434,-0.0006923966701718465,5,False
000985.CSI,中证全指,fund_flow,资金流因子,胜率/资金,资金流因子_低位修复后收涨确认_资金流转弱退出,开仓_低位均值回复_20日后5日内收涨确认,闭仓_累计下降_5日_0.5sigma,闭仓_累计下降_5日_0.5sigma,2019-08-08,2019-08-09,2019-09-11,2019-09-12,718,719,742,743,3971.5278,4433.9333,0.11643013049033679,2.178566212489444,-0.01070536709667902,24,False
000985.CSI,中证全指,fund_flow,资金流因子,胜率/资金,资金流因子_低位修复后收涨确认_资金流转弱退出,开仓_低位均值回复_20日后5日内收涨确认,闭仓_累计下降_5日_0.5sigma,闭仓_累计下降_5日_0.5sigma,2019-09-24,2019-09-25,2019-10-10,2019-10-11,750,751,757,758,4311.006,4322.1604,0.0025874239098715446,0.09749132597276366,-0.02241012886551308,7,False
000985.CSI,中证全指,fund_flow,资金流因子,胜率/资金,资金流因子_低位修复后收涨确认_资金流转弱退出,开仓_低位均值回复_20日后5日内收涨确认,闭仓_累计下降_5日_0.5sigma,闭仓_累计下降_5日_0.5sigma,2019-10-25,2019-10-28,2019-11-15,2019-11-18,768,769,783,784,4346.5578,4246.9159,-0.02292432416290413,-0.322680172855337,-0.0325176802245688,15,False
000985.CSI,中证全指,fund_flow,资金流因子,胜率/资金,资金流因子_低位修复后收涨确认_资金流转弱退出,开仓_低位均值回复_20日后5日内收涨确认,闭仓_累计下降_5日_0.5sigma,闭仓_累计下降_5日_0.5sigma,2020-02-10,2020-02-11,2020-03-10,2020-03-11,837,838,858,859,4442.5754,4637.0447,0.043774000999510454,0.6721594963347968,-0.060852226523301356,21,False
000985.CSI,中证全指,fund_flow,资金流因子,胜率/资金,资金流因子_低位修复后收涨确认_资金流转弱退出,开仓_低位均值回复_20日后5日内收涨确认,闭仓_累计下降_5日_0.5sigma,闭仓_累计下降_5日_0.5sigma,2020-03-24,2020-03-25,2020-03-31,2020-04-01,868,869,873,874,4297.5253,4185.8063,-0.02599612386226091,-0.734870206284028,-0.02599612386226091,5,False
000985.CSI,中证全指,fund_flow,资金流因子,胜率/资金,资金流因子_低位修复后收涨确认_资金流转弱退出,开仓_低位均值回复_20日后5日内收涨确认,闭仓_累计下降_5日_0.5sigma,闭仓_累计下降_5日_0.5sigma,2020-04-02,2020-04-03,2020-04-14,2020-04-15,875,876,882,883,4244.7389,4350.6874,0.02495995690100039,1.429116555911794,-0.02163972883741494,7,False
000985.CSI,中证全指,fund_flow,资金流因子,胜率/资金,资金流因子_低位修复后收涨确认_资金流转弱退出,开仓_低位均值回复_20日后5日内收涨确认,闭仓_累计下降_5日_0.5sigma,闭仓_累计下降_5日_0.5sigma,2020-05-25,2020-05-26,2020-06-15,2020-06-16,908,909,923,924,4443.2275,4643.2158,0.04500969171621305,1.0951800317431686,-0.013164568035220703,15,False
000985.CSI,中证全指,fund_flow,资金流因子,胜率/资金,资金流因子_低位修复后收涨确认_资金流转弱退出,开仓_低位均值回复_20日后5日内收涨确认,闭仓_累计下降_5日_0.5sigma,闭仓_累计下降_5日_0.5sigma,2020-06-23,2020-06-24,2020-07-06,2020-07-07,929,930,936,937,4748.3341,5301.9402,0.11658954242499497,51.986839889565395,-0.005731083665742931,7,False
000985.CSI,中证全指,fund_flow,资金流因子,胜率/资金,资金流因子_低位修复后收涨确认_资金流转弱退出,开仓_低位均值回复_20日后5日内收涨确认,闭仓_累计下降_5日_0.5sigma,闭仓_累计下降_5日_0.5sigma,2020-07-13,2020-07-14,2020-07-28,2020-07-29,941,942,952,953,5550.2048,5369.998,-0.03246849557695619,-0.5305375915487218,-0.06866961017366424,11,False
000985.CSI,中证全指,fund_flow,资金流因子,胜率/资金,资金流因子_低位修复后收涨确认_资金流转弱退出,开仓_低位均值回复_20日后5日内收涨确认,闭仓_累计下降_5日_0.5sigma,闭仓_累计下降_5日_0.5sigma,2020-08-18,2020-08-19,2020-09-03,2020-09-04,967,968,979,980,5474.6586,5485.2751,0.0019392076795436974,0.04152285596519878,-0.017675519393892336,12,False
000985.CSI,中证全指,fund_flow,资金流因子,胜率/资金,资金流因子_低位修复后收涨确认_资金流转弱退出,开仓_低位均值回复_20日后5日内收涨确认,闭仓_累计下降_5日_0.5sigma,闭仓_累计下降_5日_0.5sigma,2020-10-20,2020-10-21,2020-11-17,2020-11-18,1006,1007,1026,1027,5395.7818,5426.9427,0.005775048205248101,0.07525334157174068,-0.028653326937720158,20,False
000985.CSI,中证全指,fund_flow,资金流因子,胜率/资金,资金流因子_低位修复后收涨确认_资金流转弱退出,开仓_低位均值回复_20日后5日内收涨确认,闭仓_累计下降_5日_0.5sigma,闭仓_累计下降_5日_0.5sigma,2020-11-27,2020-11-30,2020-12-08,2020-12-09,1034,1035,1041,1042,5450.5039,5439.0507,-0.002101310302704329,-0.07293051697253616,-0.022619700881289173,7,False
000985.CSI,中证全指,fund_flow,资金流因子,胜率/资金,资金流因子_低位修复后收涨确认_资金流转弱退出,开仓_低位均值回复_20日后5日内收涨确认,闭仓_累计下降_5日_0.5sigma,闭仓_累计下降_5日_0.5sigma,2020-12-15,2020-12-16,2021-01-25,2021-01-26,1046,1047,1074,1075,5422.4615,5791.2593,0.06801298635315334,0.8079599311267243,-0.019791082864206166,28,False
000985.CSI,中证全指,fund_flow,资金流因子,胜率/资金,资金流因子_低位修复后收涨确认_资金流转弱退出,开仓_低位均值回复_20日后5日内收涨确认,闭仓_累计下降_5日_0.5sigma,闭仓_累计下降_5日_0.5sigma,2021-02-01,2021-02-02,2021-02-09,2021-02-10,1079,1080,1085,1086,5742.1967,5918.5922,0.030719167108991474,2.5636479380458663,-0.01981267900488337,6,False
000985.CSI,中证全指,fund_flow,资金流因子,胜率/资金,资金流因子_低位修复后收涨确认_资金流转弱退出,开仓_低位均值回复_20日后5日内收涨确认,闭仓_累计下降_5日_0.5sigma,闭仓_累计下降_5日_0.5sigma,2021-02-18,2021-02-19,2021-05-07,2021-05-10,1087,1088,1139,1140,5977.4226,5454.5386,-0.08747649865010376,-0.3582932763859148,-0.110461171007049,52,False
000985.CSI,中证全指,fund_flow,资金流因子,胜率/资金,资金流因子_低位修复后收涨确认_资金流转弱退出,开仓_低位均值回复_20日后5日内收涨确认,闭仓_累计下降_5日_0.5sigma,闭仓_累计下降_5日_0.5sigma,2021-05-24,2021-05-25,2021-06-17,2021-06-18,1150,1151,1167,1168,5736.1304,5669.4488,-0.011624840327897679,-0.15914041604038598,-0.03890018368253778,17,False
000985.CSI,中证全指,fund_flow,资金流因子,胜率/资金,资金流因子_低位修复后收涨确认_资金流转弱退出,开仓_低位均值回复_20日后5日内收涨确认,闭仓_累计下降_5日_0.5sigma,闭仓_累计下降_5日_0.5sigma,2021-07-13,2021-07-14,2021-07-28,2021-07-29,1185,1186,1196,1197,5798.9801,5618.9424,-0.0310464421148815,-0.5144730901188639,-0.07063323357112994,11,False
000985.CSI,中证全指,fund_flow,资金流因子,胜率/资金,资金流因子_低位修复后收涨确认_资金流转弱退出,开仓_低位均值回复_20日后5日内收涨确认,闭仓_累计下降_5日_0.5sigma,闭仓_累计下降_5日_0.5sigma,2021-08-04,2021-08-05,2021-09-06,2021-09-07,1201,1202,1224,1225,5748.7541,5943.952,0.03395481814050805,0.44173908428214625,-0.03690034222128846,23,False
000985.CSI,中证全指,fund_flow,资金流因子,胜率/资金,资金流因子_低位修复后收涨确认_资金流转弱退出,开仓_低位均值回复_20日后5日内收涨确认,闭仓_累计下降_5日_0.5sigma,闭仓_累计下降_5日_0.5sigma,2021-09-23,2021-09-24,2021-10-08,2021-10-11,1235,1236,1241,1242,5807.9642,5757.8935,-0.008621041431350451,-0.3048680103532063,-0.029011318630373206,6,False
000985.CSI,中证全指,fund_flow,资金流因子,胜率/资金,资金流因子_低位修复后收涨确认_资金流转弱退出,开仓_低位均值回复_20日后5日内收涨确认,闭仓_累计下降_5日_0.5sigma,闭仓_累计下降_5日_0.5sigma,2021-10-14,2021-10-15,2021-10-26,2021-10-27,1245,1246,1253,1254,5740.9879,5739.8094,-0.00020527825881677675,-0.006446063353442444,-0.013805921316177638,8,False
000985.CSI,中证全指,fund_flow,资金流因子,胜率/资金,资金流因子_低位修复后收涨确认_资金流转弱退出,开仓_低位均值回复_20日后5日内收涨确认,闭仓_累计下降_5日_0.5sigma,闭仓_累计下降_5日_0.5sigma,2021-10-29,2021-11-01,2021-11-23,2021-11-24,1256,1257,1273,1274,5752.862,5911.978,0.027658581067997012,0.49844849865208385,-0.011260725531048732,17,False
000985.CSI,中证全指,fund_flow,资金流因子,胜率/资金,资金流因子_低位修复后收涨确认_资金流转弱退出,开仓_低位均值回复_20日后5日内收涨确认,闭仓_累计下降_5日_0.5sigma,闭仓_累计下降_5日_0.5sigma,2021-12-08,2021-12-09,2021-12-14,2021-12-15,1284,1285,1288,1289,6015.09,5992.0469,-0.003830881998440616,-0.21479388841231617,-0.00847751706445321,4,False
000985.CSI,中证全指,fund_flow,资金流因子,胜率/资金,资金流因子_低位修复后收涨确认_资金流转弱退出,开仓_低位均值回复_20日后5日内收涨确认,闭仓_累计下降_5日_0.5sigma,闭仓_累计下降_5日_0.5sigma,2021-12-21,2021-12-22,2021-12-28,2021-12-29,1293,1294,1298,1299,5937.9297,5885.3073,-0.008862078646703964,-0.3615038626108412,-0.012392708405386199,5,False
000985.CSI,中证全指,fund_flow,资金流因子,胜率/资金,资金流因子_低位修复后收涨确认_资金流转弱退出,开仓_低位均值回复_20日后5日内收涨确认,闭仓_累计下降_5日_0.5sigma,闭仓_累计下降_5日_0.5sigma,2022-01-10,2022-01-11,2022-01-20,2022-01-21,1306,1307,1314,1315,5787.4922,5695.0172,-0.015978423262496877,-0.3979319617032049,-0.027707155157408847,8,False
000985.CSI,中证全指,fund_flow,资金流因子,胜率/资金,资金流因子_低位修复后收涨确认_资金流转弱退出,开仓_低位均值回复_20日后5日内收涨确认,闭仓_累计下降_5日_0.5sigma,闭仓_累计下降_5日_0.5sigma,2022-02-09,2022-02-10,2022-02-25,2022-02-28,1323,1324,1335,1336,5544.2881,5554.6762,0.001873658044573956,0.04009286628659803,-0.021061389287658883,12,False
000985.CSI,中证全指,fund_flow,资金流因子,胜率/资金,资金流因子_低位修复后收涨确认_资金流转弱退出,开仓_低位均值回复_20日后5日内收涨确认,闭仓_累计下降_5日_0.5sigma,闭仓_累计下降_5日_0.5sigma,2022-05-09,2022-05-10,2022-06-14,2022-06-15,1381,1382,1406,1407,4651.7187,5111.9643,0.09894097852477612,1.588341829065179,-0.03171199515779288,25,False
000985.CSI,中证全指,fund_flow,资金流因子,胜率/资金,资金流因子_低位修复后收涨确认_资金流转弱退出,开仓_低位均值回复_20日后5日内收涨确认,闭仓_累计下降_5日_0.5sigma,闭仓_累计下降_5日_0.5sigma,2022-06-30,2022-07-01,2022-07-12,2022-07-13,1418,1419,1426,1427,5336.141,5194.8741,-0.02647360705048829,-0.5705095653815326,-0.03972008203416899,8,False
000985.CSI,中证全指,fund_flow,资金流因子,胜率/资金,资金流因子_低位修复后收涨确认_资金流转弱退出,开仓_低位均值回复_20日后5日内收涨确认,闭仓_累计下降_5日_0.5sigma,闭仓_累计下降_5日_0.5sigma,2022-07-14,2022-07-15,2022-07-28,2022-07-29,1428,1429,1438,1439,5133.3152,5174.9752,0.008115613083724105,0.22591565287221993,-0.019230279390319405,10,False
000985.CSI,中证全指,fund_flow,资金流因子,胜率/资金,资金流因子_低位修复后收涨确认_资金流转弱退出,开仓_低位均值回复_20日后5日内收涨确认,闭仓_累计下降_5日_0.5sigma,闭仓_累计下降_5日_0.5sigma,2022-08-04,2022-08-05,2022-08-12,2022-08-15,1443,1444,1449,1450,5142.2675,5241.7281,0.019341778699766277,1.2357983494243032,-0.005011259869999285,6,False
000985.CSI,中证全指,fund_flow,资金流因子,胜率/资金,资金流因子_低位修复后收涨确认_资金流转弱退出,开仓_低位均值回复_20日后5日内收涨确认,闭仓_累计下降_5日_0.5sigma,闭仓_累计下降_5日_0.5sigma,2022-08-17,2022-08-18,2022-08-19,2022-08-22,1452,1453,1454,1455,5265.7188,5250.7409,-0.002844416986338083,-0.30156085292124746,-0.010633704936921395,2,False
000985.CSI,中证全指,fund_flow,资金流因子,胜率/资金,资金流因子_低位修复后收涨确认_资金流转弱退出,开仓_低位均值回复_20日后5日内收涨确认,闭仓_累计下降_5日_0.5sigma,闭仓_累计下降_5日_0.5sigma,2022-08-22,2022-08-23,2022-09-06,2022-09-07,1455,1456,1466,1467,5245.8468,5080.8825,-0.031446648422901013,-0.5190464813404594,-0.04997219895937488,11,False
000985.CSI,中证全指,fund_flow,资金流因子,胜率/资金,资金流因子_低位修复后收涨确认_资金流转弱退出,开仓_低位均值回复_20日后5日内收涨确认,闭仓_累计下降_5日_0.5sigma,闭仓_累计下降_5日_0.5sigma,2022-09-27,2022-09-28,2022-11-04,2022-11-07,1480,1481,1503,1504,4680.7365,4820.802,0.029923816476317366,0.38133612153788166,-0.06159615135303842,23,False
000985.CSI,中证全指,fund_flow,资金流因子,胜率/资金,资金流因子_低位修复后收涨确认_资金流转弱退出,开仓_低位均值回复_20日后5日内收涨确认,闭仓_累计下降_5日_0.5sigma,闭仓_累计下降_5日_0.5sigma,2022-12-05,2022-12-06,2022-12-13,2022-12-14,1524,1525,1530,1531,4963.6241,4913.7376,-0.010050418604422462,-0.34574175236807914,-0.01198598988074051,6,False
000985.CSI,中证全指,fund_flow,资金流因子,胜率/资金,资金流因子_低位修复后收涨确认_资金流转弱退出,开仓_低位均值回复_20日后5日内收涨确认,闭仓_累计下降_5日_0.5sigma,闭仓_累计下降_5日_0.5sigma,2022-12-26,2022-12-27,2023-01-04,2023-01-05,1539,1540,1545,1546,4782.1383,4887.5353,0.022039722272356732,1.49831135400703,-0.009412964907351107,6,False
000985.CSI,中证全指,fund_flow,资金流因子,胜率/资金,资金流因子_低位修复后收涨确认_资金流转弱退出,开仓_低位均值回复_20日后5日内收涨确认,闭仓_累计下降_5日_0.5sigma,闭仓_累计下降_5日_0.5sigma,2023-01-12,2023-01-13,2023-03-01,2023-03-02,1551,1552,1580,1581,4959.1444,5154.2112,0.039334769118640533,0.3982960655591312,-0.02646272016941198,29,False
000985.CSI,中证全指,fund_flow,资金流因子,胜率/资金,资金流因子_低位修复后收涨确认_资金流转弱退出,开仓_低位均值回复_20日后5日内收涨确认,闭仓_累计下降_5日_0.5sigma,闭仓_累计下降_5日_0.5sigma,2023-03-08,2023-03-09,2023-03-09,2023-03-10,1585,1586,1586,1587,5061.6567,4993.5126,-0.013462805567196923,-0.9671456526006578,-0.013462805567196923,1,False
000985.CSI,中证全指,fund_flow,资金流因子,胜率/资金,资金流因子_低位修复后收涨确认_资金流转弱退出,开仓_低位均值回复_20日后5日内收涨确认,闭仓_累计下降_5日_0.5sigma,闭仓_累计下降_5日_0.5sigma,2023-03-17,2023-03-20,2023-04-19,2023-04-20,1592,1593,1614,1615,4948.4184,5123.4256,0.03536628996448643,0.48900154432263876,-0.011052799836988036,22,False
000985.CSI,中证全指,fund_flow,资金流因子,胜率/资金,资金流因子_低位修复后收涨确认_资金流转弱退出,开仓_低位均值回复_20日后5日内收涨确认,闭仓_累计下降_5日_0.5sigma,闭仓_累计下降_5日_0.5sigma,2023-04-26,2023-04-27,2023-05-05,2023-05-08,1619,1620,1623,1624,4932.2731,5021.6967,0.018130301827771866,2.101786362892632,-0.0067739229244210275,4,False
000985.CSI,中证全指,fund_flow,资金流因子,胜率/资金,资金流因子_低位修复后收涨确认_资金流转弱退出,开仓_低位均值回复_20日后5日内收涨确认,闭仓_累计下降_5日_0.5sigma,闭仓_累计下降_5日_0.5sigma,2023-05-15,2023-05-16,2023-05-25,2023-05-26,1629,1630,1637,1638,4913.1989,4841.9347,-0.014504643807520257,-0.3688692535904413,-0.022385088369913153,8,False
000985.CSI,中证全指,fund_flow,资金流因子,胜率/资金,资金流因子_低位修复后收涨确认_资金流转弱退出,开仓_低位均值回复_20日后5日内收涨确认,闭仓_累计下降_5日_0.5sigma,闭仓_累计下降_5日_0.5sigma,2023-05-30,2023-05-31,2023-06-13,2023-06-14,1640,1641,1650,1651,4814.7948,4870.5082,0.011571292716358483,0.3363237910158141,-0.016972524914949272,10,False
000985.CSI,中证全指,fund_flow,资金流因子,胜率/资金,资金流因子_低位修复后收涨确认_资金流转弱退出,开仓_低位均值回复_20日后5日内收涨确认,闭仓_累计下降_5日_0.5sigma,闭仓_累计下降_5日_0.5sigma,2023-07-10,2023-07-11,2023-07-31,2023-08-01,1667,1668,1682,1683,4879.534,4948.3789,0.01410890876054971,0.2653808137892706,-0.022817323963890024,15,False
000985.CSI,中证全指,fund_flow,资金流因子,胜率/资金,资金流因子_低位修复后收涨确认_资金流转弱退出,开仓_低位均值回复_20日后5日内收涨确认,闭仓_累计下降_5日_0.5sigma,闭仓_累计下降_5日_0.5sigma,2023-08-22,2023-08-23,2023-08-23,2023-08-24,1698,1699,1699,1700,4579.4708,4600.3218,0.00455314618448921,2.1417771676418966,0.0,1,False
000985.CSI,中证全指,fund_flow,资金流因子,胜率/资金,资金流因子_低位修复后收涨确认_资金流转弱退出,开仓_低位均值回复_20日后5日内收涨确认,闭仓_累计下降_5日_0.5sigma,闭仓_累计下降_5日_0.5sigma,2023-08-24,2023-08-25,2023-09-01,2023-09-04,1700,1701,1706,1707,4550.0167,4759.8751,0.04612255598973958,5.6445837886335894,-0.006034195675932774,6,False
000985.CSI,中证全指,fund_flow,资金流因子,胜率/资金,资金流因子_低位修复后收涨确认_资金流转弱退出,开仓_低位均值回复_20日后5日内收涨确认,闭仓_累计下降_5日_0.5sigma,闭仓_累计下降_5日_0.5sigma,2023-09-04,2023-09-05,2023-09-20,2023-09-21,1707,1708,1719,1720,4729.155,4557.4374,-0.036310419091782786,-0.5400819706407036,-0.037055785566629695,12,False
000985.CSI,中证全指,fund_flow,资金流因子,胜率/资金,资金流因子_低位修复后收涨确认_资金流转弱退出,开仓_低位均值回复_20日后5日内收涨确认,闭仓_累计下降_5日_0.5sigma,闭仓_累计下降_5日_0.5sigma,2023-10-24,2023-10-25,2023-11-20,2023-11-21,1737,1738,1756,1757,4409.5213,4617.5943,0.04718720828040879,0.8432567419085499,-0.012308260575702334,19,False
000985.CSI,中证全指,fund_flow,资金流因子,胜率/资金,资金流因子_低位修复后收涨确认_资金流转弱退出,开仓_低位均值回复_20日后5日内收涨确认,闭仓_累计下降_5日_0.5sigma,闭仓_累计下降_5日_0.5sigma,2023-12-19,2023-12-20,2024-02-06,2024-02-07,1777,1778,1811,1812,4300.2438,3895.0043,-0.09423640120125287,-0.5198197654808203,-0.17087217652438003,34,False
000985.CSI,中证全指,fund_flow,资金流因子,胜率/资金,资金流因子_低位修复后收涨确认_资金流转弱退出,开仓_低位均值回复_20日后5日内收涨确认,闭仓_累计下降_5日_0.5sigma,闭仓_累计下降_5日_0.5sigma,2024-02-08,2024-02-19,2024-03-22,2024-03-25,1813,1814,1838,1839,4041.5081,4309.0524,0.06619912502464098,0.9081402105858623,-0.0295584876867514,25,False
000985.CSI,中证全指,fund_flow,资金流因子,胜率/资金,资金流因子_低位修复后收涨确认_资金流转弱退出,开仓_低位均值回复_20日后5日内收涨确认,闭仓_累计下降_5日_0.5sigma,闭仓_累计下降_5日_0.5sigma,2024-04-11,2024-04-12,2024-04-19,2024-04-22,1850,1851,1856,1857,4235.3772,4204.4026,-0.007313303759580059,-0.2652958933662424,-0.028935594392666242,6,False
000985.CSI,中证全指,fund_flow,资金流因子,胜率/资金,资金流因子_低位修复后收涨确认_资金流转弱退出,开仓_低位均值回复_20日后5日内收涨确认,闭仓_累计下降_5日_0.5sigma,闭仓_累计下降_5日_0.5sigma,2024-04-24,2024-04-25,2024-06-05,2024-06-06,1859,1860,1886,1887,4234.6607,4190.2044,-0.010498196467074838,-0.09380532098492222,-0.057138363258542046,27,False
000985.CSI,中证全指,fund_flow,资金流因子,胜率/资金,资金流因子_低位修复后收涨确认_资金流转弱退出,开仓_低位均值回复_20日后5日内收涨确认,闭仓_累计下降_5日_0.5sigma,闭仓_累计下降_5日_0.5sigma,2024-06-26,2024-06-27,2024-07-19,2024-07-22,1900,1901,1917,1918,4024.8782,4032.8593,0.0019829419931265413,0.02980049976274679,-0.03495619929536797,17,False
000985.CSI,中证全指,fund_flow,资金流因子,胜率/资金,资金流因子_低位修复后收涨确认_资金流转弱退出,开仓_低位均值回复_20日后5日内收涨确认,闭仓_累计下降_5日_0.5sigma,闭仓_累计下降_5日_0.5sigma,2024-09-10,2024-09-11,2024-09-23,2024-09-24,1954,1955,1961,1962,3723.9344,3888.1951,0.04410945047796755,3.729954472370662,-0.011411532920665879,7,False
000985.CSI,中证全指,fund_flow,资金流因子,胜率/资金,资金流因子_低位修复后收涨确认_资金流转弱退出,开仓_低位均值回复_20日后5日内收涨确认,闭仓_累计下降_5日_0.5sigma,闭仓_累计下降_5日_0.5sigma,2024-09-24,2024-09-25,2024-11-19,2024-11-20,1962,1963,1997,1998,3937.567,4906.8049,0.2461514686607238,3.876519917241814,-0.11041049063339425,35,False
000985.CSI,中证全指,fund_flow,资金流因子,胜率/资金,资金流因子_低位修复后收涨确认_资金流转弱退出,开仓_低位均值回复_20日后5日内收涨确认,闭仓_累计下降_5日_0.5sigma,闭仓_累计下降_5日_0.5sigma,2024-11-27,2024-11-28,2024-12-27,2024-12-30,2003,2004,2025,2026,4778.9653,4859.7909,0.016912782354791434,0.21180166658124877,-0.04760100281215429,22,False
000985.CSI,中证全指,fund_flow,资金流因子,胜率/资金,资金流因子_低位修复后收涨确认_资金流转弱退出,开仓_低位均值回复_20日后5日内收涨确认,闭仓_累计下降_5日_0.5sigma,闭仓_累计下降_5日_0.5sigma,2025-01-14,2025-01-15,2025-02-26,2025-02-27,2036,2037,2061,2062,4604.1247,4983.1606,0.08232528975594433,1.2198656345184795,-0.01625303127826494,25,False
000985.CSI,中证全指,fund_flow,资金流因子,胜率/资金,资金流因子_低位修复后收涨确认_资金流转弱退出,开仓_低位均值回复_20日后5日内收涨确认,闭仓_累计下降_5日_0.5sigma,闭仓_累计下降_5日_0.5sigma,2025-03-26,2025-03-27,2025-04-01,2025-04-02,2081,2082,2085,2086,4906.853,4847.5648,-0.012082734086388935,-0.5350606875385193,-0.01630148692043565,4,False
000985.CSI,中证全指,fund_flow,资金流因子,胜率/资金,资金流因子_低位修复后收涨确认_资金流转弱退出,开仓_低位均值回复_20日后5日内收涨确认,闭仓_累计下降_5日_0.5sigma,闭仓_累计下降_5日_0.5sigma,2025-04-02,2025-04-03,2025-05-22,2025-05-23,2086,2087,2118,2119,4809.7335,4771.6242,-0.007923370390480078,-0.06072318995592452,-0.09242846823010054,32,False
000985.CSI,中证全指,fund_flow,资金流因子,胜率/资金,资金流因子_低位修复后收涨确认_资金流转弱退出,开仓_低位均值回复_20日后5日内收涨确认,闭仓_累计下降_5日_0.5sigma,闭仓_累计下降_5日_0.5sigma,2025-06-23,2025-06-24,2025-07-10,2025-07-11,2139,2140,2152,2153,4868.0806,5045.7649,0.03649986814104933,1.0035673505815361,-0.0040396716057368165,13,False
000985.CSI,中证全指,fund_flow,资金流因子,胜率/资金,资金流因子_低位修复后收涨确认_资金流转弱退出,开仓_低位均值回复_20日后5日内收涨确认,闭仓_累计下降_5日_0.5sigma,闭仓_累计下降_5日_0.5sigma,2025-07-18,2025-07-21,2025-08-01,2025-08-04,2158,2159,2168,2169,5156.7249,5199.566,0.008307811805124521,0.23181907001785285,-0.019236005295915848,10,False
000985.CSI,中证全指,fund_flow,资金流因子,胜率/资金,资金流因子_低位修复后收涨确认_资金流转弱退出,开仓_低位均值回复_20日后5日内收涨确认,闭仓_累计下降_5日_0.5sigma,闭仓_累计下降_5日_0.5sigma,2025-08-05,2025-08-06,2025-09-03,2025-09-04,2170,2171,2191,2192,5272.0772,5502.1096,0.04363221388336269,0.6694357616976645,-0.046337324499100885,21,False
000985.CSI,中证全指,fund_flow,资金流因子,胜率/资金,资金流因子_低位修复后收涨确认_资金流转弱退出,开仓_低位均值回复_20日后5日内收涨确认,闭仓_累计下降_5日_0.5sigma,闭仓_累计下降_5日_0.5sigma,2025-09-15,2025-09-16,2025-11-25,2025-11-26,2199,2200,2244,2245,5790.9336,5690.0807,-0.01741565470548645,-0.09370182105659275,-0.0647047565421417,45,False
000985.CSI,中证全指,fund_flow,资金流因子,胜率/资金,资金流因子_低位修复后收涨确认_资金流转弱退出,开仓_低位均值回复_20日后5日内收涨确认,闭仓_累计下降_5日_0.5sigma,闭仓_累计下降_5日_0.5sigma,2025-12-04,2025-12-05,2025-12-15,2025-12-16,2251,2252,2258,2259,5776.8309,5668.201,-0.018804410563584284,-0.4951049133197475,-0.02867780215745841,7,False
000985.CSI,中证全指,fund_flow,资金流因子,胜率/资金,资金流因子_低位修复后收涨确认_资金流转弱退出,开仓_低位均值回复_20日后5日内收涨确认,闭仓_累计下降_5日_0.5sigma,闭仓_累计下降_5日_0.5sigma,2025-12-17,2025-12-18,2026-01-09,2026-01-12,2260,2261,2275,2276,5733.5503,6325.6364,0.10326692346276278,4.212355714471666,-0.0032297153073062024,15,False
000985.CSI,中证全指,fund_flow,资金流因子,胜率/资金,资金流因子_低位修复后收涨确认_资金流转弱退出,开仓_低位均值回复_20日后5日内收涨确认,闭仓_累计下降_5日_0.5sigma,闭仓_累计下降_5日_0.5sigma,2026-02-10,2026-02-11,2026-02-26,2026-02-27,2297,2298,2303,2304,6272.7164,6398.4583,0.02004584489105876,1.3015850432643474,-0.011484555941747132,6,False
000985.CSI,中证全指,fund_flow,资金流因子,胜率/资金,资金流因子_低位修复后收涨确认_资金流转弱退出,开仓_低位均值回复_20日后5日内收涨确认,闭仓_累计下降_5日_0.5sigma,闭仓_累计下降_5日_0.5sigma,2026-02-27,2026-03-02,2026-03-25,2026-03-26,2304,2305,2322,2323,6375.691,5861.8928,-0.08058706107306646,-0.6915757210021187,-0.10230709110588954,18,False
000985.CSI,中证全指,fund_flow,资金流因子,胜率/资金,资金流因子_低位修复后收涨确认_资金流转弱退出,开仓_低位均值回复_20日后5日内收涨确认,闭仓_累计下降_5日_0.5sigma,闭仓_累计下降_5日_0.5sigma,2026-04-01,2026-04-02,2026-04-15,2026-04-16,2327,2328,2336,2337,5860.4412,6239.4853,0.06467842387020273,4.782513883891134,-0.011765871825486385,9,False
000985.CSI,中证全指,fund_flow,资金流因子,胜率/资金,资金流因子_低位修复后收涨确认_资金流转弱退出,开仓_低位均值回复_20日后5日内收涨确认,闭仓_累计下降_5日_0.5sigma,闭仓_累计下降_5日_0.5sigma,2026-04-20,2026-04-21,2026-05-07,2026-05-08,2339,2340,2349,2350,6297.9136,6532.3442,0.03722353383825383,1.511791134178552,-0.017364736161067706,10,False
000985.CSI,中证全指,fund_flow,资金流因子,胜率/资金,资金流因子_低位修复后收涨确认_资金流转弱退出,开仓_低位均值回复_20日后5日内收涨确认,闭仓_累计下降_5日_0.5sigma,闭仓_累计下降_5日_0.5sigma,2026-06-02,2026-06-03,2026-06-12,2026-06-15,2367,2368,2375,2376,6395.8835,6380.1618,-0.0024580966804664817,-0.07459645055915964,-0.04325266399864858,8,False
000985.CSI,中证全指,fund_flow,资金流因子,胜率/资金,资金流因子_低位修复后收涨确认_资金流转弱退出,开仓_低位均值回复_20日后5日内收涨确认,闭仓_累计下降_5日_0.5sigma,闭仓_累计下降_5日_0.5sigma,2026-06-22,2026-06-23,2026-07-15,2026-07-16,2380,2381,2397,2398,6483.5661,5956.5003,-0.08129257755234431,-0.7154513601255513,-0.0956131432083952,17,False
000985.CSI,中证全指,fund_flow,资金流因子,胜率/资金,资金流因子_低位修复后收涨确认_资金流转弱退出,开仓_低位均值回复_20日后5日内收涨确认,闭仓_累计下降_5日_0.5sigma,闭仓_累计下降_5日_0.5sigma,2026-07-27,2026-07-28,2026-08-05,2026-08-06,2405,2406,2412,2413,5648.7086,5896.3568,0.04384156052942778,3.6864612931360936,-0.019495334556005384,7,False
000985.CSI,中证全指,fund_flow,资金流因子,胜率/资金,资金流因子_低位修复后收涨确认_资金流转弱退出,开仓_低位均值回复_20日后5日内收涨确认,闭仓_累计下降_5日_0.5sigma,end,2026-08-07,2026-08-10,2026-08-25,2026-08-25,2414,2415,2426,2426,6009.5336,5832.9177,-0.029389285717613678,-0.49508928858168577,-0.04812717250610066,11,True
000985.CSI,中证全指,institutional_net_buy,机构主动净买入,胜率/资金,机构主动净买入_季线低位修复_月线强势退潮退出,机构主动净买入_季线<=-0.5 + 季线5日斜率刚转正 + 信号日不大跌,闭仓_下穿_1.5sigma,闭仓_下穿_1.5sigma,2016-09-29,2016-09-30,2016-11-23,2016-11-24,23,24,57,58,4757.4047,5069.8288,0.06567112106312933,0.6022734469330739,-0.012240822682431207,34,False
000985.CSI,中证全指,institutional_net_buy,机构主动净买入,胜率/资金,机构主动净买入_季线低位修复_月线强势退潮退出,机构主动净买入_季线<=-0.5 + 季线5日斜率刚转正 + 信号日不大跌,闭仓_下穿_1.5sigma,闭仓_下穿_1.5sigma,2017-01-09,2017-01-10,2017-03-03,2017-03-06,89,90,123,124,4861.7697,4929.7997,0.0139928470902273,0.1084834035180211,-0.04451876854635861,34,False
000985.CSI,中证全指,institutional_net_buy,机构主动净买入,胜率/资金,机构主动净买入_季线低位修复_月线强势退潮退出,机构主动净买入_季线<=-0.5 + 季线5日斜率刚转正 + 信号日不大跌,闭仓_下穿_1.5sigma,闭仓_下穿_1.5sigma,2017-08-25,2017-08-28,2017-09-15,2017-09-18,243,244,258,259,4944.0749,5036.7134,0.018737276815931736,0.36598183193000944,-0.005024411901623949,15,False
000985.CSI,中证全指,institutional_net_buy,机构主动净买入,胜率/资金,机构主动净买入_季线低位修复_月线强势退潮退出,机构主动净买入_季线<=-0.5 + 季线5日斜率刚转正 + 信号日不大跌,闭仓_下穿_1.5sigma,闭仓_下穿_1.5sigma,2017-11-20,2017-11-21,2018-01-15,2018-01-16,299,300,338,339,5102.285,5030.0606,-0.01415530492710615,-0.08800300116949744,-0.05091768452937728,39,False
000985.CSI,中证全指,institutional_net_buy,机构主动净买入,胜率/资金,机构主动净买入_季线低位修复_月线强势退潮退出,机构主动净买入_季线<=-0.5 + 季线5日斜率刚转正 + 信号日不大跌,闭仓_下穿_1.5sigma,闭仓_下穿_1.5sigma,2018-07-09,2018-07-10,2018-07-25,2018-07-26,453,454,465,466,4073.2488,4164.4876,0.022399515590601826,0.5923309480168777,-0.019329214557185947,12,False
000985.CSI,中证全指,institutional_net_buy,机构主动净买入,胜率/资金,机构主动净买入_季线低位修复_月线强势退潮退出,机构主动净买入_季线<=-0.5 + 季线5日斜率刚转正 + 信号日不大跌,闭仓_下穿_1.5sigma,闭仓_下穿_1.5sigma,2019-01-07,2019-01-08,2019-03-19,2019-03-20,575,576,621,622,3508.5228,4463.5506,0.27220224990414743,2.739262172887345,-0.04049768027395906,46,False
000985.CSI,中证全指,institutional_net_buy,机构主动净买入,胜率/资金,机构主动净买入_季线低位修复_月线强势退潮退出,机构主动净买入_季线<=-0.5 + 季线5日斜率刚转正 + 信号日不大跌,闭仓_下穿_1.5sigma,闭仓_下穿_1.5sigma,2019-06-05,2019-06-06,2019-07-02,2019-07-03,673,674,691,692,3980.9375,4320.9568,0.08541186592354189,2.15009688179446,-0.018711020608306983,18,False
000985.CSI,中证全指,institutional_net_buy,机构主动净买入,胜率/资金,机构主动净买入_季线低位修复_月线强势退潮退出,机构主动净买入_季线<=-0.5 + 季线5日斜率刚转正 + 信号日不大跌,闭仓_下穿_1.5sigma,闭仓_下穿_1.5sigma,2019-08-12,2019-08-13,2019-09-20,2019-09-23,720,721,748,749,4012.5578,4354.3979,0.08519256719491985,1.0871866793875204,-0.020377006479762372,28,False
000985.CSI,中证全指,institutional_net_buy,机构主动净买入,胜率/资金,机构主动净买入_季线低位修复_月线强势退潮退出,机构主动净买入_季线<=-0.5 + 季线5日斜率刚转正 + 信号日不大跌,闭仓_下穿_1.5sigma,闭仓_下穿_1.5sigma,2019-11-26,2019-11-27,2020-01-06,2020-01-07,790,791,818,819,4219.4443,4633.3173,0.09808708696545643,1.3212988706731252,-0.022725886579533006,28,False
000985.CSI,中证全指,institutional_net_buy,机构主动净买入,胜率/资金,机构主动净买入_季线低位修复_月线强势退潮退出,机构主动净买入_季线<=-0.5 + 季线5日斜率刚转正 + 信号日不大跌,闭仓_下穿_1.5sigma,闭仓_下穿_1.5sigma,2020-06-03,2020-06-04,2021-12-10,2021-12-13,915,916,1286,1287,4578.8989,6043.2789,0.3198105116494274,0.2074159936297264,-0.110461171007049,371,False
000985.CSI,中证全指,institutional_net_buy,机构主动净买入,胜率/资金,机构主动净买入_季线低位修复_月线强势退潮退出,机构主动净买入_季线<=-0.5 + 季线5日斜率刚转正 + 信号日不大跌,闭仓_下穿_1.5sigma,闭仓_下穿_1.5sigma,2022-05-20,2022-05-23,2022-06-07,2022-06-08,1390,1391,1401,1402,4868.5237,5061.6596,0.03967032141591509,1.4381695692139376,-0.03171199515779288,11,False
000985.CSI,中证全指,institutional_net_buy,机构主动净买入,胜率/资金,机构主动净买入_季线低位修复_月线强势退潮退出,机构主动净买入_季线<=-0.5 + 季线5日斜率刚转正 + 信号日不大跌,闭仓_下穿_1.5sigma,闭仓_下穿_1.5sigma,2022-06-21,2022-06-22,2022-08-31,2022-09-01,1411,1412,1462,1463,5111.0577,4983.7003,-0.02491801256714432,-0.11722442501298336,-0.07471259502172112,51,False
000985.CSI,中证全指,institutional_net_buy,机构主动净买入,胜率/资金,机构主动净买入_季线低位修复_月线强势退潮退出,机构主动净买入_季线<=-0.5 + 季线5日斜率刚转正 + 信号日不大跌,闭仓_下穿_1.5sigma,闭仓_下穿_1.5sigma,2022-10-25,2022-10-26,2022-12-09,2022-12-12,1495,1496,1528,1529,4666.4269,4936.6328,0.057904239322810414,0.5370262168752578,-0.035637159557776465,33,False
000985.CSI,中证全指,institutional_net_buy,机构主动净买入,胜率/资金,机构主动净买入_季线低位修复_月线强势退潮退出,机构主动净买入_季线<=-0.5 + 季线5日斜率刚转正 + 信号日不大跌,闭仓_下穿_1.5sigma,闭仓_下穿_1.5sigma,2023-03-31,2023-04-03,2023-06-29,2023-06-30,1602,1603,1660,1661,5128.9823,4859.8924,-0.05246457957166273,-0.20875444900358087,-0.07690151169273074,58,False
000985.CSI,中证全指,institutional_net_buy,机构主动净买入,胜率/资金,机构主动净买入_季线低位修复_月线强势退潮退出,机构主动净买入_季线<=-0.5 + 季线5日斜率刚转正 + 信号日不大跌,闭仓_下穿_1.5sigma,闭仓_下穿_1.5sigma,2023-10-31,2023-11-01,2023-11-29,2023-11-30,1742,1743,1763,1764,4512.9991,4522.1118,0.0020192115704165126,0.024501454521830057,-0.02316096777340404,21,False
000985.CSI,中证全指,institutional_net_buy,机构主动净买入,胜率/资金,机构主动净买入_季线低位修复_月线强势退潮退出,机构主动净买入_季线<=-0.5 + 季线5日斜率刚转正 + 信号日不大跌,闭仓_下穿_1.5sigma,闭仓_下穿_1.5sigma,2024-02-01,2024-02-02,2024-03-22,2024-03-25,1808,1809,1838,1839,3765.6602,4309.0524,0.14430197392744026,2.10271178770286,-0.0295584876867514,30,False
000985.CSI,中证全指,institutional_net_buy,机构主动净买入,胜率/资金,机构主动净买入_季线低位修复_月线强势退潮退出,机构主动净买入_季线<=-0.5 + 季线5日斜率刚转正 + 信号日不大跌,闭仓_下穿_1.5sigma,闭仓_下穿_1.5sigma,2024-05-27,2024-05-28,2024-11-06,2024-11-07,1879,1880,1988,1989,4305.3863,5071.7389,0.17799856890890364,0.4604324362295975,-0.14608067455904017,109,False
000985.CSI,中证全指,institutional_net_buy,机构主动净买入,胜率/资金,机构主动净买入_季线低位修复_月线强势退潮退出,机构主动净买入_季线<=-0.5 + 季线5日斜率刚转正 + 信号日不大跌,闭仓_下穿_1.5sigma,闭仓_下穿_1.5sigma,2025-01-24,2025-01-27,2025-03-06,2025-03-07,2044,2045,2067,2068,4632.6668,4964.774,0.07168812572490646,1.1352330543175273,-0.02797001626384321,23,False
000985.CSI,中证全指,institutional_net_buy,机构主动净买入,胜率/资金,机构主动净买入_季线低位修复_月线强势退潮退出,机构主动净买入_季线<=-0.5 + 季线5日斜率刚转正 + 信号日不大跌,闭仓_下穿_1.5sigma,闭仓_下穿_1.5sigma,2025-11-05,2025-11-06,2025-11-25,2025-11-26,2230,2231,2244,2245,5918.754,5690.0807,-0.03863537832455943,-0.5079758179584631,-0.06263036100627939,14,False
000985.CSI,中证全指,institutional_net_buy,机构主动净买入,胜率/资金,机构主动净买入_季线低位修复_月线强势退潮退出,机构主动净买入_季线<=-0.5 + 季线5日斜率刚转正 + 信号日不大跌,闭仓_下穿_1.5sigma,闭仓_下穿_1.5sigma,2026-01-19,2026-01-20,2026-06-09,2026-06-10,2281,2282,2372,2373,6235.573,6173.6278,-0.009934163227661719,-0.027268851214847678,-0.10550130490027587,91,False
000985.CSI,中证全指,margin_trading_ratio,融资成交占比_季线,胜率/资金,融资成交占比_季线扩张后收涨确认,开仓_累计上升_10日_1sigma后5日内收涨确认,闭仓_下穿均线_20日,闭仓_下穿均线_20日,2016-10-18,2016-10-19,2016-11-04,2016-11-07,31,32,44,45,4886.1995,4923.6553,0.007665630517133204,0.15954612253441236,-0.012240822682431207,13,False
000985.CSI,中证全指,margin_trading_ratio,融资成交占比_季线,胜率/资金,融资成交占比_季线扩张后收涨确认,开仓_累计上升_10日_1sigma后5日内收涨确认,闭仓_下穿均线_20日,闭仓_下穿均线_20日,2016-11-14,2016-11-15,2016-12-08,2016-12-09,50,51,68,69,5044.4789,5006.607,-0.007507594094605108,-0.10012809271943923,-0.025453511013976082,18,False
000985.CSI,中证全指,margin_trading_ratio,融资成交占比_季线,胜率/资金,融资成交占比_季线扩张后收涨确认,开仓_累计上升_10日_1sigma后5日内收涨确认,闭仓_下穿均线_20日,闭仓_下穿均线_20日,2017-02-10,2017-02-13,2017-03-31,2017-04-05,108,109,143,144,4872.1071,4949.5901,0.015903386031887567,0.1203077400356296,-0.024529654860683703,35,False
000985.CSI,中证全指,margin_trading_ratio,融资成交占比_季线,胜率/资金,融资成交占比_季线扩张后收涨确认,开仓_累计上升_10日_1sigma后5日内收涨确认,闭仓_下穿均线_20日,闭仓_下穿均线_20日,2017-04-20,2017-04-21,2017-04-21,2017-04-24,155,156,156,157,4768.2533,4671.0193,-0.020391953590217282,-0.9944385169499856,-0.020391953590217282,1,False
000985.CSI,中证全指,margin_trading_ratio,融资成交占比_季线,胜率/资金,融资成交占比_季线扩张后收涨确认,开仓_累计上升_10日_1sigma后5日内收涨确认,闭仓_下穿均线_20日,闭仓_下穿均线_20日,2017-06-29,2017-06-30,2017-07-20,2017-07-21,202,203,217,218,4772.1414,4754.6099,-0.0036737176312504616,-0.059959296178243804,-0.035493618366553625,15,False
000985.CSI,中证全指,margin_trading_ratio,融资成交占比_季线,胜率/资金,融资成交占比_季线扩张后收涨确认,开仓_累计上升_10日_1sigma后5日内收涨确认,闭仓_下穿均线_20日,闭仓_下穿均线_20日,2017-11-06,2017-11-07,2017-11-22,2017-11-23,289,290,301,302,5081.4051,4970.1983,-0.021885049078255947,-0.3716699301239389,-0.03667577866537908,12,False
000985.CSI,中证全指,margin_trading_ratio,融资成交占比_季线,胜率/资金,融资成交占比_季线扩张后收涨确认,开仓_累计上升_10日_1sigma后5日内收涨确认,闭仓_下穿均线_20日,闭仓_下穿均线_20日,2017-12-28,2017-12-29,2018-02-02,2018-02-05,327,328,352,353,4898.9029,4868.8127,-0.006142232376150969,-0.060215446823111085,-0.05351371231333413,25,False
000985.CSI,中证全指,margin_trading_ratio,融资成交占比_季线,胜率/资金,融资成交占比_季线扩张后收涨确认,开仓_累计上升_10日_1sigma后5日内收涨确认,闭仓_下穿均线_20日,闭仓_下穿均线_20日,2018-07-03,2018-07-04,2018-08-08,2018-08-09,449,450,475,476,4002.4732,3963.8034,-0.009661476309198003,-0.08980580037623387,-0.08788322078512234,26,False
000985.CSI,中证全指,margin_trading_ratio,融资成交占比_季线,胜率/资金,融资成交占比_季线扩张后收涨确认,开仓_累计上升_10日_1sigma后5日内收涨确认,闭仓_下穿均线_20日,闭仓_下穿均线_20日,2018-09-28,2018-10-08,2018-10-16,2018-10-17,511,512,518,519,3743.299,3457.6997,-0.07629614946601915,-0.9425646668305632,-0.08239464707467925,7,False
000985.CSI,中证全指,margin_trading_ratio,融资成交占比_季线,胜率/资金,融资成交占比_季线扩张后收涨确认,开仓_累计上升_10日_1sigma后5日内收涨确认,闭仓_下穿均线_20日,闭仓_下穿均线_20日,2018-10-31,2018-11-01,2018-11-13,2018-11-14,529,530,538,539,3550.3008,3685.2557,0.0380122439202899,1.842296209700442,-0.022285036863813223,9,False
000985.CSI,中证全指,margin_trading_ratio,融资成交占比_季线,胜率/资金,融资成交占比_季线扩张后收涨确认,开仓_累计上升_10日_1sigma后5日内收涨确认,闭仓_下穿均线_20日,闭仓_下穿均线_20日,2019-01-11,2019-01-14,2019-03-07,2019-03-08,579,580,613,614,3526.0851,4249.7323,0.2052268108900719,2.9889882181043954,-0.04049768027395906,34,False
000985.CSI,中证全指,margin_trading_ratio,融资成交占比_季线,胜率/资金,融资成交占比_季线扩张后收涨确认,开仓_累计上升_10日_1sigma后5日内收涨确认,闭仓_下穿均线_20日,闭仓_下穿均线_20日,2019-05-27,2019-05-28,2019-07-12,2019-07-15,666,667,699,700,4159.7503,4228.4917,0.016525366919259543,0.13333244500268848,-0.04323331596342983,33,False
000985.CSI,中证全指,margin_trading_ratio,融资成交占比_季线,胜率/资金,融资成交占比_季线扩张后收涨确认,开仓_累计上升_10日_1sigma后5日内收涨确认,闭仓_下穿均线_20日,闭仓_下穿均线_20日,2019-08-22,2019-08-23,2019-09-18,2019-09-19,728,729,746,747,4201.7242,4388.8838,0.04454352334691558,0.8406514963839617,-0.020377006479762372,18,False
000985.CSI,中证全指,margin_trading_ratio,融资成交占比_季线,胜率/资金,融资成交占比_季线扩张后收涨确认,开仓_累计上升_10日_1sigma后5日内收涨确认,闭仓_下穿均线_20日,闭仓_下穿均线_20日,2019-12-10,2019-12-11,2020-01-07,2020-01-08,800,801,819,820,4290.4536,4575.36,0.06640472699669786,1.3460362059384727,-0.022725886579533006,19,False
000985.CSI,中证全指,margin_trading_ratio,融资成交占比_季线,胜率/资金,融资成交占比_季线扩张后收涨确认,开仓_累计上升_10日_1sigma后5日内收涨确认,闭仓_下穿均线_20日,闭仓_下穿均线_20日,2020-02-20,2020-02-21,2020-03-03,2020-03-04,845,846,853,854,4751.46,4721.6619,-0.006271356593552269,-0.17976941818972236,-0.060852226523301356,8,False
000985.CSI,中证全指,margin_trading_ratio,融资成交占比_季线,胜率/资金,融资成交占比_季线扩张后收涨确认,开仓_累计上升_10日_1sigma后5日内收涨确认,闭仓_下穿均线_20日,闭仓_下穿均线_20日,2020-04-09,2020-04-10,2020-05-26,2020-05-27,879,880,909,910,4319.3555,4413.3213,0.021754588155570964,0.19815060453452515,-0.03608940070999611,30,False
000985.CSI,中证全指,margin_trading_ratio,融资成交占比_季线,胜率/资金,融资成交占比_季线扩张后收涨确认,开仓_累计上升_10日_1sigma后5日内收涨确认,闭仓_下穿均线_20日,闭仓_下穿均线_20日,2020-06-09,2020-06-10,2020-07-16,2020-07-17,919,920,944,945,4624.6669,5202.8155,0.12501410642137256,2.2784783339007006,-0.07586662272668032,25,False
000985.CSI,中证全指,margin_trading_ratio,融资成交占比_季线,胜率/资金,融资成交占比_季线扩张后收涨确认,开仓_累计上升_10日_1sigma后5日内收涨确认,闭仓_下穿均线_20日,闭仓_下穿均线_20日,2020-11-12,2020-11-13,2020-12-10,2020-12-11,1023,1024,1043,1044,5402.7702,5371.694,-0.005751901126573866,-0.07010461500944831,-0.03472348796193703,20,False
000985.CSI,中证全指,margin_trading_ratio,融资成交占比_季线,胜率/资金,融资成交占比_季线扩张后收涨确认,开仓_累计上升_10日_1sigma后5日内收涨确认,闭仓_下穿均线_20日,闭仓_下穿均线_20日,2020-12-30,2020-12-31,2021-01-22,2021-01-25,1057,1058,1073,1074,5621.7288,5902.0349,0.04986119216565554,1.1519250863445594,-0.019791082864206166,16,False
000985.CSI,中证全指,margin_trading_ratio,融资成交占比_季线,胜率/资金,融资成交占比_季线扩张后收涨确认,开仓_累计上升_10日_1sigma后5日内收涨确认,闭仓_下穿均线_20日,闭仓_下穿均线_20日,2021-02-25,2021-02-26,2021-03-02,2021-03-03,1092,1093,1095,1096,5617.6694,5759.4494,0.025238224235837103,7.114884402155452,-0.010109405728277565,3,False
000985.CSI,中证全指,margin_trading_ratio,融资成交占比_季线,胜率/资金,融资成交占比_季线扩张后收涨确认,开仓_累计上升_10日_1sigma后5日内收涨确认,闭仓_下穿均线_20日,闭仓_下穿均线_20日,2021-04-14,2021-04-15,2021-06-07,2021-06-08,1125,1126,1160,1161,5382.6199,5739.3911,0.06628207204450765,0.5873736695347442,-0.02289267548764151,35,False
000985.CSI,中证全指,margin_trading_ratio,融资成交占比_季线,胜率/资金,融资成交占比_季线扩张后收涨确认,开仓_累计上升_10日_1sigma后5日内收涨确认,闭仓_下穿均线_20日,闭仓_下穿均线_20日,2021-08-18,2021-08-19,2021-09-22,2021-09-23,1211,1212,1234,1235,5694.725,5854.0768,0.027982352088994578,0.3530727040687134,-0.029198920191128352,23,False
000985.CSI,中证全指,margin_trading_ratio,融资成交占比_季线,胜率/资金,融资成交占比_季线扩张后收涨确认,开仓_累计上升_10日_1sigma后5日内收涨确认,闭仓_下穿均线_20日,闭仓_下穿均线_20日,2021-10-25,2021-10-26,2021-12-07,2021-12-08,1252,1253,1283,1284,5801.9828,5960.454,0.027313283314111203,0.24489660117108492,-0.023080816440889773,31,False
000985.CSI,中证全指,margin_trading_ratio,融资成交占比_季线,胜率/资金,融资成交占比_季线扩张后收涨确认,开仓_累计上升_10日_1sigma后5日内收涨确认,闭仓_下穿均线_20日,闭仓_下穿均线_20日,2022-02-16,2022-02-17,2022-03-11,2022-03-14,1328,1329,1345,1346,5532.4855,5098.4115,-0.07845913016852912,-0.7021612916114164,-0.08978407218197404,17,False
000985.CSI,中证全指,margin_trading_ratio,融资成交占比_季线,胜率/资金,融资成交占比_季线扩张后收涨确认,开仓_累计上升_10日_1sigma后5日内收涨确认,闭仓_下穿均线_20日,闭仓_下穿均线_20日,2022-05-12,2022-05-13,2022-06-24,2022-06-27,1384,1385,1414,1415,4739.1925,5322.6636,0.12311614267620485,1.6519615520868736,-0.03171199515779288,30,False
000985.CSI,中证全指,margin_trading_ratio,融资成交占比_季线,胜率/资金,融资成交占比_季线扩张后收涨确认,开仓_累计上升_10日_1sigma后5日内收涨确认,闭仓_下穿均线_20日,闭仓_下穿均线_20日,2022-10-18,2022-10-19,2022-11-25,2022-11-28,1490,1491,1518,1519,4736.7025,4743.2204,0.0013760416661168229,0.012452759975282612,-0.04994482976289938,28,False
000985.CSI,中证全指,margin_trading_ratio,融资成交占比_季线,胜率/资金,融资成交占比_季线扩张后收涨确认,开仓_累计上升_10日_1sigma后5日内收涨确认,闭仓_下穿均线_20日,闭仓_下穿均线_20日,2023-01-13,2023-01-16,2023-02-22,2023-02-23,1552,1553,1575,1576,5023.4292,5139.3138,0.023068823185564247,0.2838748963105975,-0.02646272016941198,23,False
000985.CSI,中证全指,margin_trading_ratio,融资成交占比_季线,胜率/资金,融资成交占比_季线扩张后收涨确认,开仓_累计上升_10日_1sigma后5日内收涨确认,闭仓_下穿均线_20日,闭仓_下穿均线_20日,2023-03-30,2023-03-31,2023-04-18,2023-04-19,1601,1602,1613,1614,5074.026,5134.0966,0.011838843553422906,0.2803782810740785,-0.011052799836988036,12,False
000985.CSI,中证全指,margin_trading_ratio,融资成交占比_季线,胜率/资金,融资成交占比_季线扩张后收涨确认,开仓_累计上升_10日_1sigma后5日内收涨确认,闭仓_下穿均线_20日,闭仓_下穿均线_20日,2023-06-27,2023-06-28,2023-07-03,2023-07-04,1658,1659,1662,1663,4815.6284,4914.6886,0.020570565619224546,2.6067117494563052,0.0,4,False
000985.CSI,中证全指,margin_trading_ratio,融资成交占比_季线,胜率/资金,融资成交占比_季线扩张后收涨确认,开仓_累计上升_10日_1sigma后5日内收涨确认,闭仓_下穿均线_20日,闭仓_下穿均线_20日,2023-08-03,2023-08-04,2023-08-16,2023-08-17,1685,1686,1694,1695,4967.3118,4755.5905,-0.04262291326266254,-0.7046582690500822,-0.049220526080122395,9,False
000985.CSI,中证全指,margin_trading_ratio,融资成交占比_季线,胜率/资金,融资成交占比_季线扩张后收涨确认,开仓_累计上升_10日_1sigma后5日内收涨确认,闭仓_下穿均线_20日,闭仓_下穿均线_20日,2023-09-04,2023-09-05,2023-10-17,2023-10-18,1707,1708,1732,1733,4729.155,4511.9017,-0.045939137118576,-0.37751786195088555,-0.04667705625378682,25,False
000985.CSI,中证全指,margin_trading_ratio,融资成交占比_季线,胜率/资金,融资成交占比_季线扩张后收涨确认,开仓_累计上升_10日_1sigma后5日内收涨确认,闭仓_下穿均线_20日,闭仓_下穿均线_20日,2023-11-13,2023-11-14,2023-11-23,2023-11-24,1751,1752,1759,1760,4601.2872,4558.1807,-0.009368356750258933,-0.25658009682737015,-0.01536958380773601,8,False
000985.CSI,中证全指,margin_trading_ratio,融资成交占比_季线,胜率/资金,融资成交占比_季线扩张后收涨确认,开仓_累计上升_10日_1sigma后5日内收涨确认,闭仓_下穿均线_20日,闭仓_下穿均线_20日,2024-01-09,2024-01-10,2024-01-12,2024-01-15,1791,1792,1794,1795,4204.0047,4223.3597,0.004603943473231453,0.4708548029087136,-0.006775948537549814,3,False
000985.CSI,中证全指,margin_trading_ratio,融资成交占比_季线,胜率/资金,融资成交占比_季线扩张后收涨确认,开仓_累计上升_10日_1sigma后5日内收涨确认,闭仓_下穿均线_20日,闭仓_下穿均线_20日,2024-02-06,2024-02-07,2024-03-18,2024-03-19,1811,1812,1834,1835,3895.0043,4401.2993,0.1299857358308949,2.8150044953255575,-0.0295584876867514,23,False
000985.CSI,中证全指,margin_trading_ratio,融资成交占比_季线,胜率/资金,融资成交占比_季线扩张后收涨确认,开仓_累计上升_10日_1sigma后5日内收涨确认,闭仓_下穿均线_20日,闭仓_下穿均线_20日,2024-07-16,2024-07-17,2024-07-30,2024-07-31,1914,1915,1924,1925,4013.7165,4020.5826,0.0017106589366737701,0.044012826328534205,-0.037506065517458165,10,False
000985.CSI,中证全指,margin_trading_ratio,融资成交占比_季线,胜率/资金,融资成交占比_季线扩张后收涨确认,开仓_累计上升_10日_1sigma后5日内收涨确认,闭仓_下穿均线_20日,闭仓_下穿均线_20日,2024-09-05,2024-09-06,2024-10-24,2024-10-25,1951,1952,1979,1980,3758.184,4767.4349,0.26854749527963495,7.506689661290229,-0.11041049063339425,28,False
000985.CSI,中证全指,margin_trading_ratio,融资成交占比_季线,胜率/资金,融资成交占比_季线扩张后收涨确认,开仓_累计上升_10日_1sigma后5日内收涨确认,闭仓_下穿均线_20日,闭仓_下穿均线_20日,2025-01-24,2025-01-27,2025-03-04,2025-03-05,2044,2045,2065,2066,4632.6668,4905.0251,0.058790824326066415,0.9848241141196699,-0.02797001626384321,21,False
000985.CSI,中证全指,margin_trading_ratio,融资成交占比_季线,胜率/资金,融资成交占比_季线扩张后收涨确认,开仓_累计上升_10日_1sigma后5日内收涨确认,闭仓_下穿均线_20日,闭仓_下穿均线_20日,2025-04-25,2025-04-28,2025-05-23,2025-05-26,2102,2103,2119,2120,4639.9026,4776.1769,0.029370077725338506,0.5358704684609634,-0.01908950357908401,17,False
000985.CSI,中证全指,margin_trading_ratio,融资成交占比_季线,胜率/资金,融资成交占比_季线扩张后收涨确认,开仓_累计上升_10日_1sigma后5日内收涨确认,闭仓_下穿均线_20日,闭仓_下穿均线_20日,2025-06-12,2025-06-13,2025-08-04,2025-08-05,2132,2133,2169,2170,4813.1973,5239.873,0.08864704133362666,0.7833272111167644,-0.019236005295915848,37,False
000985.CSI,中证全指,margin_trading_ratio,融资成交占比_季线,胜率/资金,融资成交占比_季线扩张后收涨确认,开仓_累计上升_10日_1sigma后5日内收涨确认,闭仓_下穿均线_20日,闭仓_下穿均线_20日,2025-12-08,2025-12-09,2026-01-21,2026-01-22,2253,2254,2283,2284,5802.8454,6298.0605,0.08534004714307897,0.989541283426641,-0.024297504483200894,30,False
000985.CSI,中证全指,margin_trading_ratio,融资成交占比_季线,胜率/资金,融资成交占比_季线扩张后收涨确认,开仓_累计上升_10日_1sigma后5日内收涨确认,闭仓_下穿均线_20日,闭仓_下穿均线_20日,2026-03-05,2026-03-06,2026-03-23,2026-03-24,2308,2309,2320,2321,6252.3769,5843.7257,-0.06535933558324036,-0.7581544388386285,-0.09339613386907863,12,False
000985.CSI,中证全指,margin_trading_ratio,融资成交占比_季线,胜率/资金,融资成交占比_季线扩张后收涨确认,开仓_累计上升_10日_1sigma后5日内收涨确认,闭仓_下穿均线_20日,闭仓_下穿均线_20日,2026-04-13,2026-04-14,2026-05-19,2026-05-20,2334,2335,2357,2358,6181.433,6525.0583,0.055589909330085785,0.8089476491464489,-0.03135303314782034,23,False
000985.CSI,中证全指,margin_trading_ratio,融资成交占比_季线,胜率/资金,融资成交占比_季线扩张后收涨确认,开仓_累计上升_10日_1sigma后5日内收涨确认,闭仓_下穿均线_20日,闭仓_下穿均线_20日,2026-06-25,2026-06-26,2026-07-03,2026-07-06,2383,2384,2389,2390,6401.006,6350.8946,-0.007828675680041641,-0.28114685202706347,-0.0323426440905864,6,False
000985.CSI,中证全指,margin_trading_ratio,融资成交占比_季线,胜率/资金,融资成交占比_季线扩张后收涨确认,开仓_累计上升_10日_1sigma后5日内收涨确认,闭仓_下穿均线_20日,闭仓_下穿均线_20日,2026-08-05,2026-08-06,2026-08-25,2026-08-25,2412,2413,2426,2426,5896.3568,5832.9177,-0.010759033442480859,-0.18916426257026786,-0.04812717250610066,13,False
000985.CSI,中证全指,small_cap_turnover,小市值换手因子_季线,胜率/量,小市值换手因子_季线低位修复与价因子退潮,开仓_低位均值回复_60日,闭仓_价因子同步下降_20日 OR 5日价因子同步转弱,闭仓_价因子同步下降_20日 OR 5日价因子同步转弱,2017-01-05,2017-01-06,2017-01-11,2017-01-12,87,88,91,92,4850.9355,4782.3159,-0.0141456426291382,-0.5924284136157482,-0.019097999789474907,4,False
000985.CSI,中证全指,small_cap_turnover,小市值换手因子_季线,胜率/量,小市值换手因子_季线低位修复与价因子退潮,开仓_低位均值回复_60日,闭仓_价因子同步下降_20日 OR 5日价因子同步转弱,闭仓_价因子同步下降_20日 OR 5日价因子同步转弱,2017-01-13,2017-01-16,2017-03-22,2017-03-23,93,94,136,137,4645.3297,4936.2589,0.06262832108558403,0.42760215663942525,-0.009974182359488992,43,False
000985.CSI,中证全指,small_cap_turnover,小市值换手因子_季线,胜率/量,小市值换手因子_季线低位修复与价因子退潮,开仓_低位均值回复_60日,闭仓_价因子同步下降_20日 OR 5日价因子同步转弱,闭仓_价因子同步下降_20日 OR 5日价因子同步转弱,2017-05-19,2017-05-22,2017-07-18,2017-07-19,175,176,215,216,4562.4096,4738.1693,0.03852343726437879,0.26888628464047803,-0.035493618366553625,40,False
000985.CSI,中证全指,small_cap_turnover,小市值换手因子_季线,胜率/量,小市值换手因子_季线低位修复与价因子退潮,开仓_低位均值回复_60日,闭仓_价因子同步下降_20日 OR 5日价因子同步转弱,闭仓_价因子同步下降_20日 OR 5日价因子同步转弱,2017-08-17,2017-08-18,2017-09-19,2017-09-20,237,238,260,261,4845.8601,5046.2482,0.04135243194495031,0.5588702637192882,-0.01050361944655609,23,False
000985.CSI,中证全指,small_cap_turnover,小市值换手因子_季线,胜率/量,小市值换手因子_季线低位修复与价因子退潮,开仓_低位均值回复_60日,闭仓_价因子同步下降_20日 OR 5日价因子同步转弱,闭仓_价因子同步下降_20日 OR 5日价因子同步转弱,2017-11-17,2017-11-20,2017-11-20,2017-11-21,298,299,299,300,5055.0792,5102.285,0.00933829088177296,9.40544854400281,0.0,1,False
000985.CSI,中证全指,small_cap_turnover,小市值换手因子_季线,胜率/量,小市值换手因子_季线低位修复与价因子退潮,开仓_低位均值回复_60日,闭仓_价因子同步下降_20日 OR 5日价因子同步转弱,闭仓_价因子同步下降_20日 OR 5日价因子同步转弱,2017-11-22,2017-11-23,2017-11-23,2017-11-24,301,302,302,303,4970.1983,4973.5076,0.0006658285646268247,0.1826207659012855,0.0,1,False
000985.CSI,中证全指,small_cap_turnover,小市值换手因子_季线,胜率/量,小市值换手因子_季线低位修复与价因子退潮,开仓_低位均值回复_60日,闭仓_价因子同步下降_20日 OR 5日价因子同步转弱,闭仓_价因子同步下降_20日 OR 5日价因子同步转弱,2017-12-19,2017-12-20,2017-12-20,2017-12-21,320,321,321,322,4896.1855,4926.1749,0.0061250538812307465,3.659022863537052,0.0,1,False
000985.CSI,中证全指,small_cap_turnover,小市值换手因子_季线,胜率/量,小市值换手因子_季线低位修复与价因子退潮,开仓_低位均值回复_60日,闭仓_价因子同步下降_20日 OR 5日价因子同步转弱,闭仓_价因子同步下降_20日 OR 5日价因子同步转弱,2017-12-21,2017-12-22,2018-02-13,2018-02-14,322,323,359,360,4915.8018,4600.6075,-0.06411859404095588,-0.3632184940251709,-0.13270466008476878,37,False
000985.CSI,中证全指,small_cap_turnover,小市值换手因子_季线,胜率/量,小市值换手因子_季线低位修复与价因子退潮,开仓_低位均值回复_60日,闭仓_价因子同步下降_20日 OR 5日价因子同步转弱,闭仓_价因子同步下降_20日 OR 5日价因子同步转弱,2018-07-02,2018-07-03,2018-07-03,2018-07-04,448,449,449,450,4064.3657,4002.4732,-0.015228083437472173,-0.9790788735580749,-0.015228083437472173,1,False
000985.CSI,中证全指,small_cap_turnover,小市值换手因子_季线,胜率/量,小市值换手因子_季线低位修复与价因子退潮,开仓_低位均值回复_60日,闭仓_价因子同步下降_20日 OR 5日价因子同步转弱,闭仓_价因子同步下降_20日 OR 5日价因子同步转弱,2018-07-04,2018-07-05,2018-08-16,2018-08-17,450,451,481,482,3936.3043,3785.0125,-0.03843498583176097,-0.2728350707860706,-0.09815949853163708,31,False
000985.CSI,中证全指,small_cap_turnover,小市值换手因子_季线,胜率/量,小市值换手因子_季线低位修复与价因子退潮,开仓_低位均值回复_60日,闭仓_价因子同步下降_20日 OR 5日价因子同步转弱,闭仓_价因子同步下降_20日 OR 5日价因子同步转弱,2019-01-11,2019-01-14,2019-03-25,2019-03-26,579,580,625,626,3526.0851,4338.5646,0.23041970824810787,2.1141200705269343,-0.04049768027395906,46,False
000985.CSI,中证全指,small_cap_turnover,小市值换手因子_季线,胜率/量,小市值换手因子_季线低位修复与价因子退潮,开仓_低位均值回复_60日,闭仓_价因子同步下降_20日 OR 5日价因子同步转弱,闭仓_价因子同步下降_20日 OR 5日价因子同步转弱,2019-05-28,2019-05-29,2019-07-23,2019-07-24,667,668,706,707,4159.968,4199.8162,0.009578967915137904,0.06353716896788719,-0.05363478968832158,39,False
000985.CSI,中证全指,small_cap_turnover,小市值换手因子_季线,胜率/量,小市值换手因子_季线低位修复与价因子退潮,开仓_低位均值回复_60日,闭仓_价因子同步下降_20日 OR 5日价因子同步转弱,闭仓_价因子同步下降_20日 OR 5日价因子同步转弱,2019-08-07,2019-08-08,2019-08-08,2019-08-09,717,718,718,719,4013.8661,3971.5278,-0.010548010059428847,-0.9309011179455051,-0.010548010059428847,1,False
000985.CSI,中证全指,small_cap_turnover,小市值换手因子_季线,胜率/量,小市值换手因子_季线低位修复与价因子退潮,开仓_低位均值回复_60日,闭仓_价因子同步下降_20日 OR 5日价因子同步转弱,闭仓_价因子同步下降_20日 OR 5日价因子同步转弱,2019-08-09,2019-08-12,2019-08-21,2019-08-22,719,720,727,728,4042.2314,4187.4966,0.03593688377167137,2.040876809180454,-0.007340895921990054,8,False
000985.CSI,中证全指,small_cap_turnover,小市值换手因子_季线,胜率/量,小市值换手因子_季线低位修复与价因子退潮,开仓_低位均值回复_60日,闭仓_价因子同步下降_20日 OR 5日价因子同步转弱,闭仓_价因子同步下降_20日 OR 5日价因子同步转弱,2019-12-03,2019-12-04,2019-12-04,2019-12-05,795,796,796,797,4214.5169,4252.4572,0.009002289206623049,8.568022601680214,0.0,1,False
000985.CSI,中证全指,small_cap_turnover,小市值换手因子_季线,胜率/量,小市值换手因子_季线低位修复与价因子退潮,开仓_低位均值回复_60日,闭仓_价因子同步下降_20日 OR 5日价因子同步转弱,闭仓_价因子同步下降_20日 OR 5日价因子同步转弱,2019-12-05,2019-12-06,2020-01-20,2020-01-21,797,798,828,829,4280.5132,4619.5325,0.07920062014993912,0.8581841001444213,-0.022725886579533006,31,False
000985.CSI,中证全指,small_cap_turnover,小市值换手因子_季线,胜率/量,小市值换手因子_季线低位修复与价因子退潮,开仓_低位均值回复_60日,闭仓_价因子同步下降_20日 OR 5日价因子同步转弱,闭仓_价因子同步下降_20日 OR 5日价因子同步转弱,2020-04-22,2020-04-23,2020-05-15,2020-05-18,888,889,902,903,4409.3294,4486.8457,0.017580065576411785,0.3684679477648838,-0.014343337560582259,14,False
000985.CSI,中证全指,small_cap_turnover,小市值换手因子_季线,胜率/量,小市值换手因子_季线低位修复与价因子退潮,开仓_低位均值回复_60日,闭仓_价因子同步下降_20日 OR 5日价因子同步转弱,闭仓_价因子同步下降_20日 OR 5日价因子同步转弱,2020-05-19,2020-05-20,2020-05-20,2020-05-21,904,905,905,906,4499.9099,4462.1544,-0.008390279103143716,-0.8803602646782362,-0.008390279103143716,1,False
000985.CSI,中证全指,small_cap_turnover,小市值换手因子_季线,胜率/量,小市值换手因子_季线低位修复与价因子退潮,开仓_低位均值回复_60日,闭仓_价因子同步下降_20日 OR 5日价因子同步转弱,闭仓_价因子同步下降_20日 OR 5日价因子同步转弱,2020-05-21,2020-05-22,2020-07-22,2020-07-23,906,907,948,949,4370.1505,5417.9236,0.23975675437264687,2.6309385452648852,-0.07586662272668032,42,False
000985.CSI,中证全指,small_cap_turnover,小市值换手因子_季线,胜率/量,小市值换手因子_季线低位修复与价因子退潮,开仓_低位均值回复_60日,闭仓_价因子同步下降_20日 OR 5日价因子同步转弱,闭仓_价因子同步下降_20日 OR 5日价因子同步转弱,2020-10-21,2020-10-22,2020-10-22,2020-10-23,1007,1008,1008,1009,5374.5496,5295.6172,-0.014686328320423492,-0.9759687570291393,-0.014686328320423492,1,False
000985.CSI,中证全指,small_cap_turnover,小市值换手因子_季线,胜率/量,小市值换手因子_季线低位修复与价因子退潮,开仓_低位均值回复_60日,闭仓_价因子同步下降_20日 OR 5日价因子同步转弱,闭仓_价因子同步下降_20日 OR 5日价因子同步转弱,2020-10-23,2020-10-26,2020-10-26,2020-10-27,1009,1010,1010,1011,5284.8498,5297.0037,0.00229976261577014,0.7840299046391301,0.0,1,False
000985.CSI,中证全指,small_cap_turnover,小市值换手因子_季线,胜率/量,小市值换手因子_季线低位修复与价因子退潮,开仓_低位均值回复_60日,闭仓_价因子同步下降_20日 OR 5日价因子同步转弱,闭仓_价因子同步下降_20日 OR 5日价因子同步转弱,2020-10-27,2020-10-28,2020-12-08,2020-12-09,1011,1012,1041,1042,5326.0092,5439.0507,0.02122442822667292,0.19293844917187442,-0.024082735581916093,30,False
000985.CSI,中证全指,small_cap_turnover,小市值换手因子_季线,胜率/量,小市值换手因子_季线低位修复与价因子退潮,开仓_低位均值回复_60日,闭仓_价因子同步下降_20日 OR 5日价因子同步转弱,闭仓_价因子同步下降_20日 OR 5日价因子同步转弱,2021-02-26,2021-03-01,2021-03-01,2021-03-02,1093,1094,1094,1095,5723.7588,5665.895,-0.010109405728277565,-0.9227365991778604,-0.010109405728277565,1,False
000985.CSI,中证全指,small_cap_turnover,小市值换手因子_季线,胜率/量,小市值换手因子_季线低位修复与价因子退潮,开仓_低位均值回复_60日,闭仓_价因子同步下降_20日 OR 5日价因子同步转弱,闭仓_价因子同步下降_20日 OR 5日价因子同步转弱,2021-03-02,2021-03-03,2021-03-04,2021-03-05,1095,1096,1097,1098,5759.4494,5607.5509,-0.026373788438874057,-0.9655313386869782,-0.026373788438874057,2,False
000985.CSI,中证全指,small_cap_turnover,小市值换手因子_季线,胜率/量,小市值换手因子_季线低位修复与价因子退潮,开仓_低位均值回复_60日,闭仓_价因子同步下降_20日 OR 5日价因子同步转弱,闭仓_价因子同步下降_20日 OR 5日价因子同步转弱,2021-03-05,2021-03-08,2021-05-07,2021-05-10,1098,1099,1139,1140,5446.469,5454.5386,0.0014816204774139585,0.009141334913705057,-0.03195218615793438,41,False
000985.CSI,中证全指,small_cap_turnover,小市值换手因子_季线,胜率/量,小市值换手因子_季线低位修复与价因子退潮,开仓_低位均值回复_60日,闭仓_价因子同步下降_20日 OR 5日价因子同步转弱,闭仓_价因子同步下降_20日 OR 5日价因子同步转弱,2021-07-16,2021-07-19,2021-07-19,2021-07-20,1188,1189,1189,1190,5798.3069,5805.9297,0.0013146596293480695,0.392466517569827,0.0,1,False
000985.CSI,中证全指,small_cap_turnover,小市值换手因子_季线,胜率/量,小市值换手因子_季线低位修复与价因子退潮,开仓_低位均值回复_60日,闭仓_价因子同步下降_20日 OR 5日价因子同步转弱,闭仓_价因子同步下降_20日 OR 5日价因子同步转弱,2021-07-27,2021-07-28,2021-07-28,2021-07-29,1195,1196,1196,1197,5481.8945,5618.9424,0.02500009805004444,502.99305022219033,0.0,1,False
000985.CSI,中证全指,small_cap_turnover,小市值换手因子_季线,胜率/量,小市值换手因子_季线低位修复与价因子退潮,开仓_低位均值回复_60日,闭仓_价因子同步下降_20日 OR 5日价因子同步转弱,闭仓_价因子同步下降_20日 OR 5日价因子同步转弱,2021-07-29,2021-07-30,2021-08-03,2021-08-04,1197,1198,1200,1201,5607.7476,5780.6158,0.0308266727268538,11.811334899046063,-0.00487307340442622,3,False
000985.CSI,中证全指,small_cap_turnover,小市值换手因子_季线,胜率/量,小市值换手因子_季线低位修复与价因子退潮,开仓_低位均值回复_60日,闭仓_价因子同步下降_20日 OR 5日价因子同步转弱,闭仓_价因子同步下降_20日 OR 5日价因子同步转弱,2021-08-17,2021-08-18,2021-09-14,2021-09-15,1210,1211,1230,1231,5703.6281,5910.0093,0.03618419651169047,0.5649690400280232,-0.01433730095264718,20,False
000985.CSI,中证全指,small_cap_turnover,小市值换手因子_季线,胜率/量,小市值换手因子_季线低位修复与价因子退潮,开仓_低位均值回复_60日,闭仓_价因子同步下降_20日 OR 5日价因子同步转弱,闭仓_价因子同步下降_20日 OR 5日价因子同步转弱,2021-10-20,2021-10-21,2021-10-26,2021-10-27,1249,1250,1253,1254,5782.9815,5739.8094,-0.007465370587818709,-0.3762980592899773,-0.013805921316177638,4,False
000985.CSI,中证全指,small_cap_turnover,小市值换手因子_季线,胜率/量,小市值换手因子_季线低位修复与价因子退潮,开仓_低位均值回复_60日,闭仓_价因子同步下降_20日 OR 5日价因子同步转弱,闭仓_价因子同步下降_20日 OR 5日价因子同步转弱,2021-10-27,2021-10-28,2021-11-02,2021-11-03,1254,1255,1258,1259,5668.0683,5688.0806,0.0035307090424441245,0.24862496203759554,-0.011260725531048732,4,False
000985.CSI,中证全指,small_cap_turnover,小市值换手因子_季线,胜率/量,小市值换手因子_季线低位修复与价因子退潮,开仓_低位均值回复_60日,闭仓_价因子同步下降_20日 OR 5日价因子同步转弱,闭仓_价因子同步下降_20日 OR 5日价因子同步转弱,2022-02-25,2022-02-28,2022-03-02,2022-03-03,1335,1336,1338,1339,5554.6762,5532.5323,-0.003986533004390114,-0.28504668659533117,-0.01002944807455386,3,False
000985.CSI,中证全指,small_cap_turnover,小市值换手因子_季线,胜率/量,小市值换手因子_季线低位修复与价因子退潮,开仓_低位均值回复_60日,闭仓_价因子同步下降_20日 OR 5日价因子同步转弱,闭仓_价因子同步下降_20日 OR 5日价因子同步转弱,2022-03-03,2022-03-04,2022-03-07,2022-03-08,1339,1340,1341,1342,5464.8654,5184.9606,-0.05121897421297872,-0.9986728657768779,-0.05121897421297872,2,False
000985.CSI,中证全指,small_cap_turnover,小市值换手因子_季线,胜率/量,小市值换手因子_季线低位修复与价因子退潮,开仓_低位均值回复_60日,闭仓_价因子同步下降_20日 OR 5日价因子同步转弱,闭仓_价因子同步下降_20日 OR 5日价因子同步转弱,2022-08-03,2022-08-04,2022-08-04,2022-08-05,1442,1443,1443,1444,5069.6734,5142.2675,0.014319285340945287,34.976596587376136,0.0,1,False
000985.CSI,中证全指,small_cap_turnover,小市值换手因子_季线,胜率/量,小市值换手因子_季线低位修复与价因子退潮,开仓_低位均值回复_60日,闭仓_价因子同步下降_20日 OR 5日价因子同步转弱,闭仓_价因子同步下降_20日 OR 5日价因子同步转弱,2022-08-05,2022-08-08,2022-08-10,2022-08-11,1444,1445,1447,1448,5169.2384,5245.2622,0.014706963408768203,2.408896541129749,-0.005011259869999285,3,False
000985.CSI,中证全指,small_cap_turnover,小市值换手因子_季线,胜率/量,小市值换手因子_季线低位修复与价因子退潮,开仓_低位均值回复_60日,闭仓_价因子同步下降_20日 OR 5日价因子同步转弱,闭仓_价因子同步下降_20日 OR 5日价因子同步转弱,2022-09-28,2022-09-29,2022-09-29,2022-09-30,1481,1482,1482,1483,4676.9326,4631.6762,-0.009676513191573477,-0.9137371275389403,-0.009676513191573477,1,False
000985.CSI,中证全指,small_cap_turnover,小市值换手因子_季线,胜率/量,小市值换手因子_季线低位修复与价因子退潮,开仓_低位均值回复_60日,闭仓_价因子同步下降_20日 OR 5日价因子同步转弱,闭仓_价因子同步下降_20日 OR 5日价因子同步转弱,2022-09-30,2022-10-10,2022-12-12,2022-12-13,1483,1484,1529,1530,4537.6906,4917.0921,0.0836111435186877,0.5525511783423098,-0.06159615135303842,46,False
000985.CSI,中证全指,small_cap_turnover,小市值换手因子_季线,胜率/量,小市值换手因子_季线低位修复与价因子退潮,开仓_低位均值回复_60日,闭仓_价因子同步下降_20日 OR 5日价因子同步转弱,闭仓_价因子同步下降_20日 OR 5日价因子同步转弱,2023-01-11,2023-01-12,2023-03-07,2023-03-08,1550,1551,1584,1585,4914.2045,5071.4656,0.03200133409181505,0.26297530453620155,-0.02646272016941198,34,False
000985.CSI,中证全指,small_cap_turnover,小市值换手因子_季线,胜率/量,小市值换手因子_季线低位修复与价因子退潮,开仓_低位均值回复_60日,闭仓_价因子同步下降_20日 OR 5日价因子同步转弱,闭仓_价因子同步下降_20日 OR 5日价因子同步转弱,2023-04-25,2023-04-26,2023-04-26,2023-04-27,1618,1619,1619,1620,4915.1291,4932.2731,0.0034880060424049564,1.4047552675689157,0.0,1,False
000985.CSI,中证全指,small_cap_turnover,小市值换手因子_季线,胜率/量,小市值换手因子_季线低位修复与价因子退潮,开仓_低位均值回复_60日,闭仓_价因子同步下降_20日 OR 5日价因子同步转弱,闭仓_价因子同步下降_20日 OR 5日价因子同步转弱,2023-04-27,2023-04-28,2023-05-11,2023-05-12,1620,1621,1627,1628,4998.8052,4888.8439,-0.021997516526549132,-0.5510081334621252,-0.02645575946472445,7,False
000985.CSI,中证全指,small_cap_turnover,小市值换手因子_季线,胜率/量,小市值换手因子_季线低位修复与价因子退潮,开仓_低位均值回复_60日,闭仓_价因子同步下降_20日 OR 5日价因子同步转弱,闭仓_价因子同步下降_20日 OR 5日价因子同步转弱,2023-05-18,2023-05-19,2023-05-22,2023-05-23,1632,1633,1634,1635,4916.9769,4873.9444,-0.008751820656305975,-0.6696435936456917,-0.012265456220720283,2,False
000985.CSI,中证全指,small_cap_turnover,小市值换手因子_季线,胜率/量,小市值换手因子_季线低位修复与价因子退潮,开仓_低位均值回复_60日,闭仓_价因子同步下降_20日 OR 5日价因子同步转弱,闭仓_价因子同步下降_20日 OR 5日价因子同步转弱,2023-05-23,2023-05-24,2023-05-29,2023-05-30,1635,1636,1639,1640,4833.6205,4841.2365,0.0015756305237450974,0.1042723406235535,-0.003513946604856044,4,False
000985.CSI,中证全指,small_cap_turnover,小市值换手因子_季线,胜率/量,小市值换手因子_季线低位修复与价因子退潮,开仓_低位均值回复_60日,闭仓_价因子同步下降_20日 OR 5日价因子同步转弱,闭仓_价因子同步下降_20日 OR 5日价因子同步转弱,2023-06-08,2023-06-09,2023-06-09,2023-06-12,1647,1648,1648,1649,4827.0025,4844.8576,0.003699003677748447,1.5355971090792804,0.0,1,False
000985.CSI,中证全指,small_cap_turnover,小市值换手因子_季线,胜率/量,小市值换手因子_季线低位修复与价因子退潮,开仓_低位均值回复_60日,闭仓_价因子同步下降_20日 OR 5日价因子同步转弱,闭仓_价因子同步下降_20日 OR 5日价因子同步转弱,2023-06-12,2023-06-13,2023-07-18,2023-07-19,1649,1650,1673,1674,4866.304,4844.294,-0.004522939791677616,-0.04648354052314485,-0.03921225395271177,24,False
000985.CSI,中证全指,small_cap_turnover,小市值换手因子_季线,胜率/量,小市值换手因子_季线低位修复与价因子退潮,开仓_低位均值回复_60日,闭仓_价因子同步下降_20日 OR 5日价因子同步转弱,闭仓_价因子同步下降_20日 OR 5日价因子同步转弱,2023-10-17,2023-10-18,2023-10-18,2023-10-19,1732,1733,1733,1734,4511.9017,4439.9251,-0.01595260818736366,-0.9826205640035126,-0.01595260818736366,1,False
000985.CSI,中证全指,small_cap_turnover,小市值换手因子_季线,胜率/量,小市值换手因子_季线低位修复与价因子退潮,开仓_低位均值回复_60日,闭仓_价因子同步下降_20日 OR 5日价因子同步转弱,闭仓_价因子同步下降_20日 OR 5日价因子同步转弱,2023-10-19,2023-10-20,2023-12-08,2023-12-11,1734,1735,1770,1771,4402.6931,4473.1812,0.01601022337895852,0.11760039277510259,-0.04278537748300437,36,False
000985.CSI,中证全指,small_cap_turnover,小市值换手因子_季线,胜率/量,小市值换手因子_季线低位修复与价因子退潮,开仓_低位均值回复_60日,闭仓_价因子同步下降_20日 OR 5日价因子同步转弱,闭仓_价因子同步下降_20日 OR 5日价因子同步转弱,2024-02-07,2024-02-08,2024-03-07,2024-03-08,1812,1813,1827,1828,3985.3963,4285.6193,0.07533077701708124,2.387715064446685,-0.0295584876867514,15,False
000985.CSI,中证全指,small_cap_turnover,小市值换手因子_季线,胜率/量,小市值换手因子_季线低位修复与价因子退潮,开仓_低位均值回复_60日,闭仓_价因子同步下降_20日 OR 5日价因子同步转弱,闭仓_价因子同步下降_20日 OR 5日价因子同步转弱,2024-04-30,2024-05-06,2024-05-13,2024-05-14,1863,1864,1869,1870,4428.171,4405.6563,-0.00508442424648925,-0.1927247124762711,-0.010755779985286651,6,False
000985.CSI,中证全指,small_cap_turnover,小市值换手因子_季线,胜率/量,小市值换手因子_季线低位修复与价因子退潮,开仓_低位均值回复_60日,闭仓_价因子同步下降_20日 OR 5日价因子同步转弱,闭仓_价因子同步下降_20日 OR 5日价因子同步转弱,2024-05-27,2024-05-28,2024-05-28,2024-05-29,1879,1880,1880,1881,4305.3863,4311.2253,0.001356208152564653,0.4071029029733897,0.0,1,False
000985.CSI,中证全指,small_cap_turnover,小市值换手因子_季线,胜率/量,小市值换手因子_季线低位修复与价因子退潮,开仓_低位均值回复_60日,闭仓_价因子同步下降_20日 OR 5日价因子同步转弱,闭仓_价因子同步下降_20日 OR 5日价因子同步转弱,2024-06-07,2024-06-11,2024-06-11,2024-06-12,1888,1889,1889,1890,4184.7219,4201.1796,0.003932806144179013,1.6888763845024815,0.0,1,False
000985.CSI,中证全指,small_cap_turnover,小市值换手因子_季线,胜率/量,小市值换手因子_季线低位修复与价因子退潮,开仓_低位均值回复_60日,闭仓_价因子同步下降_20日 OR 5日价因子同步转弱,闭仓_价因子同步下降_20日 OR 5日价因子同步转弱,2024-06-13,2024-06-14,2024-06-17,2024-06-18,1891,1892,1893,1894,4188.7824,4207.6451,0.004503146308101336,0.7614242638536779,-0.0015828466047793643,2,False
000985.CSI,中证全指,small_cap_turnover,小市值换手因子_季线,胜率/量,小市值换手因子_季线低位修复与价因子退潮,开仓_低位均值回复_60日,闭仓_价因子同步下降_20日 OR 5日价因子同步转弱,闭仓_价因子同步下降_20日 OR 5日价因子同步转弱,2024-06-24,2024-06-25,2024-07-09,2024-07-10,1898,1899,1909,1910,4022.6456,3969.7877,-0.013140083729971108,-0.2614176201761427,-0.03767493688351098,11,False
000985.CSI,中证全指,small_cap_turnover,小市值换手因子_季线,胜率/量,小市值换手因子_季线低位修复与价因子退潮,开仓_低位均值回复_60日,闭仓_价因子同步下降_20日 OR 5日价因子同步转弱,闭仓_价因子同步下降_20日 OR 5日价因子同步转弱,2024-09-04,2024-09-05,2024-09-06,2024-09-09,1950,1951,1952,1953,3804.1831,3725.7942,-0.020605974512635905,-0.9274497771881609,-0.020605974512635905,2,False
000985.CSI,中证全指,small_cap_turnover,小市值换手因子_季线,胜率/量,小市值换手因子_季线低位修复与价因子退潮,开仓_低位均值回复_60日,闭仓_价因子同步下降_20日 OR 5日价因子同步转弱,闭仓_价因子同步下降_20日 OR 5日价因子同步转弱,2024-09-13,2024-09-18,2024-09-18,2024-09-19,1957,1958,1958,1959,3684.1618,3731.5232,0.012855407164799493,24.001014713253266,0.0,1,False
000985.CSI,中证全指,small_cap_turnover,小市值换手因子_季线,胜率/量,小市值换手因子_季线低位修复与价因子退潮,开仓_低位均值回复_60日,闭仓_价因子同步下降_20日 OR 5日价因子同步转弱,闭仓_价因子同步下降_20日 OR 5日价因子同步转弱,2024-09-19,2024-09-20,2024-11-01,2024-11-04,1959,1960,1985,1986,3727.8114,4803.0084,0.2884258039449097,10.660836487760779,-0.11041049063339425,26,False
000985.CSI,中证全指,small_cap_turnover,小市值换手因子_季线,胜率/量,小市值换手因子_季线低位修复与价因子退潮,开仓_低位均值回复_60日,闭仓_价因子同步下降_20日 OR 5日价因子同步转弱,闭仓_价因子同步下降_20日 OR 5日价因子同步转弱,2025-01-14,2025-01-15,2025-03-28,2025-03-31,2036,2037,2083,2084,4604.1247,4826.864,0.048378207479914614,0.2882831378841386,-0.046250940364384374,47,False
000985.CSI,中证全指,small_cap_turnover,小市值换手因子_季线,胜率/量,小市值换手因子_季线低位修复与价因子退潮,开仓_低位均值回复_60日,闭仓_价因子同步下降_20日 OR 5日价因子同步转弱,闭仓_价因子同步下降_20日 OR 5日价因子同步转弱,2025-05-20,2025-05-21,2025-05-21,2025-05-22,2116,2117,2117,2118,4846.772,4816.9777,-0.006147246043345822,-0.7885754272381025,-0.006147246043345822,1,False
000985.CSI,中证全指,small_cap_turnover,小市值换手因子_季线,胜率/量,小市值换手因子_季线低位修复与价因子退潮,开仓_低位均值回复_60日,闭仓_价因子同步下降_20日 OR 5日价因子同步转弱,闭仓_价因子同步下降_20日 OR 5日价因子同步转弱,2025-05-22,2025-05-23,2025-06-13,2025-06-16,2118,2119,2133,2134,4771.6242,4838.2264,0.013957972633301452,0.2622205119765193,-0.011750569908892672,15,False
000985.CSI,中证全指,small_cap_turnover,小市值换手因子_季线,胜率/量,小市值换手因子_季线低位修复与价因子退潮,开仓_低位均值回复_60日,闭仓_价因子同步下降_20日 OR 5日价因子同步转弱,闭仓_价因子同步下降_20日 OR 5日价因子同步转弱,2025-06-16,2025-06-17,2025-06-20,2025-06-23,2134,2135,2138,2139,4832.052,4794.1406,-0.007845817884410189,-0.3911819169215538,-0.015981760957870406,4,False
000985.CSI,中证全指,small_cap_turnover,小市值换手因子_季线,胜率/量,小市值换手因子_季线低位修复与价因子退潮,开仓_低位均值回复_60日,闭仓_价因子同步下降_20日 OR 5日价因子同步转弱,闭仓_价因子同步下降_20日 OR 5日价因子同步转弱,2025-06-26,2025-06-27,2025-08-04,2025-08-05,2142,2143,2169,2170,4913.664,5239.873,0.06638813724340942,0.8219768262697071,-0.019236005295915848,27,False
000985.CSI,中证全指,small_cap_turnover,小市值换手因子_季线,胜率/量,小市值换手因子_季线低位修复与价因子退潮,开仓_低位均值回复_60日,闭仓_价因子同步下降_20日 OR 5日价因子同步转弱,闭仓_价因子同步下降_20日 OR 5日价因子同步转弱,2025-10-20,2025-10-21,2025-10-22,2025-10-23,2218,2219,2220,2221,5788.8328,5772.7822,-0.0027726832946358693,-0.2952014924608872,-0.004129381660496367,2,False
000985.CSI,中证全指,small_cap_turnover,小市值换手因子_季线,胜率/量,小市值换手因子_季线低位修复与价因子退潮,开仓_低位均值回复_60日,闭仓_价因子同步下降_20日 OR 5日价因子同步转弱,闭仓_价因子同步下降_20日 OR 5日价因子同步转弱,2025-10-23,2025-10-24,2025-11-04,2025-11-05,2221,2222,2229,2230,5842.5729,5847.9281,0.0009165824871435468,0.02927958396503838,-0.02235562241986455,8,False
000985.CSI,中证全指,small_cap_turnover,小市值换手因子_季线,胜率/量,小市值换手因子_季线低位修复与价因子退潮,开仓_低位均值回复_60日,闭仓_价因子同步下降_20日 OR 5日价因子同步转弱,闭仓_价因子同步下降_20日 OR 5日价因子同步转弱,2026-04-14,2026-04-15,2026-06-08,2026-06-09,2335,2336,2371,2372,6153.959,6254.7442,0.016377294681358734,0.12042987964996432,-0.08488589196880747,36,False
000985.CSI,中证全指,small_cap_turnover,小市值换手因子_季线,胜率/量,小市值换手因子_季线低位修复与价因子退潮,开仓_低位均值回复_60日,闭仓_价因子同步下降_20日 OR 5日价因子同步转弱,闭仓_价因子同步下降_20日 OR 5日价因子同步转弱,2026-08-03,2026-08-04,2026-08-11,2026-08-12,2410,2411,2416,2417,5766.3306,6024.0456,0.044693067026021716,5.273731501264924,-0.007146727659530727,6,False
000985.CSI,中证全指,small_cap_turnover,小市值换手因子_季线,胜率/量,小市值换手因子_季线低位修复与价因子退潮,开仓_低位均值回复_60日,闭仓_价因子同步下降_20日 OR 5日价因子同步转弱,闭仓_价因子同步下降_20日 OR 5日价因子同步转弱,2026-08-21,2026-08-24,2026-08-24,2026-08-25,2424,2425,2425,2426,5818.5117,5832.9177,0.002475890870856201,0.8647992144730043,0.0,1,False
000985.CSI,中证全指,up_down_volume_diff,上涨下跌量差_季线,胜率/量,上涨下跌量差_季线快版阳量优势修复且价格确认,开仓_上穿_0sigma且3日价格动量为正,闭仓_下穿_1sigma,闭仓_下穿_1sigma,2016-08-31,2016-09-01,2016-10-20,2016-10-21,4,5,33,34,4803.1427,4887.9086,0.017648007834537127,0.16418073708560899,-0.03782379080663534,29,False
000985.CSI,中证全指,up_down_volume_diff,上涨下跌量差_季线,胜率/量,上涨下跌量差_季线快版阳量优势修复且价格确认,开仓_上穿_0sigma且3日价格动量为正,闭仓_下穿_1sigma,闭仓_下穿_1sigma,2017-06-07,2017-06-08,2017-07-11,2017-07-12,186,187,210,211,4662.6682,4765.2945,0.022010208661212394,0.2568398898668558,-0.009011572906516108,24,False
000985.CSI,中证全指,up_down_volume_diff,上涨下跌量差_季线,胜率/量,上涨下跌量差_季线快版阳量优势修复且价格确认,开仓_上穿_0sigma且3日价格动量为正,闭仓_下穿_1sigma,闭仓_下穿_1sigma,2017-10-26,2017-10-27,2017-11-13,2017-11-14,282,283,294,295,5109.6773,5122.515,0.002512428720302884,0.05410791898044698,-0.02084337106767986,12,False
000985.CSI,中证全指,up_down_volume_diff,上涨下跌量差_季线,胜率/量,上涨下跌量差_季线快版阳量优势修复且价格确认,开仓_上穿_0sigma且3日价格动量为正,闭仓_下穿_1sigma,闭仓_下穿_1sigma,2018-01-26,2018-01-29,2018-05-17,2018-05-18,347,348,417,418,5048.6675,4685.8993,-0.0718542466898443,-0.23542823666133272,-0.11710250278910217,70,False
000985.CSI,中证全指,up_down_volume_diff,上涨下跌量差_季线,胜率/量,上涨下跌量差_季线快版阳量优势修复且价格确认,开仓_上穿_0sigma且3日价格动量为正,闭仓_下穿_1sigma,闭仓_下穿_1sigma,2019-02-11,2019-02-12,2019-02-22,2019-02-25,595,596,604,605,3712.6271,4190.9416,0.1288345118204841,28.7610192910106,-0.010816170054421037,9,False
000985.CSI,中证全指,up_down_volume_diff,上涨下跌量差_季线,胜率/量,上涨下跌量差_季线快版阳量优势修复且价格确认,开仓_上穿_0sigma且3日价格动量为正,闭仓_下穿_1sigma,闭仓_下穿_1sigma,2019-05-14,2019-05-15,2019-05-22,2019-05-23,657,658,663,664,4238.4613,4068.8053,-0.04002773364947321,-0.8201688878805099,-0.04525848546299527,6,False
000985.CSI,中证全指,up_down_volume_diff,上涨下跌量差_季线,胜率/量,上涨下跌量差_季线快版阳量优势修复且价格确认,开仓_上穿_0sigma且3日价格动量为正,闭仓_下穿_1sigma,闭仓_下穿_1sigma,2019-07-24,2019-07-25,2019-11-06,2019-11-07,707,708,776,777,4224.5299,4346.0541,0.02876632498210041,0.10913108215227707,-0.06491715692541555,69,False
000985.CSI,中证全指,up_down_volume_diff,上涨下跌量差_季线,胜率/量,上涨下跌量差_季线快版阳量优势修复且价格确认,开仓_上穿_0sigma且3日价格动量为正,闭仓_下穿_1sigma,闭仓_下穿_1sigma,2019-11-19,2019-11-20,2019-12-31,2020-01-02,785,786,815,816,4269.601,4571.7222,0.0707609914837477,0.775895250956105,-0.022725886579533006,30,False
000985.CSI,中证全指,up_down_volume_diff,上涨下跌量差_季线,胜率/量,上涨下跌量差_季线快版阳量优势修复且价格确认,开仓_上穿_0sigma且3日价格动量为正,闭仓_下穿_1sigma,闭仓_下穿_1sigma,2020-02-10,2020-02-11,2020-02-17,2020-02-18,837,838,842,843,4442.5754,4640.6236,0.04457959227883901,8.0085202301337,-0.007550191401274553,5,False
000985.CSI,中证全指,up_down_volume_diff,上涨下跌量差_季线,胜率/量,上涨下跌量差_季线快版阳量优势修复且价格确认,开仓_上穿_0sigma且3日价格动量为正,闭仓_下穿_1sigma,闭仓_下穿_1sigma,2020-04-22,2020-04-23,2020-08-11,2020-08-12,888,889,962,963,4409.3294,5363.4444,0.21638551204634449,0.9485073859254356,-0.07761103518924806,74,False
000985.CSI,中证全指,up_down_volume_diff,上涨下跌量差_季线,胜率/量,上涨下跌量差_季线快版阳量优势修复且价格确认,开仓_上穿_0sigma且3日价格动量为正,闭仓_下穿_1sigma,闭仓_下穿_1sigma,2020-09-21,2020-09-22,2021-02-09,2021-02-10,991,992,1085,1086,5286.9878,5918.5922,0.11946394126349236,0.35328355207483386,-0.0485358702301133,94,False
000985.CSI,中证全指,up_down_volume_diff,上涨下跌量差_季线,胜率/量,上涨下跌量差_季线快版阳量优势修复且价格确认,开仓_上穿_0sigma且3日价格动量为正,闭仓_下穿_1sigma,闭仓_下穿_1sigma,2021-09-08,2021-09-09,2021-11-16,2021-11-17,1226,1227,1268,1269,5954.4153,5825.6561,-0.0216241551038604,-0.12292984869185863,-0.057223069529192205,42,False
000985.CSI,中证全指,up_down_volume_diff,上涨下跌量差_季线,胜率/量,上涨下跌量差_季线快版阳量优势修复且价格确认,开仓_上穿_0sigma且3日价格动量为正,闭仓_下穿_1sigma,闭仓_下穿_1sigma,2022-02-08,2022-02-09,2022-03-08,2022-03-09,1322,1323,1342,1343,5560.6858,5128.0127,-0.07780930546372533,-0.6396361080354369,-0.08449939013492325,20,False
000985.CSI,中证全指,up_down_volume_diff,上涨下跌量差_季线,胜率/量,上涨下跌量差_季线快版阳量优势修复且价格确认,开仓_上穿_0sigma且3日价格动量为正,闭仓_下穿_1sigma,闭仓_下穿_1sigma,2022-05-13,2022-05-16,2022-07-07,2022-07-08,1385,1386,1423,1424,4721.8011,5308.5241,0.12425830473884214,1.1743156239520802,-0.03171199515779288,38,False
000985.CSI,中证全指,up_down_volume_diff,上涨下跌量差_季线,胜率/量,上涨下跌量差_季线快版阳量优势修复且价格确认,开仓_上穿_0sigma且3日价格动量为正,闭仓_下穿_1sigma,闭仓_下穿_1sigma,2022-10-27,2022-10-28,2022-11-09,2022-11-10,1497,1498,1506,1507,4503.1431,4740.9681,0.05281311180184334,3.225090160954289,-0.01656029432447126,9,False
000985.CSI,中证全指,up_down_volume_diff,上涨下跌量差_季线,胜率/量,上涨下跌量差_季线快版阳量优势修复且价格确认,开仓_上穿_0sigma且3日价格动量为正,闭仓_下穿_1sigma,闭仓_下穿_1sigma,2022-12-28,2022-12-29,2023-02-27,2023-02-28,1541,1542,1578,1579,4737.1242,5115.2711,0.07982625830245271,0.6872016607037765,-0.02646272016941198,37,False
000985.CSI,中证全指,up_down_volume_diff,上涨下跌量差_季线,胜率/量,上涨下跌量差_季线快版阳量优势修复且价格确认,开仓_上穿_0sigma且3日价格动量为正,闭仓_下穿_1sigma,闭仓_下穿_1sigma,2023-03-22,2023-03-23,2023-03-30,2023-03-31,1595,1596,1601,1602,5065.6766,5074.026,0.0016482299718856286,0.07161694517140926,-0.008653355407646668,6,False
000985.CSI,中证全指,up_down_volume_diff,上涨下跌量差_季线,胜率/量,上涨下跌量差_季线快版阳量优势修复且价格确认,开仓_上穿_0sigma且3日价格动量为正,闭仓_下穿_1sigma,闭仓_下穿_1sigma,2023-07-03,2023-07-04,2023-07-07,2023-07-10,1662,1663,1666,1667,4914.6886,4845.3587,-0.014106671987315855,-0.5914121613097988,-0.016993772504732108,4,False
000985.CSI,中证全指,up_down_volume_diff,上涨下跌量差_季线,胜率/量,上涨下跌量差_季线快版阳量优势修复且价格确认,开仓_上穿_0sigma且3日价格动量为正,闭仓_下穿_1sigma,闭仓_下穿_1sigma,2023-11-14,2023-11-15,2024-01-12,2024-01-15,1752,1753,1794,1795,4629.3316,4223.3597,-0.0876955757500717,-0.4234477305528226,-0.09187652489616427,42,False
000985.CSI,中证全指,up_down_volume_diff,上涨下跌量差_季线,胜率/量,上涨下跌量差_季线快版阳量优势修复且价格确认,开仓_上穿_0sigma且3日价格动量为正,闭仓_下穿_1sigma,闭仓_下穿_1sigma,2024-02-21,2024-02-22,2024-05-27,2024-05-28,1816,1817,1879,1880,4150.6677,4305.3863,0.0372755930328994,0.15764829502229483,-0.0686613134866697,63,False
000985.CSI,中证全指,up_down_volume_diff,上涨下跌量差_季线,胜率/量,上涨下跌量差_季线快版阳量优势修复且价格确认,开仓_上穿_0sigma且3日价格动量为正,闭仓_下穿_1sigma,闭仓_下穿_1sigma,2024-07-02,2024-07-03,2024-09-30,2024-10-08,1904,1905,1966,1967,4032.8559,5037.0114,0.24899364740505603,1.4687130350063873,-0.08936819700132848,62,False
000985.CSI,中证全指,up_down_volume_diff,上涨下跌量差_季线,胜率/量,上涨下跌量差_季线快版阳量优势修复且价格确认,开仓_上穿_0sigma且3日价格动量为正,闭仓_下穿_1sigma,闭仓_下穿_1sigma,2024-11-21,2024-11-22,2024-12-17,2024-12-18,1999,2000,2017,2018,4746.3702,4875.9903,0.027309311018343996,0.45820015828976657,-0.041082181560723297,18,False
000985.CSI,中证全指,up_down_volume_diff,上涨下跌量差_季线,胜率/量,上涨下跌量差_季线快版阳量优势修复且价格确认,开仓_上穿_0sigma且3日价格动量为正,闭仓_下穿_1sigma,闭仓_下穿_1sigma,2025-03-17,2025-03-18,2025-07-11,2025-07-14,2074,2075,2153,2154,5060.9371,5052.9342,-0.0015813079360342819,-0.0050354439859739974,-0.13747649620067404,79,False
000985.CSI,中证全指,up_down_volume_diff,上涨下跌量差_季线,胜率/量,上涨下跌量差_季线快版阳量优势修复且价格确认,开仓_上穿_0sigma且3日价格动量为正,闭仓_下穿_1sigma,闭仓_下穿_1sigma,2025-08-07,2025-08-08,2025-08-15,2025-08-18,2172,2173,2178,2179,5258.7829,5486.5658,0.0433147563478995,4.9353276499944485,-0.008456586363006502,6,False
000985.CSI,中证全指,up_down_volume_diff,上涨下跌量差_季线,胜率/量,上涨下跌量差_季线快版阳量优势修复且价格确认,开仓_上穿_0sigma且3日价格动量为正,闭仓_下穿_1sigma,闭仓_下穿_1sigma,2025-10-23,2025-10-24,2025-10-30,2025-10-31,2221,2222,2226,2227,5842.5729,5866.6477,0.004120581875837637,0.23029087184974317,-0.015860279263856802,5,False
000985.CSI,中证全指,up_down_volume_diff,上涨下跌量差_季线,胜率/量,上涨下跌量差_季线快版阳量优势修复且价格确认,开仓_上穿_0sigma且3日价格动量为正,闭仓_下穿_1sigma,闭仓_下穿_1sigma,2025-12-01,2025-12-02,2025-12-24,2025-12-25,2248,2249,2265,2266,5750.4032,5918.5749,0.029245201449526137,0.5331108407782856,-0.02867780215745841,17,False
000985.CSI,中证全指,up_down_volume_diff,上涨下跌量差_季线,胜率/量,上涨下跌量差_季线快版阳量优势修复且价格确认,开仓_上穿_0sigma且3日价格动量为正,闭仓_下穿_1sigma,闭仓_下穿_1sigma,2026-02-10,2026-02-11,2026-02-13,2026-02-24,2297,2298,2300,2301,6272.7164,6295.2798,0.003597070003037217,0.3520361907934919,-0.011484555941747132,3,False
000985.CSI,中证全指,up_down_volume_diff,上涨下跌量差_季线,胜率/量,上涨下跌量差_季线快版阳量优势修复且价格确认,开仓_上穿_0sigma且3日价格动量为正,闭仓_下穿_1sigma,end,2026-08-07,2026-08-10,2026-08-25,2026-08-25,2414,2415,2426,2426,6009.5336,5832.9177,-0.029389285717613678,-0.49508928858168577,-0.04812717250610066,11,True
