日期,代码,指数名称,strategy_id,strategy_role,composite_score,weekly_anchor_score,exposure,turnover,benchmark_return,gross_return,cost,net_return,benchmark_equity,net_equity
2016-08-25,000985.CSI,中证全指,two_speed_category_strong0p25,primary,0.0,0.0,0.0,0.0,0.0,0.0,0.0,0.0,1.0,1.0
2016-08-26,000985.CSI,中证全指,two_speed_category_strong0p25,primary,-1.0,0.0,0.0,0.0,0.001991349327605585,0.0,0.0,0.0,1.0019913493276056,1.0
2016-08-29,000985.CSI,中证全指,two_speed_category_strong0p25,primary,-1.0,-1.0,0.0,0.0,0.001500652631847288,0.0,0.0,0.0,1.0034949902830623,1.0
2016-08-30,000985.CSI,中证全指,two_speed_category_strong0p25,primary,-1.0,-1.0,0.0,0.0,0.000623963674681427,0.0,0.0,0.0,1.0041211347047236,1.0
2016-08-31,000985.CSI,中证全指,two_speed_category_strong0p25,primary,-1.0,-1.0,0.0,0.0,0.00252391839895294,0.0,0.0,0.0,1.0066554545113824,1.0
2016-09-01,000985.CSI,中证全指,two_speed_category_strong0p25,primary,-1.0,-1.0,0.0,0.0,-0.007614242459228704,-0.0,0.0,-0.0,0.9989905358078276,1.0
2016-09-02,000985.CSI,中证全指,two_speed_category_strong0p25,primary,-1.0,-1.0,0.0,0.0,-0.0007333740053153681,-0.0,0.0,-0.0,0.99825790211731,1.0
2016-09-05,000985.CSI,中证全指,two_speed_category_strong0p25,primary,-0.916666666667,-0.916666666667,0.0,0.0,0.0036377045000353103,0.0,0.0,0.0,1.001889269380038,1.0
2016-09-06,000985.CSI,中证全指,two_speed_category_strong0p25,primary,-0.916666666667,-0.916666666667,0.0,0.0,0.011727187911647174,0.0,0.0,0.0,1.0136386131087207,1.0
2016-09-07,000985.CSI,中证全指,two_speed_category_strong0p25,primary,-0.916666666667,-0.916666666667,0.0,0.0,-9.512532761912773e-05,-0.0,0.0,-0.0,1.0135421904035613,1.0
2016-09-08,000985.CSI,中证全指,two_speed_category_strong0p25,primary,-0.916666666667,-0.916666666667,0.0,0.0,0.0022310201684470066,0.0,0.0,0.0,1.0158034234719235,1.0
2016-09-09,000985.CSI,中证全指,two_speed_category_strong0p25,primary,-0.916666666667,-0.916666666667,0.0,0.0,-0.006533709502026919,-0.0,0.0,-0.0,1.0091664589917935,1.0
2016-09-12,000985.CSI,中证全指,two_speed_category_strong0p25,primary,-0.833333333333,-0.833333333333,0.0,0.0,-0.02399978483403531,-0.0,0.0,-0.0,0.9849466811142651,1.0
2016-09-13,000985.CSI,中证全指,two_speed_category_strong0p25,primary,-0.833333333333,-0.833333333333,0.0,0.0,0.0038590935053719466,0.0,0.0,0.0,0.9887476824544909,1.0
2016-09-14,000985.CSI,中证全指,two_speed_category_strong0p25,primary,-0.833333333333,-0.833333333333,0.0,0.0,-0.005761654269569427,-0.0,0.0,-0.0,0.9830508601483501,1.0
2016-09-19,000985.CSI,中证全指,two_speed_category_strong0p25,primary,-0.833333333333,-0.833333333333,0.0,0.0,0.009662658123186674,0.0,0.0,0.0,0.9925497445276682,1.0
2016-09-20,000985.CSI,中证全指,two_speed_category_strong0p25,primary,-0.833333333333,-0.833333333333,0.0,0.0,-0.0007456976539462756,-0.0,0.0,-0.0,0.991809602511749,1.0
2016-09-21,000985.CSI,中证全指,two_speed_category_strong0p25,primary,-0.833333333333,-0.833333333333,0.0,0.0,0.002222258664189569,0.0,0.0,0.0,0.9940136599941571,1.0
2016-09-22,000985.CSI,中证全指,two_speed_category_strong0p25,primary,-0.833333333333,-0.833333333333,0.0,0.0,0.006458677231416576,0.0,0.0,0.0,1.0004336733876784,1.0
2016-09-23,000985.CSI,中证全指,two_speed_category_strong0p25,primary,-0.833333333333,-0.833333333333,0.0,0.0,-0.003987479380026193,-0.0,0.0,-0.0,0.9964444647439612,1.0
2016-09-26,000985.CSI,中证全指,two_speed_category_strong0p25,primary,-0.833333333333,-0.833333333333,0.0,0.0,-0.019130596974114122,-0.0,0.0,-0.0,0.9773818872818576,1.0
2016-09-27,000985.CSI,中证全指,two_speed_category_strong0p25,primary,-0.833333333333,-0.833333333333,0.0,0.0,0.006650638004153997,0.0,0.0,0.0,0.9838821004059861,1.0
2016-09-28,000985.CSI,中证全指,two_speed_category_strong0p25,primary,-0.833333333333,-0.833333333333,0.0,0.0,-0.0020103788575139836,-0.0,0.0,-0.0,0.9819041246330434,1.0
2016-09-29,000985.CSI,中证全指,two_speed_category_strong0p25,primary,-0.75,-0.833333333333,0.0,0.0,0.0036051750402505967,0.0,0.0,0.0,0.9854440608750896,1.0
2016-09-30,000985.CSI,中证全指,two_speed_category_strong0p25,primary,-0.75,-0.833333333333,0.0,0.0,0.004093151909536408,0.0,0.0,0.0,0.9894776331146018,1.0
2016-10-10,000985.CSI,中证全指,two_speed_category_strong0p25,primary,-0.75,-0.75,0.0,0.0,0.01686633890953182,0.0,0.0,0.0,1.006166498218114,1.0
2016-10-11,000985.CSI,中证全指,two_speed_category_strong0p25,primary,-0.583333333333,-0.75,0.0,0.0,0.005539699928769126,0.0,0.0,0.0,1.0117403586966227,1.0
2016-10-12,000985.CSI,中证全指,two_speed_category_strong0p25,primary,-0.5,-0.75,0.0,0.0,-0.0004719758505586924,-0.0,0.0,-0.0,1.0112628416802822,1.0
2016-10-13,000985.CSI,中证全指,two_speed_category_strong0p25,primary,-0.25,-0.75,0.0,0.0,0.0012257957023480426,0.0,0.0,0.0,1.0125024433255583,1.0
2016-10-14,000985.CSI,中证全指,two_speed_category_strong0p25,primary,-0.25,-0.75,0.0,0.0,-0.0006041361572942661,-0.0,0.0,-0.0,1.0118907539901965,1.0
2016-10-17,000985.CSI,中证全指,two_speed_category_strong0p25,primary,-0.25,-0.25,0.0,0.0,-0.008669198995002625,-0.0,0.0,-0.0,1.0031184716826522,1.0
2016-10-18,000985.CSI,中证全指,two_speed_category_strong0p25,primary,-0.25,-0.25,0.0,0.0,0.014313963508693073,0.0,0.0,0.0,1.0174770728812137,1.0
2016-10-19,000985.CSI,中证全指,two_speed_category_strong0p25,primary,-0.25,-0.25,0.0,0.0,-0.001190999418052896,-0.0,0.0,-0.0,1.01626525827953,1.0
2016-10-20,000985.CSI,中证全指,two_speed_category_strong0p25,primary,-0.25,-0.25,0.0,0.0,0.0018684460182192275,0.0,0.0,0.0,1.018164095054817,1.0
2016-10-21,000985.CSI,中证全指,two_speed_category_strong0p25,primary,0.166666666667,-0.25,0.0,0.0,-0.001515832714903742,-0.0,0.0,-0.0,1.0166207286103925,1.0
2016-10-24,000985.CSI,中证全指,two_speed_category_strong0p25,primary,0.333333333333,0.333333333333,1.0,1.0,0.009723422406057391,0.009723422406057391,0.0005,0.009223422406057391,1.0265057613814252,1.0092234224060574
2016-10-25,000985.CSI,中证全指,two_speed_category_strong0p25,primary,0.25,0.333333333333,1.0,0.0,0.0025061414029536877,0.0025061414029536877,0.0,0.0025061414029536877,1.0290783299703938,1.01175267900978
2016-10-26,000985.CSI,中证全指,two_speed_category_strong0p25,primary,0.25,0.333333333333,1.0,0.0,-0.003972650739427874,-0.003972650739427874,0.0,-0.003972650739427874,1.0249901611819077,1.0077333389813936
2016-10-27,000985.CSI,中证全指,two_speed_category_strong0p25,primary,0.25,0.333333333333,1.0,0.0,-0.0014520056699587336,-0.0014520056699587336,0.0,-0.0014520056699587336,1.0235018696562197,1.0062701044593862
2016-10-28,000985.CSI,中证全指,two_speed_category_strong0p25,primary,0.25,0.333333333333,1.0,0.0,-0.0061873080049633655,-0.0061873080049633655,0.0,-0.0061873080049633655,1.0171691483450007,1.0000440013869094
2016-10-31,000985.CSI,中证全指,two_speed_category_strong0p25,primary,0.25,0.25,1.0,0.0,-0.0006759777754031804,-0.0006759777754031804,0.0,-0.0006759777754031804,1.0164815646068937,0.9993679938675466
2016-11-01,000985.CSI,中证全指,two_speed_category_strong0p25,primary,0.25,0.25,1.0,0.0,0.009109232318162519,0.009109232318162519,0.0,0.009109232318162519,1.025740931326027,1.008471469095022
2016-11-02,000985.CSI,中证全指,two_speed_category_strong0p25,primary,0.25,0.25,1.0,0.0,-0.006898188546742512,-0.006898188546742512,0.0,-0.006898188546742512,1.0186651769816288,1.0015148427571943
2016-11-03,000985.CSI,中证全指,two_speed_category_strong0p25,primary,0.25,0.25,1.0,0.0,0.00745513495484218,0.00745513495484218,0.0,0.00745513495484218,1.026259463349825,1.0089812710692267
2016-11-04,000985.CSI,中证全指,two_speed_category_strong0p25,primary,0.25,0.25,1.0,0.0,-0.0029644414565319632,-0.0029644414565319632,0.0,-0.0029644414565319632,1.0232171772515126,1.0059902051604048
2016-11-07,000985.CSI,中证全指,two_speed_category_strong0p25,primary,0.25,0.25,1.0,0.0,0.0008193715117637002,0.0008193715117637002,0.0,0.0008193715117637002,1.0240555722568998,1.0068144848756266
2016-11-08,000985.CSI,中证全指,two_speed_category_strong0p25,primary,0.25,0.25,1.0,0.0,0.005207614757271717,0.005207614757271717,0.0,0.005207614757271717,1.029388459167251,1.0120575868448998
2016-11-09,000985.CSI,中证全指,two_speed_category_strong0p25,primary,0.083333333333,0.25,1.0,0.0,-0.006232219945310091,-0.006232219945310091,0.0,-0.006232219945310091,1.0229730838805569,1.0057502213663625
2016-11-10,000985.CSI,中证全指,two_speed_category_strong0p25,primary,0.083333333333,0.25,1.0,0.0,0.012562817799515624,0.012562817799515624,0.0,0.012562817799515624,1.035824508347157,1.0183852781492106
2016-11-11,000985.CSI,中证全指,two_speed_category_strong0p25,primary,0.083333333333,0.25,1.0,0.0,0.0064719166261915095,0.0064719166261915095,0.0,0.0064719166261915095,1.0425282782045455,1.0249761827627333
2016-11-14,000985.CSI,中证全指,two_speed_category_strong0p25,primary,0.083333333333,0.083333333333,1.0,0.0,0.003549346510065332,0.003549346510065332,0.0,0.003549346510065332,1.0462285723104352,1.0286141783999223
2016-11-15,000985.CSI,中证全指,two_speed_category_strong0p25,primary,0.083333333333,0.083333333333,1.0,0.0,0.0028260748990658335,0.0028260748990658335,0.0,0.0028260748990658335,1.0491852926173273,1.0315211191103215
2016-11-16,000985.CSI,中证全指,two_speed_category_strong0p25,primary,0.0,0.083333333333,1.0,0.0,0.0005456460527566431,0.0005456460527566431,0.0,0.0005456460527566431,1.0497577764308543,1.0320839645372992
2016-11-17,000985.CSI,中证全指,two_speed_category_strong0p25,primary,0.166666666667,0.083333333333,1.0,0.0,-0.0006116818816745972,-0.0006116818816745972,0.0,-0.0006116818816745972,1.0491156586188646,1.031452657475825
2016-11-18,000985.CSI,中证全指,two_speed_category_strong0p25,primary,0.166666666667,0.083333333333,1.0,0.0,-0.004358043617350371,-0.004358043617350371,0.0,-0.004358043617350371,1.0445435668189582,1.0269575418053134
2016-11-21,000985.CSI,中证全指,two_speed_category_strong0p25,primary,0.166666666667,0.166666666667,1.0,0.0,0.004527452970200185,0.004527452970200185,0.0,0.004527452970200185,1.0492726886930561,1.0316070437782294
2016-11-22,000985.CSI,中证全指,two_speed_category_strong0p25,primary,0.166666666667,0.166666666667,1.0,0.0,0.008249084704191612,0.008249084704191612,0.0,0.008249084704191612,1.05792822797988,1.0401168576637967
2016-11-23,000985.CSI,中证全指,two_speed_category_strong0p25,primary,0.166666666667,0.166666666667,1.0,0.0,-0.002396454200890963,-0.002396454200890963,0.0,-0.002396454200890963,1.0553929514336966,1.0376242652508307
2016-11-24,000985.CSI,中证全指,two_speed_category_strong0p25,primary,0.166666666667,0.166666666667,1.0,0.0,-0.0008861276591787259,-0.0008861276591787259,0.0,-0.0008861276591787259,1.0544577385481289,1.036704797689557
2016-11-25,000985.CSI,中证全指,two_speed_category_strong0p25,primary,0.166666666667,0.166666666667,1.0,0.0,0.005346373826272011,0.005346373826272011,0.0,0.005346373826272011,1.0600952638024126,1.042247409085495
2016-11-28,000985.CSI,中证全指,two_speed_category_strong0p25,primary,-0.166666666667,-0.166666666667,0.0,1.0,0.0019789151674320937,0.0,0.0005,-0.0005,1.0621931023988742,1.0417262853809524
2016-11-29,000985.CSI,中证全指,two_speed_category_strong0p25,primary,-0.166666666667,-0.166666666667,0.0,0.0,-0.0023556005376441647,-0.0,0.0,-0.0,1.0596909997557815,1.0417262853809524
2016-11-30,000985.CSI,中证全指,two_speed_category_strong0p25,primary,-0.166666666667,-0.166666666667,0.0,0.0,-0.00512723252878422,-0.0,0.0,-0.0,1.0542577175913739,1.0417262853809524
2016-12-01,000985.CSI,中证全指,two_speed_category_strong0p25,primary,-0.083333333333,-0.166666666667,0.0,0.0,0.006152341220388102,0.0,0.0,0.0,1.0607438708042236,1.0417262853809524
2016-12-02,000985.CSI,中证全指,two_speed_category_strong0p25,primary,-0.083333333333,-0.166666666667,0.0,0.0,-0.01368236895600572,-0.0,0.0,-0.0,1.0462303817960585,1.0417262853809524
2016-12-05,000985.CSI,中证全指,two_speed_category_strong0p25,primary,-0.083333333333,-0.083333333333,0.0,0.0,-0.010584497851279129,-0.0,0.0,-0.0,1.0351565585679952,1.0417262853809524
2016-12-06,000985.CSI,中证全指,two_speed_category_strong0p25,primary,-0.083333333333,-0.083333333333,0.0,0.0,2.8129232444884522e-05,0.0,0.0,0.0,1.0351856767274479,1.0417262853809524
2016-12-07,000985.CSI,中证全指,two_speed_category_strong0p25,primary,-0.25,-0.083333333333,0.0,0.0,0.008289712818259298,0.0,0.0,0.0,1.0437670687010938,1.0417262853809524
2016-12-08,000985.CSI,中证全指,two_speed_category_strong0p25,primary,-0.25,-0.083333333333,0.0,0.0,-0.003609735885226728,-0.0,0.0,-0.0,1.0399993452573855,1.0417262853809524
2016-12-09,000985.CSI,中证全指,two_speed_category_strong0p25,primary,-0.166666666667,-0.083333333333,0.0,0.0,0.0012587412279738697,0.0,0.0,0.0,1.0413084353103268,1.0417262853809524
2016-12-12,000985.CSI,中证全指,two_speed_category_strong0p25,primary,-0.166666666667,-0.166666666667,0.0,0.0,-0.03761411670618442,-0.0,0.0,-0.0,1.0021405382974298,1.0417262853809524
2016-12-13,000985.CSI,中证全指,two_speed_category_strong0p25,primary,-0.333333333333,-0.166666666667,0.0,0.0,0.002273982009252551,0.0,0.0,0.0,1.0044193878522607,1.0417262853809524
2016-12-14,000985.CSI,中证全指,two_speed_category_strong0p25,primary,-0.333333333333,-0.166666666667,0.0,0.0,-0.0063657989077630095,-0.0,0.0,-0.0,0.9980254560101348,1.0417262853809524
2016-12-15,000985.CSI,中证全指,two_speed_category_strong0p25,primary,-0.333333333333,-0.166666666667,0.0,0.0,0.00016102940113027486,0.0,0.0,0.0,0.9981861674516289,1.0417262853809524
2016-12-16,000985.CSI,中证全指,two_speed_category_strong0p25,primary,-0.5,-0.166666666667,0.0,0.0,0.00585065416022279,0.0,0.0,0.0,1.0040262095049066,1.0417262853809524
2016-12-19,000985.CSI,中证全指,two_speed_category_strong0p25,primary,-0.5,-0.5,0.0,0.0,-0.002407965009072699,-0.0,0.0,-0.0,1.0016085495242268,1.0417262853809524
2016-12-20,000985.CSI,中证全指,two_speed_category_strong0p25,primary,-0.5,-0.5,0.0,0.0,-0.0034473692784402488,-0.0,0.0,-0.0,0.9981556349815739,1.0417262853809524
2016-12-21,000985.CSI,中证全指,two_speed_category_strong0p25,primary,-0.25,-0.5,0.0,0.0,0.008152000931002545,0.0,0.0,0.0,1.006292600647229,1.0417262853809524
2016-12-22,000985.CSI,中证全指,two_speed_category_strong0p25,primary,-0.333333333333,-0.5,0.0,0.0,-0.0007139976822202465,-0.0,0.0,-0.0,1.0055741100627316,1.0417262853809524
2016-12-23,000985.CSI,中证全指,two_speed_category_strong0p25,primary,-0.416666666667,-0.5,0.0,0.0,-0.009965962372976978,-0.0,0.0,-0.0,0.9955525963186066,1.0417262853809524
2016-12-26,000985.CSI,中证全指,two_speed_category_strong0p25,primary,-0.25,-0.25,0.0,0.0,0.004094627994896793,0.0,0.0,0.0,0.9996290138498849,1.0417262853809524
2016-12-27,000985.CSI,中证全指,two_speed_category_strong0p25,primary,-0.25,-0.25,0.0,0.0,4.042684338245728e-05,0.0,0.0,0.0,0.9996694256954683,1.0417262853809524
2016-12-28,000985.CSI,中证全指,two_speed_category_strong0p25,primary,-0.25,-0.25,0.0,0.0,-0.0037011224268407306,-0.0,0.0,-0.0,0.9959695267645998,1.0417262853809524
2016-12-29,000985.CSI,中证全指,two_speed_category_strong0p25,primary,-0.25,-0.25,0.0,0.0,-0.0023638554399528777,-0.0,0.0,-0.0,0.99361519878073,1.0417262853809524
2016-12-30,000985.CSI,中证全指,two_speed_category_strong0p25,primary,-0.416666666667,-0.25,0.0,0.0,0.0020260615514029467,0.0,0.0,0.0,0.9956283243318692,1.0417262853809524
2017-01-03,000985.CSI,中证全指,two_speed_category_strong0p25,primary,-0.416666666667,-0.416666666667,0.0,0.0,0.009340382903850086,0.0,0.0,0.0,1.0049278741110474,1.0417262853809524
2017-01-04,000985.CSI,中证全指,two_speed_category_strong0p25,primary,-0.416666666667,-0.416666666667,0.0,0.0,0.009997000221082075,0.0,0.0,0.0,1.0149741382907072,1.0417262853809524
2017-01-05,000985.CSI,中证全指,two_speed_category_strong0p25,primary,-0.416666666667,-0.416666666667,0.0,0.0,0.0002778693193705717,0.0,0.0,0.0,1.0152561684636927,1.0417262853809524
2017-01-06,000985.CSI,中证全指,two_speed_category_strong0p25,primary,-0.416666666667,-0.416666666667,0.0,0.0,-0.0062303079489643975,-0.0,0.0,-0.0,1.0089308098870782,1.0417262853809524
2017-01-09,000985.CSI,中证全指,two_speed_category_strong0p25,primary,-0.416666666667,-0.416666666667,0.0,0.0,0.005048778735565751,0.0,0.0,0.0,1.0140246783056932,1.0417262853809524
2017-01-10,000985.CSI,中证全指,two_speed_category_strong0p25,primary,-0.333333333333,-0.416666666667,0.0,0.0,-0.0028012111678100693,-0.0,0.0,-0.0,1.0111841810523883,1.0417262853809524
2017-01-11,000985.CSI,中证全指,two_speed_category_strong0p25,primary,-0.333333333333,-0.416666666667,0.0,0.0,-0.008979096644581963,-0.0,0.0,-0.0,1.0021046605652464,1.0417262853809524
2017-01-12,000985.CSI,中证全指,two_speed_category_strong0p25,primary,-0.166666666667,-0.416666666667,0.0,0.0,-0.00743018733009182,-0.0,0.0,-0.0,0.9946588352128886,1.0417262853809524
2017-01-13,000985.CSI,中证全指,two_speed_category_strong0p25,primary,-0.166666666667,-0.416666666667,0.0,0.0,-0.008622872445544605,-0.0,0.0,-0.0,0.9860820189500139,1.0417262853809524
2017-01-16,000985.CSI,中证全指,two_speed_category_strong0p25,primary,-0.25,-0.25,0.0,0.0,-0.02019559431054352,-0.0,0.0,-0.0,0.9661675065383777,1.0417262853809524
2017-01-17,000985.CSI,中证全指,two_speed_category_strong0p25,primary,-0.25,-0.25,0.0,0.0,0.006517341492467077,0.0,0.0,0.0,0.9724643501174137,1.0417262853809524
2017-01-18,000985.CSI,中证全指,two_speed_category_strong0p25,primary,0.166666666667,-0.25,0.0,0.0,-0.00012327816663892932,-0.0,0.0,-0.0,0.9723444664952096,1.0417262853809524
2017-01-19,000985.CSI,中证全指,two_speed_category_strong0p25,primary,0.166666666667,-0.25,0.0,0.0,-0.0038955056637623997,-0.0,0.0,-0.0,0.9685566931188494,1.0417262853809524
2017-01-20,000985.CSI,中证全指,two_speed_category_strong0p25,primary,0.333333333333,-0.25,1.0,1.0,0.01170108277179649,0.01170108277179649,0.0005,0.011201082771796489,0.9798898551542106,1.0533947477290606
2017-01-23,000985.CSI,中证全指,two_speed_category_strong0p25,primary,0.25,0.25,1.0,0.0,0.0063060848914802126,0.0063060848914802126,0.0,0.0063060848914802126,0.9860691237651132,1.0600375444324794
2017-01-24,000985.CSI,中证全指,two_speed_category_strong0p25,primary,0.083333333333,0.25,1.0,0.0,-0.0017121222482113785,-0.0017121222482113785,0.0,-0.0017121222482113785,0.9843808528800407,1.0582226305687172
2017-01-25,000985.CSI,中证全指,two_speed_category_strong0p25,primary,0.25,0.25,1.0,0.0,0.00279319268860867,0.00279319268860867,0.0,0.00279319268860867,0.9871304182811116,1.0611784502833421
2017-01-26,000985.CSI,中证全指,two_speed_category_strong0p25,primary,0.25,0.25,1.0,0.0,0.005122816866402591,0.005122816866402591,0.0,0.005122816866402591,0.9921873066372211,1.0666146731467165
2017-02-03,000985.CSI,中证全指,two_speed_category_strong0p25,primary,0.25,0.25,1.0,0.0,-0.004657711560259181,-0.004657711560259181,0.0,-0.004657711560259181,0.9875659843491545,1.061646689653259
2017-02-06,000985.CSI,中证全指,two_speed_category_strong0p25,primary,0.25,0.25,1.0,0.0,0.006799820606213425,0.006799820606213425,0.0,0.006799820606213425,0.9942812558795274,1.0688656966900816
2017-02-07,000985.CSI,中证全指,two_speed_category_strong0p25,primary,0.416666666667,0.25,1.0,0.0,-0.0004635079527760544,-0.0004635079527760544,0.0,-0.0004635079527760544,0.993820398610131,1.0683702689392163
2017-02-08,000985.CSI,中证全指,two_speed_category_strong0p25,primary,0.416666666667,0.25,1.0,0.0,0.00594495761209024,0.00594495761209024,0.0,0.00594495761209024,0.999728618753899,1.0747216849020773
2017-02-09,000985.CSI,中证全指,two_speed_category_strong0p25,primary,0.416666666667,0.25,1.0,0.0,0.005943547780079994,0.005943547780079994,0.0,0.005943547780079994,1.0056705535665762,1.081109344586581
2017-02-10,000985.CSI,中证全指,two_speed_category_strong0p25,primary,0.333333333333,0.25,1.0,0.0,0.0014558678765621558,0.0014558678765621558,0.0,0.0014558678765621558,1.0071346770199183,1.0826832969524156
2017-02-13,000985.CSI,中证全指,two_speed_category_strong0p25,primary,0.333333333333,0.333333333333,1.0,0.0,0.006155628905001542,0.006155628905001542,0.0,0.006155628905001542,1.0133342243490115,1.0893478935500982
2017-02-14,000985.CSI,中证全指,two_speed_category_strong0p25,primary,0.333333333333,0.333333333333,1.0,0.0,-0.00031308835554955117,-0.00031308835554955117,0.0,-0.00031308835554955117,1.013016961203088,1.0890068314094852
2017-02-15,000985.CSI,中证全指,two_speed_category_strong0p25,primary,0.5,0.333333333333,1.0,0.0,-0.006943523809486596,-0.006943523809486596,0.0,-0.006943523809486596,1.0059830538135606,1.0814452865468998
2017-02-16,000985.CSI,中证全指,two_speed_category_strong0p25,primary,0.5,0.333333333333,1.0,0.0,0.0062968563663461374,0.0062968563663461374,0.0,0.0062968563663461374,1.0123175846104029,1.0882549921843476
2017-02-17,000985.CSI,中证全指,two_speed_category_strong0p25,primary,0.333333333333,0.333333333333,1.0,0.0,-0.007268750239741606,-0.007268750239741606,0.0,-0.007268750239741606,1.0049593009245714,1.0803447384490077
2017-02-20,000985.CSI,中证全指,two_speed_category_strong0p25,primary,0.333333333333,0.333333333333,1.0,0.0,0.0116425614628628,0.0116425614628628,0.0,0.0116425614628628,1.0166596013532614,1.0929227184674808
2017-02-21,000985.CSI,中证全指,two_speed_category_strong0p25,primary,0.333333333333,0.333333333333,1.0,0.0,0.0061911229025699566,0.0061911229025699566,0.0,0.0061911229025699566,1.0229538658953172,1.0996891373405238
2017-02-22,000985.CSI,中证全指,two_speed_category_strong0p25,primary,0.333333333333,0.333333333333,1.0,0.0,0.003422524137779881,0.003422524137779881,0.0,0.003422524137779881,1.0264549501931792,1.1034528499571261
2017-02-23,000985.CSI,中证全指,two_speed_category_strong0p25,primary,0.333333333333,0.333333333333,1.0,0.0,-0.002409572151354289,-0.002409572151354289,0.0,-0.002409572151354289,1.023981632930574,1.100794000699537
2017-02-24,000985.CSI,中证全指,two_speed_category_strong0p25,primary,0.333333333333,0.333333333333,1.0,0.0,0.0013739565484109928,0.0013739565484109928,0.0,0.0013739565484109928,1.0253885392005915,1.1023064438252497
2017-02-27,000985.CSI,中证全指,two_speed_category_strong0p25,primary,0.333333333333,0.333333333333,1.0,0.0,-0.00773991949232633,-0.00773991949232633,0.0,-0.00773991949232633,1.0174521144588249,1.0937746806941697
2017-02-28,000985.CSI,中证全指,two_speed_category_strong0p25,primary,0.333333333333,0.333333333333,1.0,0.0,0.0029360335815127314,0.0029360335815127314,0.0,0.0029360335815127314,1.020439388034457,1.0969860398872961
2017-03-01,000985.CSI,中证全指,two_speed_category_strong0p25,primary,0.333333333333,0.333333333333,1.0,0.0,0.002225988967950343,0.002225988967950343,0.0,0.002225988967950343,1.0227108748546838,1.0994279187100808
2017-03-02,000985.CSI,中证全指,two_speed_category_strong0p25,primary,0.333333333333,0.333333333333,1.0,0.0,-0.006349764804695401,-0.006349764804695401,0.0,-0.006349764804695401,1.0162169013361524,1.092446810006556
2017-03-03,000985.CSI,中证全指,two_speed_category_strong0p25,primary,0.333333333333,0.333333333333,1.0,0.0,0.0005755053196225823,0.0005755053196225823,0.0,0.0005755053196225823,1.0168017395687616,1.0930755189571195
2017-03-06,000985.CSI,中证全指,two_speed_category_strong0p25,primary,0.333333333333,0.333333333333,1.0,0.0,0.00839080695590444,0.00839080695590444,0.0,0.00839080695590444,1.025333526677911,1.1022473046249137
2017-03-07,000985.CSI,中证全指,two_speed_category_strong0p25,primary,0.333333333333,0.333333333333,1.0,0.0,0.0020976917175763443,0.0020976917175763443,0.0,0.0020976917175763443,1.0274843603245765,1.1045594796665463
2017-03-08,000985.CSI,中证全指,two_speed_category_strong0p25,primary,0.166666666667,0.333333333333,1.0,0.0,-0.0027745767332263416,-0.0027745767332263416,0.0,-0.0027745767332263416,1.024633526124666,1.101494794633799
2017-03-09,000985.CSI,中证全指,two_speed_category_strong0p25,primary,0.166666666667,0.333333333333,1.0,0.0,-0.006821506046330805,-0.006821506046330805,0.0,-0.006821506046330805,1.0176439823309333,1.0939809412322026
2017-03-10,000985.CSI,中证全指,two_speed_category_strong0p25,primary,0.166666666667,0.333333333333,1.0,0.0,0.00039711182186552563,0.00039711182186552563,0.0,0.00039711182186552563,1.0180481007867672,1.0944153739968614
2017-03-13,000985.CSI,中证全指,two_speed_category_strong0p25,primary,0.0,0.0,0.0,1.0,0.007860081065277136,0.0,0.0005,-0.0005,1.0260500413873026,1.093868166309863
2017-03-14,000985.CSI,中证全指,two_speed_category_strong0p25,primary,0.0,0.0,0.0,0.0,-0.0012249138989598451,-0.0,0.0,-0.0,1.024793218430579,1.093868166309863
2017-03-15,000985.CSI,中证全指,two_speed_category_strong0p25,primary,-0.083333333333,0.0,0.0,0.0,0.0002546272763859214,0.0,0.0,0.0,1.0250541587366468,1.093868166309863
2017-03-16,000985.CSI,中证全指,two_speed_category_strong0p25,primary,0.083333333333,0.0,0.0,0.0,0.00767422822946684,0.0,0.0,0.0,1.032920658298356,1.093868166309863
2017-03-17,000985.CSI,中证全指,two_speed_category_strong0p25,primary,0.166666666667,0.0,0.0,0.0,-0.008607612146446897,-0.0,0.0,-0.0,1.0240296778936713,1.093868166309863
2017-03-20,000985.CSI,中证全指,two_speed_category_strong0p25,primary,0.083333333333,0.083333333333,1.0,1.0,0.0023190877571031,0.0023190877571031,0.0005,0.0018190877571030999,1.0264044925825848,1.095858008499082
2017-03-21,000985.CSI,中证全指,two_speed_category_strong0p25,primary,0.083333333333,0.083333333333,1.0,0.0,0.003185443318369341,0.003185443318369341,0.0,0.003185443318369341,1.0296740459154263,1.099348802070137
2017-03-22,000985.CSI,中证全指,two_speed_category_strong0p25,primary,0.083333333333,0.083333333333,1.0,0.0,-0.004630182398180471,-0.004630182398180471,0.0,-0.004630182398180471,1.0249064672721655,1.094258616597331
2017-03-23,000985.CSI,中证全指,two_speed_category_strong0p25,primary,0.25,0.083333333333,1.0,0.0,0.0017274630853567619,0.0017274630853567619,0.0,0.0017274630853567619,1.0266769553603217,1.0961489079633364
2017-03-24,000985.CSI,中证全指,two_speed_category_strong0p25,primary,0.25,0.083333333333,1.0,0.0,0.005289977800799761,0.005289977800799761,0.0,0.005289977800799761,1.0321080536627705,1.1019475113528334
2017-03-27,000985.CSI,中证全指,two_speed_category_strong0p25,primary,0.0,0.0,0.0,1.0,-0.0030992237663136635,-0.0,0.0005,-0.0005,1.0289093198534551,1.101396537597157
2017-03-28,000985.CSI,中证全指,two_speed_category_strong0p25,primary,0.0,0.0,0.0,0.0,-0.002592848288559213,-0.0,0.0,-0.0,1.0262415140843906,1.101396537597157
2017-03-29,000985.CSI,中证全指,two_speed_category_strong0p25,primary,0.0,0.0,0.0,0.0,-0.003792677963180391,-0.0,0.0,-0.0,1.0223493105090218,1.101396537597157
2017-03-30,000985.CSI,中证全指,two_speed_category_strong0p25,primary,0.0,0.0,0.0,0.0,-0.014443047308206558,-0.0,0.0,-0.0,1.0075834710518277,1.101396537597157
2017-03-31,000985.CSI,中证全指,two_speed_category_strong0p25,primary,0.0,0.0,0.0,0.0,0.003933815086621939,0.0,0.0,0.0,1.0115471181112823,1.101396537597157
2017-04-05,000985.CSI,中证全指,two_speed_category_strong0p25,primary,0.0,0.0,0.0,0.0,0.017698188513751267,0.0,0.0,0.0,1.0294496696981577,1.101396537597157
2017-04-06,000985.CSI,中证全指,two_speed_category_strong0p25,primary,0.0,0.0,0.0,0.0,0.0031285823042195293,0.0,0.0,0.0,1.03267038771786,1.101396537597157
2017-04-07,000985.CSI,中证全指,two_speed_category_strong0p25,primary,-0.166666666667,0.0,0.0,0.0,0.0010731559297800786,0.0,0.0,0.0,1.0337786040679477,1.101396537597157
2017-04-10,000985.CSI,中证全指,two_speed_category_strong0p25,primary,-0.166666666667,-0.166666666667,0.0,0.0,-0.00559650729369332,-0.0,0.0,-0.0,1.0279930545702174,1.101396537597157
2017-04-11,000985.CSI,中证全指,two_speed_category_strong0p25,primary,-0.166666666667,-0.166666666667,0.0,0.0,0.006046590948015185,0.0,0.0,0.0,1.034208908068604,1.101396537597157
2017-04-12,000985.CSI,中证全指,two_speed_category_strong0p25,primary,-0.333333333333,-0.166666666667,0.0,0.0,-0.0055817503264219415,-0.0,0.0,-0.0,1.0284362121584036,1.101396537597157
2017-04-13,000985.CSI,中证全指,two_speed_category_strong0p25,primary,-0.333333333333,-0.166666666667,0.0,0.0,0.00283642094490566,0.0,0.0,0.0,1.0313532901710691,1.101396537597157
2017-04-14,000985.CSI,中证全指,two_speed_category_strong0p25,primary,-0.333333333333,-0.166666666667,0.0,0.0,-0.011597879438269731,-0.0,0.0,-0.0,1.0193917790534022,1.101396537597157
2017-04-17,000985.CSI,中证全指,two_speed_category_strong0p25,primary,-0.416666666667,-0.416666666667,0.0,0.0,-0.00868149104884186,-0.0,0.0,-0.0,1.010541938448287,1.101396537597157
2017-04-18,000985.CSI,中证全指,two_speed_category_strong0p25,primary,-0.583333333333,-0.416666666667,0.0,0.0,-0.006987347885181627,-0.0,0.0,-0.0,1.003480930371783,1.101396537597157
2017-04-19,000985.CSI,中证全指,two_speed_category_strong0p25,primary,-0.583333333333,-0.416666666667,0.0,0.0,-0.009107655191246344,-0.0,0.0,-0.0,0.9943415720669658,1.101396537597157
2017-04-20,000985.CSI,中证全指,two_speed_category_strong0p25,primary,-0.583333333333,-0.416666666667,0.0,0.0,7.258213887473275e-06,0.0,0.0,0.0,0.9943487892107731,1.101396537597157
2017-04-21,000985.CSI,中证全指,two_speed_category_strong0p25,primary,-0.583333333333,-0.416666666667,0.0,0.0,-0.002629650630188274,-0.0,0.0,-0.0,0.991733999290598,1.101396537597157
2017-04-24,000985.CSI,中证全指,two_speed_category_strong0p25,primary,-0.75,-0.75,0.0,0.0,-0.020391953590217282,-0.0,0.0,-0.0,0.9715106056032236,1.101396537597157
2017-04-25,000985.CSI,中证全指,two_speed_category_strong0p25,primary,-0.416666666667,-0.75,0.0,0.0,0.003293949138681418,0.0,0.0,0.0,0.9747107121257702,1.101396537597157
2017-04-26,000985.CSI,中证全指,two_speed_category_strong0p25,primary,-0.583333333333,-0.75,0.0,0.0,0.002198913478548059,0.0,0.0,0.0,0.9768540166483487,1.101396537597157
2017-04-27,000985.CSI,中证全指,two_speed_category_strong0p25,primary,-0.5,-0.75,0.0,0.0,0.0026577964014984357,0.0,0.0,0.0,0.979450295738586,1.101396537597157
2017-04-28,000985.CSI,中证全指,two_speed_category_strong0p25,primary,-0.25,-0.75,0.0,0.0,0.0018981807351166058,0.0,0.0,0.0,0.9813094694209612,1.101396537597157
2017-05-02,000985.CSI,中证全指,two_speed_category_strong0p25,primary,-0.25,-0.25,0.0,0.0,-0.0010835219920288797,-0.0,0.0,-0.0,0.9802461990298574,1.101396537597157
2017-05-03,000985.CSI,中证全指,two_speed_category_strong0p25,primary,-0.25,-0.25,0.0,0.0,-0.003178556424543233,-0.0,0.0,-0.0,0.9771304311762969,1.101396537597157
2017-05-04,000985.CSI,中证全指,two_speed_category_strong0p25,primary,-0.25,-0.25,0.0,0.0,-0.002829605899005383,-0.0,0.0,-0.0,0.9743655371441429,1.101396537597157
2017-05-05,000985.CSI,中证全指,two_speed_category_strong0p25,primary,-0.25,-0.25,0.0,0.0,-0.010046991236963065,-0.0,0.0,-0.0,0.9645760951308568,1.101396537597157
2017-05-08,000985.CSI,中证全指,two_speed_category_strong0p25,primary,-0.25,-0.25,0.0,0.0,-0.013802078807451656,-0.0,0.0,-0.0,0.9512629398500768,1.101396537597157
2017-05-09,000985.CSI,中证全指,two_speed_category_strong0p25,primary,-0.416666666667,-0.25,0.0,0.0,0.0024922006810901287,0.0,0.0,0.0,0.953633677996667,1.101396537597157
2017-05-10,000985.CSI,中证全指,two_speed_category_strong0p25,primary,-0.5,-0.25,0.0,0.0,-0.012378226700324624,-0.0,0.0,-0.0,0.9418293841413599,1.101396537597157
2017-05-11,000985.CSI,中证全指,two_speed_category_strong0p25,primary,-0.5,-0.25,0.0,0.0,-0.00048104016505412517,-0.0,0.0,-0.0,0.9413763263789596,1.101396537597157
2017-05-12,000985.CSI,中证全指,two_speed_category_strong0p25,primary,-0.5,-0.25,0.0,0.0,0.003166808723153558,0.0,0.0,0.0,0.9443574851411067,1.101396537597157
2017-05-15,000985.CSI,中证全指,two_speed_category_strong0p25,primary,-0.5,-0.5,0.0,0.0,0.0038187700155614124,0.0,0.0,0.0,0.9479637691893346,1.101396537597157
2017-05-16,000985.CSI,中证全指,two_speed_category_strong0p25,primary,-0.5,-0.5,0.0,0.0,0.015044979314829288,0.0,0.0,0.0,0.9622258644879957,1.101396537597157
2017-05-17,000985.CSI,中证全指,two_speed_category_strong0p25,primary,-0.416666666667,-0.5,0.0,0.0,-0.0008311685190118823,-0.0,0.0,-0.0,0.9614260926412543,1.101396537597157
2017-05-18,000985.CSI,中证全指,two_speed_category_strong0p25,primary,-0.333333333333,-0.5,0.0,0.0,-0.005502156501640987,-0.0,0.0,-0.0,0.9561361758147809,1.101396537597157
2017-05-19,000985.CSI,中证全指,two_speed_category_strong0p25,primary,-0.166666666667,-0.5,0.0,0.0,0.0005463227886473021,0.0,0.0,0.0,0.9566585347966786,1.101396537597157
2017-05-22,000985.CSI,中证全指,two_speed_category_strong0p25,primary,-0.166666666667,-0.166666666667,0.0,0.0,-0.008087858567853545,-0.0,0.0,-0.0,0.9489212158695131,1.101396537597157
2017-05-23,000985.CSI,中证全指,two_speed_category_strong0p25,primary,-0.166666666667,-0.166666666667,0.0,0.0,-0.012450723407210096,-0.0,0.0,-0.0,0.9371064602754883,1.101396537597157
2017-05-24,000985.CSI,中证全指,two_speed_category_strong0p25,primary,0.083333333333,-0.166666666667,0.0,0.0,0.0026852779770296653,0.0,0.0,0.0,0.9396228516153983,1.101396537597157
2017-05-25,000985.CSI,中证全指,two_speed_category_strong0p25,primary,-0.083333333333,-0.166666666667,0.0,0.0,0.012627191016603145,0.0,0.0,0.0,0.9514876488463112,1.101396537597157
2017-05-26,000985.CSI,中证全指,two_speed_category_strong0p25,primary,0.083333333333,-0.166666666667,0.0,0.0,-0.001045565559990247,-0.0,0.0,-0.0,0.9504928061299214,1.101396537597157
2017-05-31,000985.CSI,中证全指,two_speed_category_strong0p25,primary,0.083333333333,0.083333333333,1.0,1.0,0.00047803421198477913,0.00047803421198477913,0.0005,-2.1965788015220877e-05,0.9509471742094969,1.1013723445542916
2017-06-01,000985.CSI,中证全指,two_speed_category_strong0p25,primary,0.083333333333,0.083333333333,1.0,0.0,-0.01161670009805471,-0.01161670009805471,0.0,-0.01161670009805471,0.9399003060776127,1.088578032331313
2017-06-02,000985.CSI,中证全指,two_speed_category_strong0p25,primary,0.083333333333,0.083333333333,1.0,0.0,0.003876423143328589,0.003876423143328589,0.0,0.003876423143328589,0.9435437573765135,1.0927978214091612
2017-06-05,000985.CSI,中证全指,two_speed_category_strong0p25,primary,0.083333333333,0.083333333333,1.0,0.0,0.001990739756962734,0.001990739756962734,0.0,0.001990739756962734,0.9454221074467569,1.0949732974785626
2017-06-06,000985.CSI,中证全指,two_speed_category_strong0p25,primary,0.083333333333,0.083333333333,1.0,0.0,0.005507474844991922,0.005507474844991922,0.0,0.005507474844991922,0.9506289959214191,1.1010038353703637
2017-06-07,000985.CSI,中证全指,two_speed_category_strong0p25,primary,0.083333333333,0.083333333333,1.0,0.0,0.016238735720046416,0.016238735720046416,0.0,0.016238735720046416,0.9660660089540002,1.1188827456797006
2017-06-08,000985.CSI,中证全指,two_speed_category_strong0p25,primary,0.083333333333,0.083333333333,1.0,0.0,0.003837913356659728,0.003837913356659728,0.0,0.003837913356659728,0.9697736865931798,1.1231769207138809
2017-06-09,000985.CSI,中证全指,two_speed_category_strong0p25,primary,0.083333333333,0.083333333333,1.0,0.0,0.002630854153422346,0.002630854153422346,0.0,0.002630854153422346,0.9723250197244331,1.126131835380769
2017-06-12,000985.CSI,中证全指,two_speed_category_strong0p25,primary,0.166666666667,0.166666666667,1.0,0.0,-0.007234132667085391,-0.007234132667085391,0.0,-0.007234132667085391,0.9652910915362201,1.1179852482829962
2017-06-13,000985.CSI,中证全指,two_speed_category_strong0p25,primary,0.083333333333,0.166666666667,1.0,0.0,0.008190422480076398,0.008190422480076398,0.0,0.008190422480076398,0.9731972333921558,1.127142019792927
2017-06-14,000985.CSI,中证全指,two_speed_category_strong0p25,primary,0.083333333333,0.166666666667,1.0,0.0,-0.006342377510205721,-0.006342377510205721,0.0,-0.006342377510205721,0.967024849146095,1.1199932595957844
2017-06-15,000985.CSI,中证全指,two_speed_category_strong0p25,primary,0.083333333333,0.166666666667,1.0,0.0,0.004865799447582253,0.004865799447582253,0.0,0.004865799447582253,0.9717301981228683,1.1254429221796214
2017-06-16,000985.CSI,中证全指,two_speed_category_strong0p25,primary,0.083333333333,0.166666666667,1.0,0.0,-0.0022793726068316422,-0.0022793726068316422,0.0,-0.0022793726068316422,0.9695152629280359,1.1228776184122526
2017-06-19,000985.CSI,中证全指,two_speed_category_strong0p25,primary,0.083333333333,0.083333333333,1.0,0.0,0.00797565002484113,0.00797565002484113,0.0,0.00797565002484113,0.9772477773588918,1.1318332973174359
2017-06-20,000985.CSI,中证全指,two_speed_category_strong0p25,primary,0.166666666667,0.083333333333,1.0,0.0,-0.00026022625105048824,-0.00026022625105048824,0.0,-0.00026022625105048824,0.9769934718334423,1.1315387645816608
2017-06-21,000985.CSI,中证全指,two_speed_category_strong0p25,primary,0.166666666667,0.083333333333,1.0,0.0,0.0058878129299668736,0.0058878129299668736,0.0,0.0058878129299668736,0.9827458266293965,1.1382010531505236
2017-06-22,000985.CSI,中证全指,two_speed_category_strong0p25,primary,0.333333333333,0.083333333333,1.0,0.0,-0.008321181403358802,-0.008321181403358802,0.0,-0.008321181403358802,0.9745682203326195,1.128729875713764
2017-06-23,000985.CSI,中证全指,two_speed_category_strong0p25,primary,0.25,0.083333333333,1.0,0.0,0.004887295556245563,0.004887295556245563,0.0,0.004887295556245563,0.9793312232651092,1.1342463122195414
2017-06-26,000985.CSI,中证全指,two_speed_category_strong0p25,primary,0.25,0.25,1.0,0.0,0.012777669418611914,0.012777669418611914,0.0,0.012777669418611914,0.9918447938873156,1.1487393366363623
2017-06-27,000985.CSI,中证全指,two_speed_category_strong0p25,primary,0.083333333333,0.25,1.0,0.0,0.0016516153167702718,0.0016516153167702718,0.0,0.0016516153167702718,0.9934829399407588,1.1506366121197273
2017-06-28,000985.CSI,中证全指,two_speed_category_strong0p25,primary,0.0,0.25,1.0,0.0,-0.006855372774737911,-0.006855372774737911,0.0,-0.006855372774737911,0.9866722440421223,1.1427485692153851
2017-06-29,000985.CSI,中证全指,two_speed_category_strong0p25,primary,0.0,0.25,1.0,0.0,0.005100153113996697,0.005100153113996697,0.0,0.005100153113996697,0.9917044235600678,1.1485767618891842
2017-06-30,000985.CSI,中证全指,two_speed_category_strong0p25,primary,0.0,0.25,1.0,0.0,0.0008452613446865431,0.0008452613446865431,0.0,0.0008452613446865431,0.9925426729746578,1.1495476094274144
2017-07-03,000985.CSI,中证全指,two_speed_category_strong0p25,primary,0.0,0.0,0.0,1.0,0.0019372225642768637,0.0,0.0005,-0.0005,0.994465449036752,1.1489728356227007
2017-07-04,000985.CSI,中证全指,two_speed_category_strong0p25,primary,0.333333333333,0.0,1.0,1.0,-0.005490479005659021,-0.005490479005659021,0.0005,-0.005990479005659022,0.9890053573669625,1.1420899379728304
2017-07-05,000985.CSI,中证全指,two_speed_category_strong0p25,primary,0.333333333333,0.0,1.0,0.0,0.009130699576499923,0.009130699576499923,0.0,0.009130699576499923,0.9980356681646292,1.1525180180858037
2017-07-06,000985.CSI,中证全指,two_speed_category_strong0p25,primary,0.333333333333,0.0,1.0,0.0,0.0008533408111450758,0.0008533408111450758,0.0,0.0008533408111450758,0.9988873327312525,1.1535015087462164
2017-07-07,000985.CSI,中证全指,two_speed_category_strong0p25,primary,0.333333333333,0.0,1.0,0.0,0.001245417500538526,0.001245417500538526,0.0,0.001245417500538526,1.0001313644965022,1.1549380997121066
2017-07-10,000985.CSI,中证全指,two_speed_category_strong0p25,primary,0.166666666667,0.166666666667,1.0,0.0,-0.0028474651334003953,-0.0028474651334003953,0.0,-0.0028474651334003953,0.9972835253072783,1.1516494537419406
2017-07-11,000985.CSI,中证全指,two_speed_category_strong0p25,primary,0.166666666667,0.166666666667,1.0,0.0,-0.004273133690184894,-0.004273133690184894,0.0,-0.004273133690184894,0.9930219994766214,1.1467283016618728
2017-07-12,000985.CSI,中证全指,two_speed_category_strong0p25,primary,0.25,0.166666666667,1.0,0.0,-0.0019167668877184685,-0.0019167668877184685,0.0,-0.0019167668877184685,0.9911186077892487,1.1445302908240376
2017-07-13,000985.CSI,中证全指,two_speed_category_strong0p25,primary,0.25,0.166666666667,1.0,0.0,0.004032594417826774,0.004032594417826774,0.0,0.004032594417826774,0.9951153871544238,1.1491457172858481
2017-07-14,000985.CSI,中证全指,two_speed_category_strong0p25,primary,0.166666666667,0.166666666667,1.0,0.0,-0.0006365540804483816,-0.0006365540804483816,0.0,-0.0006365540804483816,0.9944819423942137,1.14841422389048
2017-07-17,000985.CSI,中证全指,two_speed_category_strong0p25,primary,0.166666666667,0.166666666667,1.0,0.0,-0.03001448049796629,-0.03001448049796629,0.0,-0.03001448049796629,0.964633083528643,1.113945167563932
2017-07-18,000985.CSI,中证全指,two_speed_category_strong0p25,primary,0.166666666667,0.166666666667,1.0,0.0,0.0053077735471271925,0.0053077735471271925,0.0,0.0053077735471271925,0.96975313749208,1.1198577362572781
2017-07-19,000985.CSI,中证全指,two_speed_category_strong0p25,primary,0.166666666667,0.166666666667,1.0,0.0,0.01621421442005766,0.01621421442005766,0.0,0.01621421442005766,0.9854769227979002,1.138015349712914
2017-07-20,000985.CSI,中证全指,two_speed_category_strong0p25,primary,0.166666666667,0.166666666667,1.0,0.0,0.005094773629131355,0.005094773629131355,0.0,0.005094773629131355,0.9904977046362885,1.143813280306178
2017-07-21,000985.CSI,中证全指,two_speed_category_strong0p25,primary,0.083333333333,0.166666666667,1.0,0.0,-0.0016167156891029322,-0.0016167156891029322,0.0,-0.0016167156891029322,0.9888963514571826,1.1419640594305027
2017-07-24,000985.CSI,中证全指,two_speed_category_strong0p25,primary,0.0,0.0,0.0,1.0,0.005016352655976997,0.0,0.0005,-0.0005,0.9938570042963008,1.1413930774007874
2017-07-25,000985.CSI,中证全指,two_speed_category_strong0p25,primary,-0.166666666667,0.0,0.0,0.0,-0.004193065771159299,-0.0,0.0,-0.0,0.989689696510159,1.1413930774007874
2017-07-26,000985.CSI,中证全指,two_speed_category_strong0p25,primary,-0.166666666667,0.0,0.0,0.0,-0.0017728137442470926,-0.0,0.0,-0.0,0.9879351610136461,1.1413930774007874
2017-07-27,000985.CSI,中证全指,two_speed_category_strong0p25,primary,-0.166666666667,0.0,0.0,0.0,0.006349215371784567,0.0,0.0,0.0,0.9942077741242804,1.1413930774007874
2017-07-28,000985.CSI,中证全指,two_speed_category_strong0p25,primary,-0.166666666667,0.0,0.0,0.0,0.002109328348716799,0.0,0.0,0.0,0.9963048847667554,1.1413930774007874
2017-07-31,000985.CSI,中证全指,two_speed_category_strong0p25,primary,-0.25,-0.25,0.0,0.0,0.006840047203578115,0.0,0.0,0.0,1.0031196572077155,1.1413930774007874
2017-08-01,000985.CSI,中证全指,two_speed_category_strong0p25,primary,-0.25,-0.25,0.0,0.0,0.004176284220045456,0.0,0.0,0.0,1.0073089700029294,1.1413930774007874
2017-08-02,000985.CSI,中证全指,two_speed_category_strong0p25,primary,-0.25,-0.25,0.0,0.0,-0.005046790224444875,-0.0,0.0,-0.0,1.002225292940123,1.1413930774007874
2017-08-03,000985.CSI,中证全指,two_speed_category_strong0p25,primary,-0.25,-0.25,0.0,0.0,-0.0023731527002099906,-0.0,0.0,-0.0,0.9998468592799634,1.1413930774007874
2017-08-04,000985.CSI,中证全指,two_speed_category_strong0p25,primary,-0.25,-0.25,0.0,0.0,-0.005056248363022764,-0.0,0.0,-0.0,0.9947913852344556,1.1413930774007874
2017-08-07,000985.CSI,中证全指,two_speed_category_strong0p25,primary,-0.25,-0.25,0.0,0.0,0.007190181162550324,0.0,0.0,0.0,1.0019441155132358,1.1413930774007874
2017-08-08,000985.CSI,中证全指,two_speed_category_strong0p25,primary,-0.25,-0.25,0.0,0.0,0.0019666648226353,0.0,0.0,0.0,1.0039146037594622,1.1413930774007874
2017-08-09,000985.CSI,中证全指,two_speed_category_strong0p25,primary,-0.416666666667,-0.25,0.0,0.0,0.0019118393866797145,0.0,0.0,0.0,1.0058339272397925,1.1413930774007874
2017-08-10,000985.CSI,中证全指,two_speed_category_strong0p25,primary,-0.333333333333,-0.25,0.0,0.0,-0.0062044285478939365,-0.0,0.0,-0.0,0.9995933025071856,1.1413930774007874
2017-08-11,000985.CSI,中证全指,two_speed_category_strong0p25,primary,-0.333333333333,-0.25,0.0,0.0,-0.017711709813200138,-0.0,0.0,-0.0,0.9818887960019599,1.1413930774007874
2017-08-14,000985.CSI,中证全指,two_speed_category_strong0p25,primary,-0.333333333333,-0.333333333333,0.0,0.0,0.016331613159272118,0.0,0.0,0.0,0.9979246239836873,1.1413930774007874
2017-08-15,000985.CSI,中证全指,two_speed_category_strong0p25,primary,-0.333333333333,-0.333333333333,0.0,0.0,0.0033469029648034443,0.0,0.0,0.0,1.0012645808663487,1.1413930774007874
2017-08-16,000985.CSI,中证全指,two_speed_category_strong0p25,primary,-0.333333333333,-0.333333333333,0.0,0.0,0.0012214181150389525,0.0,0.0,0.0,1.0024875435633658,1.1413930774007874
2017-08-17,000985.CSI,中证全指,two_speed_category_strong0p25,primary,-0.333333333333,-0.333333333333,0.0,0.0,0.00676404472795733,0.0,0.0,0.0,1.0092684141472485,1.1413930774007874
2017-08-18,000985.CSI,中证全指,two_speed_category_strong0p25,primary,-0.166666666667,-0.333333333333,0.0,0.0,-0.0013804263717612786,-0.0,0.0,-0.0,1.007875193412174,1.1413930774007874
2017-08-21,000985.CSI,中证全指,two_speed_category_strong0p25,primary,-0.083333333333,-0.083333333333,0.0,0.0,0.00618144135031895,0.0,0.0,0.0,1.0141053148086927,1.1413930774007874
2017-08-22,000985.CSI,中证全指,two_speed_category_strong0p25,primary,0.0,-0.083333333333,0.0,0.0,-0.001398248436235705,-0.0,0.0,-0.0,1.0126873436380832,1.1413930774007874
2017-08-23,000985.CSI,中证全指,two_speed_category_strong0p25,primary,0.0,-0.083333333333,0.0,0.0,-0.003047876247364245,-0.0,0.0,-0.0,1.0096007979374022,1.1413930774007874
2017-08-24,000985.CSI,中证全指,two_speed_category_strong0p25,primary,0.0,-0.083333333333,0.0,0.0,-0.006088802075779554,-0.0,0.0,-0.0,1.0034535385032122,1.1413930774007874
2017-08-25,000985.CSI,中证全指,two_speed_category_strong0p25,primary,0.0,-0.083333333333,0.0,0.0,0.012957113467294556,0.0,0.0,0.0,1.0164553998607566,1.1413930774007874
2017-08-28,000985.CSI,中证全指,two_speed_category_strong0p25,primary,0.083333333333,0.083333333333,1.0,1.0,0.011655386695832215,0.011655386695832215,0.0005,0.011155386695832215,1.0283025806052004,1.1541257585511393
2017-08-29,000985.CSI,中证全指,two_speed_category_strong0p25,primary,0.083333333333,0.083333333333,1.0,0.0,-0.001907030170598789,-0.001907030170598789,0.0,-0.001907030170598789,1.0263415765594817,1.151924805908917
2017-08-30,000985.CSI,中证全指,two_speed_category_strong0p25,primary,0.416666666667,0.083333333333,1.0,0.0,0.0024682822258552672,0.0024682822258552672,0.0,0.0024682822258552672,1.0288748772305596,1.1547680814328638
2017-08-31,000985.CSI,中证全指,two_speed_category_strong0p25,primary,0.333333333333,0.083333333333,1.0,0.0,0.00022022199484861282,0.00022022199484861282,0.0,0.00022022199484861282,1.029101458108473,1.1550223867633445
2017-09-01,000985.CSI,中证全指,two_speed_category_strong0p25,primary,0.333333333333,0.083333333333,1.0,0.0,0.004917545183013461,0.004917545183013461,0.0,0.004917545183013461,1.0341621110266264,1.1607022615376452
2017-09-04,000985.CSI,中证全指,two_speed_category_strong0p25,primary,0.416666666667,0.416666666667,1.0,0.0,0.004973988121065975,0.004973988121065975,0.0,0.004973988121065975,1.0393060210821292,1.1664755807986278
2017-09-05,000985.CSI,中证全指,two_speed_category_strong0p25,primary,0.416666666667,0.416666666667,1.0,0.0,0.0016592623935971496,0.0016592623935971496,0.0,0.0016592623935971496,1.04103050247835,1.1684110698628964
2017-09-06,000985.CSI,中证全指,two_speed_category_strong0p25,primary,0.416666666667,0.416666666667,1.0,0.0,0.0018195219691115039,0.0018195219691115039,0.0,0.0018195219691115039,1.0429246803481245,1.170537019473465
2017-09-07,000985.CSI,中证全指,two_speed_category_strong0p25,primary,0.416666666667,0.416666666667,1.0,0.0,-0.005024411901623949,-0.005024411901623949,0.0,-0.005024411901623949,1.037684597171686,1.1646557593415312
2017-09-08,000985.CSI,中证全指,two_speed_category_strong0p25,primary,0.416666666667,0.416666666667,1.0,0.0,0.000803778798599275,0.000803778798599275,0.0,0.000803778798599275,1.0385186660505255,1.1655918849485565
2017-09-11,000985.CSI,中证全指,two_speed_category_strong0p25,primary,0.416666666667,0.416666666667,1.0,0.0,0.005005313432857372,0.005005313432857372,0.0,0.005005313432857372,1.0437167774799814,1.171426037667519
2017-09-12,000985.CSI,中证全指,two_speed_category_strong0p25,primary,0.416666666667,0.416666666667,1.0,0.0,0.00037228589938953505,0.00037228589938953505,0.0,0.00037228589938953505,1.0441053385191934,1.1718621430635203
2017-09-13,000985.CSI,中证全指,two_speed_category_strong0p25,primary,0.333333333333,0.416666666667,1.0,0.0,0.003036819620185316,0.003036819620185316,0.0,0.003036819620185316,1.0472760980967488,1.175420877011728
2017-09-14,000985.CSI,中证全指,two_speed_category_strong0p25,primary,0.333333333333,0.416666666667,1.0,0.0,-0.0022543246930991634,-0.0022543246930991634,0.0,-0.0022543246930991634,1.0449151977283169,1.1727710967038962
2017-09-15,000985.CSI,中证全指,two_speed_category_strong0p25,primary,0.25,0.416666666667,1.0,0.0,-0.002746226508740235,-0.002746226508740235,0.0,-0.002746226508740235,1.0420456239129299,1.1695504016294436
2017-09-18,000985.CSI,中证全指,two_speed_category_strong0p25,primary,0.25,0.25,1.0,0.0,0.005301636194067871,0.005301636194067871,0.0,0.005301636194067871,1.0475701707085368,1.1757509323695088
2017-09-19,000985.CSI,中证全指,two_speed_category_strong0p25,primary,0.25,0.25,1.0,0.0,-0.003608424493638962,-0.003608424493638962,0.0,-0.003608424493638962,1.0437900928457464,1.1715083239067279
2017-09-20,000985.CSI,中证全指,two_speed_category_strong0p25,primary,0.083333333333,0.25,1.0,0.0,0.005521407944479639,0.005521407944479639,0.0,0.005521407944479639,1.049553283756754,1.1779766992733705
2017-09-21,000985.CSI,中证全指,two_speed_category_strong0p25,primary,0.0,0.25,1.0,0.0,-0.006343128346322668,-0.006343128346322668,0.0,-0.006343128346322668,1.0428958325715805,1.170504641880902
2017-09-22,000985.CSI,中证全指,two_speed_category_strong0p25,primary,-0.25,0.25,0.0,1.0,-0.002576023896107671,-0.0,0.0005,-0.0005,1.040209307985725,1.1699193895599616
2017-09-25,000985.CSI,中证全指,two_speed_category_strong0p25,primary,-0.166666666667,-0.166666666667,0.0,0.0,-0.00946331714188231,-0.0,0.0,-0.0,1.0303654774103181,1.1699193895599616
2017-09-26,000985.CSI,中证全指,two_speed_category_strong0p25,primary,-0.166666666667,-0.166666666667,0.0,0.0,0.0016245480186660721,0.0,0.0,0.0,1.032039355605147,1.1699193895599616
2017-09-27,000985.CSI,中证全指,two_speed_category_strong0p25,primary,-0.166666666667,-0.166666666667,0.0,0.0,0.004271185731565819,0.0,0.0,0.0,1.036447387375222,1.1699193895599616
2017-09-28,000985.CSI,中证全指,two_speed_category_strong0p25,primary,-0.333333333333,-0.166666666667,0.0,0.0,-0.0018902780645447814,-0.0,0.0,-0.0,1.0344882136138118,1.1699193895599616
2017-09-29,000985.CSI,中证全指,two_speed_category_strong0p25,primary,-0.333333333333,-0.166666666667,0.0,0.0,0.005777677233457235,0.0,0.0,0.0,1.0404651526138882,1.1699193895599616
2017-10-09,000985.CSI,中证全指,two_speed_category_strong0p25,primary,-0.5,-0.5,0.0,0.0,0.011548504488458677,0.0,0.0,0.0,1.0524809690989345,1.1699193895599616
2017-10-10,000985.CSI,中证全指,two_speed_category_strong0p25,primary,-0.583333333333,-0.5,0.0,0.0,0.004374363738926412,0.0,0.0,0.0,1.057084903686071,1.1699193895599616
2017-10-11,000985.CSI,中证全指,two_speed_category_strong0p25,primary,-0.416666666667,-0.5,0.0,0.0,-0.0003716507214361897,-0.0,0.0,-0.0,1.0566920373189967,1.1699193895599616
2017-10-12,000985.CSI,中证全指,two_speed_category_strong0p25,primary,-0.583333333333,-0.5,0.0,0.0,0.00013803565752557034,0.0,0.0,0.0,1.0568378984991702,1.1699193895599616
2017-10-13,000985.CSI,中证全指,two_speed_category_strong0p25,primary,-0.416666666667,-0.5,0.0,0.0,0.003792986819876498,0.0,0.0,0.0,1.0608464707189236,1.1699193895599616
2017-10-16,000985.CSI,中证全指,two_speed_category_strong0p25,primary,-0.416666666667,-0.416666666667,0.0,0.0,-0.009914370340523115,-0.0,0.0,-0.0,1.0503288459337792,1.1699193895599616
2017-10-17,000985.CSI,中证全指,two_speed_category_strong0p25,primary,-0.416666666667,-0.416666666667,0.0,0.0,-0.0005590916441977622,-0.0,0.0,-0.0,1.0497416158523578,1.1699193895599616
2017-10-18,000985.CSI,中证全指,two_speed_category_strong0p25,primary,-0.333333333333,-0.416666666667,0.0,0.0,-0.0006069361430384168,-0.0,0.0,-0.0,1.0491044897248454,1.1699193895599616
2017-10-19,000985.CSI,中证全指,two_speed_category_strong0p25,primary,-0.333333333333,-0.416666666667,0.0,0.0,-0.006596293357470251,-0.0,0.0,-0.0,1.042184288747981,1.1699193895599616
2017-10-20,000985.CSI,中证全指,two_speed_category_strong0p25,primary,-0.333333333333,-0.416666666667,0.0,0.0,0.00521148432827756,0.0,0.0,0.0,1.0476156158359682,1.1699193895599616
2017-10-23,000985.CSI,中证全指,two_speed_category_strong0p25,primary,-0.333333333333,-0.333333333333,0.0,0.0,0.0035672310757268733,0.0,0.0,0.0,1.051352702816195,1.1699193895599616
2017-10-24,000985.CSI,中证全指,two_speed_category_strong0p25,primary,-0.333333333333,-0.333333333333,0.0,0.0,0.0013802647482745733,0.0,0.0,0.0,1.0528038478898956,1.1699193895599616
2017-10-25,000985.CSI,中证全指,two_speed_category_strong0p25,primary,-0.083333333333,-0.333333333333,0.0,0.0,0.00549602460699905,0.0,0.0,0.0,1.0585900837442417,1.1699193895599616
2017-10-26,000985.CSI,中证全指,two_speed_category_strong0p25,primary,-0.25,-0.333333333333,0.0,0.0,0.003946109091639283,0.0,0.0,0.0,1.062767395698024,1.1699193895599616
2017-10-27,000985.CSI,中证全指,two_speed_category_strong0p25,primary,-0.25,-0.333333333333,0.0,0.0,-2.0411831300193306e-05,-0.0,0.0,-0.0,1.0627457026692315,1.1699193895599616
2017-10-30,000985.CSI,中证全指,two_speed_category_strong0p25,primary,-0.333333333333,-0.333333333333,0.0,0.0,-0.012607821632884764,-0.0,0.0,-0.0,1.049346794408863,1.1699193895599616
2017-10-31,000985.CSI,中证全指,two_speed_category_strong0p25,primary,-0.25,-0.333333333333,0.0,0.0,0.0033365010619679225,0.0,0.0,0.0,1.052847941102781,1.1699193895599616
2017-11-01,000985.CSI,中证全指,two_speed_category_strong0p25,primary,-0.25,-0.333333333333,0.0,0.0,-0.0013264682095961433,-0.0,0.0,-0.0,1.0514513717793692,1.1699193895599616
2017-11-02,000985.CSI,中证全指,two_speed_category_strong0p25,primary,-0.25,-0.333333333333,0.0,0.0,-0.005618021312843724,-0.0,0.0,-0.0,1.0455442955632939,1.1699193895599616
2017-11-03,000985.CSI,中证全指,two_speed_category_strong0p25,primary,-0.083333333333,-0.333333333333,0.0,0.0,-0.004734180987246206,-0.0,0.0,-0.0,1.0405944996379144,1.1699193895599616
2017-11-06,000985.CSI,中证全指,two_speed_category_strong0p25,primary,-0.083333333333,-0.083333333333,0.0,0.0,0.008762037157849178,0.0,0.0,0.0,1.0497122273099952,1.1699193895599616
2017-11-07,000985.CSI,中证全指,two_speed_category_strong0p25,primary,-0.083333333333,-0.083333333333,0.0,0.0,0.006814467109294231,0.0,0.0,0.0,1.056865456757223,1.1699193895599616
2017-11-08,000985.CSI,中证全指,two_speed_category_strong0p25,primary,-0.083333333333,-0.083333333333,0.0,0.0,0.00040663949426122947,0.0,0.0,0.0,1.057295219992061,1.1699193895599616
2017-11-09,000985.CSI,中证全指,two_speed_category_strong0p25,primary,0.25,-0.083333333333,1.0,1.0,0.00655390723748317,0.00655390723748317,0.0005,0.006053907237483169,1.0642246347865234,1.1770019730196906
2017-11-10,000985.CSI,中证全指,two_speed_category_strong0p25,primary,0.25,-0.083333333333,1.0,0.0,0.0056479572731955585,0.0056479572731955585,0.0,0.0056479572731955585,1.0702353300528797,1.1836496298737726
2017-11-13,000985.CSI,中证全指,two_speed_category_strong0p25,primary,0.25,0.25,1.0,0.0,0.002669575303000382,0.002669575303000382,0.0,0.002669575303000382,1.0730924038583873,1.1868094716930893
2017-11-14,000985.CSI,中证全指,two_speed_category_strong0p25,primary,0.25,0.25,1.0,0.0,-0.007153744016628827,-0.007153744016628827,0.0,-0.007153744016628827,1.0654157754949956,1.1783193405360863
2017-11-15,000985.CSI,中证全指,two_speed_category_strong0p25,primary,0.25,0.25,1.0,0.0,-0.00785904970507656,-0.00785904970507656,0.0,-0.00785904970507656,1.0570426199588077,1.1690588702703602
2017-11-16,000985.CSI,中证全指,two_speed_category_strong0p25,primary,0.166666666667,0.25,1.0,0.0,0.0036560332083961367,0.0036560332083961367,0.0,0.0036560332083961367,1.060907202880067,1.1733329883226387
2017-11-17,000985.CSI,中证全指,two_speed_category_strong0p25,primary,0.0,0.25,1.0,0.0,-0.014478268648338566,-0.014478268648338566,0.0,-0.014478268648338566,1.045547103385812,1.1563451581037456
2017-11-20,000985.CSI,中证全指,two_speed_category_strong0p25,primary,-0.083333333333,-0.083333333333,0.0,1.0,0.005588377848239734,0.0,0.0005,-0.0005,1.0513900156576643,1.1557669855246937
2017-11-21,000985.CSI,中证全指,two_speed_category_strong0p25,primary,0.083333333333,-0.083333333333,0.0,0.0,0.00933829088177296,0.0,0.0,0.0,1.0612082014540674,1.1557669855246937
2017-11-22,000985.CSI,中证全指,two_speed_category_strong0p25,primary,0.0,-0.083333333333,0.0,0.0,0.0006176448395178724,0.0,0.0,0.0,1.0618636512233495,1.1557669855246937
2017-11-23,000985.CSI,中证全指,two_speed_category_strong0p25,primary,0.083333333333,-0.083333333333,0.0,0.0,-0.026489038233832418,-0.0,0.0,-0.0,1.0337359043669774,1.1557669855246937
2017-11-24,000985.CSI,中证全指,two_speed_category_strong0p25,primary,-0.083333333333,-0.083333333333,0.0,0.0,0.0006658285646268247,0.0,0.0,0.0,1.0344241952603852,1.1557669855246937
2017-11-27,000985.CSI,中证全指,two_speed_category_strong0p25,primary,-0.166666666667,-0.166666666667,0.0,0.0,-0.012234403743547007,-0.0,0.0,-0.0,1.021768632013476,1.1557669855246937
2017-11-28,000985.CSI,中证全指,two_speed_category_strong0p25,primary,-0.25,-0.166666666667,0.0,0.0,0.008145852235602602,0.0,0.0,0.0,1.0300918083088315,1.1557669855246937
2017-11-29,000985.CSI,中证全指,two_speed_category_strong0p25,primary,-0.166666666667,-0.166666666667,0.0,0.0,0.0010532282790469694,0.0,0.0,0.0,1.031176730131357,1.1557669855246937
2017-11-30,000985.CSI,中证全指,two_speed_category_strong0p25,primary,-0.166666666667,-0.166666666667,0.0,0.0,-0.008913825463546687,-0.0,0.0,-0.0,1.0219850007368954,1.1557669855246937
2017-12-01,000985.CSI,中证全指,two_speed_category_strong0p25,primary,-0.166666666667,-0.166666666667,0.0,0.0,0.0033002828825527963,0.0,0.0,0.0,1.025357840341053,1.1557669855246937
2017-12-04,000985.CSI,中证全指,two_speed_category_strong0p25,primary,-0.25,-0.25,0.0,0.0,-0.0016881421482870529,-0.0,0.0,-0.0,1.0236268905536967,1.1557669855246937
2017-12-05,000985.CSI,中证全指,two_speed_category_strong0p25,primary,-0.25,-0.25,0.0,0.0,-0.00966696929218569,-0.0,0.0,-0.0,1.0137315208360587,1.1557669855246937
2017-12-06,000985.CSI,中证全指,two_speed_category_strong0p25,primary,-0.083333333333,-0.25,0.0,0.0,0.0009661229556980899,0.0,0.0,0.0,1.014710910129253,1.1557669855246937
2017-12-07,000985.CSI,中证全指,two_speed_category_strong0p25,primary,-0.083333333333,-0.25,0.0,0.0,-0.006814647643067162,-0.0,0.0,-0.0,1.0077960128171461,1.1557669855246937
2017-12-08,000985.CSI,中证全指,two_speed_category_strong0p25,primary,0.083333333333,-0.25,0.0,0.0,0.009029612219587646,0.0,0.0,0.0,1.0168960200093315,1.1557669855246937
2017-12-11,000985.CSI,中证全指,two_speed_category_strong0p25,primary,0.083333333333,0.083333333333,1.0,1.0,0.01375328420687394,0.01375328420687394,0.0005,0.013253284206873939,1.030881679981359,1.1710846938607744
2017-12-12,000985.CSI,中证全指,two_speed_category_strong0p25,primary,0.083333333333,0.083333333333,1.0,0.0,-0.010905592748653214,-0.010905592748653214,0.0,-0.010905592748653214,1.0196393042074348,1.1583133211153476
2017-12-13,000985.CSI,中证全指,two_speed_category_strong0p25,primary,0.25,0.083333333333,1.0,0.0,0.007550472145206433,0.007550472145206433,0.0,0.007550472145206433,1.0273380623720108,1.1670591335818505
2017-12-14,000985.CSI,中证全指,two_speed_category_strong0p25,primary,0.25,0.083333333333,1.0,0.0,-0.0023940580278625223,-0.0023940580278625223,0.0,-0.0023940580278625223,1.0248785554364603,1.1642651262941086
2017-12-15,000985.CSI,中证全指,two_speed_category_strong0p25,primary,0.25,0.083333333333,1.0,0.0,-0.0077459423450571,-0.0077459423450571,0.0,-0.0077459423450571,1.016939905235364,1.1552467957514738
2017-12-18,000985.CSI,中证全指,two_speed_category_strong0p25,primary,0.25,0.25,1.0,0.0,-0.002702802642231217,-0.002702802642231217,0.0,-0.002702802642231217,1.0141913173725035,1.1521243916594877
2017-12-19,000985.CSI,中证全指,two_speed_category_strong0p25,primary,0.25,0.25,1.0,0.0,0.009406102421789964,0.009406102421789964,0.0,0.009406102421789964,1.0237309047789993,1.1629613916900792
2017-12-20,000985.CSI,中证全指,two_speed_category_strong0p25,primary,0.0,0.25,1.0,0.0,-0.005263775624940847,-0.005263775624940847,0.0,-0.005263775624940847,1.018342214995925,1.1568398238637536
2017-12-21,000985.CSI,中证全指,two_speed_category_strong0p25,primary,0.0,0.25,1.0,0.0,0.0061250538812307465,0.0061250538812307465,0.0,0.0061250538812307465,1.0245796159323068,1.1639255301168725
2017-12-22,000985.CSI,中证全指,two_speed_category_strong0p25,primary,0.5,0.25,1.0,0.0,-0.0021057108630064825,-0.0021057108630064825,0.0,-0.0021057108630064825,1.0224221475050232,1.161474639484375
2017-12-25,000985.CSI,中证全指,two_speed_category_strong0p25,primary,0.416666666667,0.416666666667,1.0,0.0,-0.007627382373308955,-0.007627382373308955,0.0,-0.007627382373308955,1.0146237428390628,1.1526156282921265
2017-12-26,000985.CSI,中证全指,two_speed_category_strong0p25,primary,0.5,0.416666666667,1.0,0.0,0.004315410975254119,0.004315410975254119,0.0,0.004315410975254119,1.0190022612746639,1.1575896384247077
2017-12-27,000985.CSI,中证全指,two_speed_category_strong0p25,primary,0.416666666667,0.416666666667,1.0,0.0,-0.010286468086947775,-0.010286468086947775,0.0,-0.010286468086947775,1.0085203270335343,1.1456821295512705
2017-12-28,000985.CSI,中证全指,two_speed_category_strong0p25,primary,0.416666666667,0.416666666667,1.0,0.0,0.005027323477216905,0.005027323477216905,0.0,0.005027323477216905,1.0135904849508806,1.1514418442185914
2017-12-29,000985.CSI,中证全指,two_speed_category_strong0p25,primary,0.416666666667,0.416666666667,1.0,0.0,0.005245622960125429,0.005245622960125429,0.0,0.005245622960125429,1.0189073984709036,1.1574818739938737
2018-01-02,000985.CSI,中证全指,two_speed_category_strong0p25,primary,0.416666666667,0.416666666667,1.0,0.0,0.012288567711762566,0.012288567711762566,0.0,0.012288567711762566,1.0314283110290292,1.1717056683775853
2018-01-03,000985.CSI,中证全指,two_speed_category_strong0p25,primary,0.583333333333,0.416666666667,1.0,0.0,0.007321827570685446,0.007321827570685446,0.0,0.007321827570685446,1.038980251273907,1.1802846952450408
2018-01-04,000985.CSI,中证全指,two_speed_category_strong0p25,primary,0.666666666667,0.416666666667,1.0,0.0,0.0036904055042015216,0.0036904055042015216,0.0,0.0036904055042015216,1.042814509711965,1.184640424380898
2018-01-05,000985.CSI,中证全指,two_speed_category_strong0p25,primary,0.666666666667,0.416666666667,1.0,0.0,0.0013246312483092826,0.0013246312483092826,0.0,0.0013246312483092826,1.0441958543977197,1.1862096361050432
2018-01-08,000985.CSI,中证全指,two_speed_category_strong0p25,primary,0.666666666667,0.666666666667,1.0,0.0,0.003639664871735615,0.003639664871735615,0.0,0.003639664871735615,1.047996377368183,1.1905270416480889
2018-01-09,000985.CSI,中证全指,two_speed_category_strong0p25,primary,0.5,0.666666666667,1.0,0.0,0.0031296175771409196,0.0031296175771409196,0.0,0.0031296175771409196,1.0512762052515745,1.1942529360036922
2018-01-10,000985.CSI,中证全指,two_speed_category_strong0p25,primary,0.5,0.666666666667,1.0,0.0,-0.0010550927365778895,-0.0010550927365778895,0.0,-0.0010550927365778895,1.0501670113632764,1.1929928884052778
2018-01-11,000985.CSI,中证全指,two_speed_category_strong0p25,primary,0.583333333333,0.666666666667,1.0,0.0,0.0018322510164483496,0.0018322510164483496,0.0,0.0018322510164483496,1.0520911809372873,1.195178750837674
2018-01-12,000985.CSI,中证全指,two_speed_category_strong0p25,primary,0.583333333333,0.666666666667,1.0,0.0,-0.00010712766897946757,-0.00010712766897946757,0.0,-0.00010712766897946757,1.0519784728615196,1.1950507141240831
2018-01-15,000985.CSI,中证全指,two_speed_category_strong0p25,primary,0.416666666667,0.416666666667,1.0,0.0,-0.01222732676955296,-0.01222732676955296,0.0,-0.01222732676955296,1.0391155883193064,1.1804384385363003
2018-01-16,000985.CSI,中证全指,two_speed_category_strong0p25,primary,0.416666666667,0.416666666667,1.0,0.0,0.0068047169453679945,0.0068047169453679945,0.0,0.0068047169453679945,1.0461864757713388,1.188470987981972
2018-01-17,000985.CSI,中证全指,two_speed_category_strong0p25,primary,0.416666666667,0.416666666667,1.0,0.0,-0.0027947178210934176,-0.0027947178210934176,0.0,-0.0027947178210934176,1.0432626797833138,1.1851495469320061
2018-01-18,000985.CSI,中证全指,two_speed_category_strong0p25,primary,0.25,0.416666666667,1.0,0.0,0.003854204233928904,0.003854204233928904,0.0,0.003854204233928904,1.0472836272208346,1.1897173553336304
2018-01-19,000985.CSI,中证全指,two_speed_category_strong0p25,primary,0.25,0.416666666667,1.0,0.0,0.0003286374729694064,0.0003286374729694064,0.0,0.0003286374729694064,1.0476278038655666,1.1901083410388351
2018-01-22,000985.CSI,中证全指,two_speed_category_strong0p25,primary,0.25,0.25,1.0,0.0,0.010722950539612919,0.010722950539612919,0.0,0.010722950539612919,1.0588614649903405,1.2028698139165754
2018-01-23,000985.CSI,中证全指,two_speed_category_strong0p25,primary,0.25,0.25,1.0,0.0,0.005929618686647764,0.005929618686647764,0.0,0.005929618686647764,1.0651401097197184,1.2100023732427796
2018-01-24,000985.CSI,中证全指,two_speed_category_strong0p25,primary,0.25,0.25,1.0,0.0,0.003573505655795284,0.003573505655795284,0.0,0.003573505655795284,1.0689463939260162,1.2143263235670885
2018-01-25,000985.CSI,中证全指,two_speed_category_strong0p25,primary,0.166666666667,0.25,1.0,0.0,-0.003715582529955963,-0.003715582529955963,0.0,-0.003715582529955963,1.0649746353792853,1.209814393893577
2018-01-26,000985.CSI,中证全指,two_speed_category_strong0p25,primary,0.166666666667,0.25,1.0,0.0,0.0012142815572395715,0.0012142815572395715,0.0,0.0012142815572395715,1.0662678144379543,1.211283449199765
2018-01-29,000985.CSI,中证全指,two_speed_category_strong0p25,primary,0.166666666667,0.166666666667,1.0,0.0,-0.01520382390583297,-0.01520382390583297,0.0,-0.01520382390583297,1.0500564663507823,1.192867308938082
2018-01-30,000985.CSI,中证全指,two_speed_category_strong0p25,primary,0.166666666667,0.166666666667,1.0,0.0,-0.006231862169572389,-0.006231862169572389,0.0,-0.006231862169572389,1.043512659182216,1.185433524282191
2018-01-31,000985.CSI,中证全指,two_speed_category_strong0p25,primary,0.166666666667,0.166666666667,1.0,0.0,-0.008542525341151519,-0.008542525341151519,0.0,-0.008542525341151519,1.0345984258473395,1.1753069283607598
2018-02-01,000985.CSI,中证全指,two_speed_category_strong0p25,primary,0.166666666667,0.166666666667,1.0,0.0,-0.022091007634713167,-0.022091007634713167,0.0,-0.022091007634713167,1.0117431041230838,1.149343214033211
2018-02-02,000985.CSI,中证全指,two_speed_category_strong0p25,primary,0.0,0.166666666667,1.0,0.0,0.002128233428725812,0.002128233428725812,0.0,0.002128233428725812,1.0138963296185612,1.1517892846823956
2018-02-05,000985.CSI,中证全指,two_speed_category_strong0p25,primary,-0.166666666667,-0.166666666667,0.0,1.0,-0.0012302018681876747,-0.0,0.0005,-0.0005,1.012649032459716,1.1512133900400545
2018-02-06,000985.CSI,中证全指,two_speed_category_strong0p25,primary,-0.583333333333,-0.166666666667,0.0,0.0,-0.038609823705068824,-0.0,0.0,-0.0,0.9735508318413378,1.1512133900400545
2018-02-07,000985.CSI,中证全指,two_speed_category_strong0p25,primary,-0.75,-0.166666666667,0.0,0.0,-0.011479463027561754,-0.0,0.0,-0.0,0.9623749910617632,1.1512133900400545
2018-02-08,000985.CSI,中证全指,two_speed_category_strong0p25,primary,-0.75,-0.166666666667,0.0,0.0,0.0005282795882766145,0.0,0.0,0.0,0.962883394125809,1.1512133900400545
2018-02-09,000985.CSI,中证全指,two_speed_category_strong0p25,primary,-0.583333333333,-0.166666666667,0.0,0.0,-0.03717082283579953,-0.0,0.0,-0.0,0.9270922260712252,1.1512133900400545
2018-02-12,000985.CSI,中证全指,two_speed_category_strong0p25,primary,-0.416666666667,-0.416666666667,0.0,0.0,0.018519555067275206,0.0,0.0,0.0,0.944261561604394,1.1512133900400545
2018-02-13,000985.CSI,中证全指,two_speed_category_strong0p25,primary,-0.333333333333,-0.416666666667,0.0,0.0,0.007661884147289744,0.0,0.0,0.0,0.9514963842941457,1.1512133900400545
2018-02-14,000985.CSI,中证全指,two_speed_category_strong0p25,primary,-0.333333333333,-0.416666666667,0.0,0.0,0.005643208618710593,0.0,0.0,0.0,0.9568658768906664,1.1512133900400545
2018-02-22,000985.CSI,中证全指,two_speed_category_strong0p25,primary,0.083333333333,0.083333333333,1.0,1.0,0.019872440759182375,0.019872440759182375,0.0005,0.019372440759182374,0.9758811373436592,1.173515203239783
2018-02-23,000985.CSI,中证全指,two_speed_category_strong0p25,primary,-0.083333333333,0.083333333333,1.0,0.0,0.003771030756647642,0.003771030756647642,0.0,0.003771030756647642,0.9795612151274145,1.177940565164594
2018-02-26,000985.CSI,中证全指,two_speed_category_strong0p25,primary,-0.083333333333,-0.083333333333,0.0,1.0,0.016448640564401318,0.0,0.0005,-0.0005,0.9956736654658734,1.1773515948820117
2018-02-27,000985.CSI,中证全指,two_speed_category_strong0p25,primary,-0.083333333333,-0.083333333333,0.0,0.0,-0.007165114136143846,-0.0,0.0,-0.0,0.9885395500104578,1.1773515948820117
2018-02-28,000985.CSI,中证全指,two_speed_category_strong0p25,primary,0.083333333333,-0.083333333333,0.0,0.0,-0.002907765003152707,-0.0,0.0,-0.0,0.985665109302705,1.1773515948820117
2018-03-01,000985.CSI,中证全指,two_speed_category_strong0p25,primary,0.083333333333,-0.083333333333,0.0,0.0,0.009195741421304193,0.0,0.0,0.0,0.9947290307758542,1.1773515948820117
2018-03-02,000985.CSI,中证全指,two_speed_category_strong0p25,primary,0.083333333333,-0.083333333333,0.0,0.0,-0.006421456340532705,-0.0,0.0,-0.0,0.9883414217340666,1.1773515948820117
2018-03-05,000985.CSI,中证全指,two_speed_category_strong0p25,primary,0.083333333333,0.083333333333,1.0,1.0,0.002094512184471764,0.002094512184471764,0.0005,0.001594512184471764,0.9904115148843068,1.1792288963454585
2018-03-06,000985.CSI,中证全指,two_speed_category_strong0p25,primary,-0.083333333333,0.083333333333,1.0,0.0,0.011554896172842666,0.011554896172842666,0.0,0.011554896172842666,1.0018556171071828,1.1928547638067462
2018-03-07,000985.CSI,中证全指,two_speed_category_strong0p25,primary,-0.083333333333,0.083333333333,1.0,0.0,-0.007256797811380555,-0.007256797811380555,0.0,-0.007256797811380555,0.9945853534576401,1.1841984579674585
2018-03-08,000985.CSI,中证全指,two_speed_category_strong0p25,primary,-0.083333333333,0.083333333333,1.0,0.0,0.008515394913377161,0.008515394913377161,0.0,0.008515394913377161,1.0030546405173928,1.1942823754928638
2018-03-09,000985.CSI,中证全指,two_speed_category_strong0p25,primary,0.0,0.083333333333,1.0,0.0,0.011150847176786272,0.011150847176786272,0.0,0.011150847176786272,1.0142395495237686,1.207599635747914
2018-03-12,000985.CSI,中证全指,two_speed_category_strong0p25,primary,0.0,0.0,0.0,1.0,0.009631966829051652,0.0,0.0005,-0.0005,1.0240086712214937,1.2069958359300401
2018-03-13,000985.CSI,中证全指,two_speed_category_strong0p25,primary,0.0,0.0,0.0,0.0,-0.006805255962012424,-0.0,0.0,-0.0,1.0170400301065112,1.2069958359300401
2018-03-14,000985.CSI,中证全指,two_speed_category_strong0p25,primary,0.0,0.0,0.0,0.0,-0.007346350493829701,-0.0,0.0,-0.0,1.0095684975790937,1.2069958359300401
2018-03-15,000985.CSI,中证全指,two_speed_category_strong0p25,primary,0.0,0.0,0.0,0.0,0.001249793598127269,0.0,0.0,0.0,1.010830249824239,1.2069958359300401
2018-03-16,000985.CSI,中证全指,two_speed_category_strong0p25,primary,0.0,0.0,0.0,0.0,-0.0064949502764160005,-0.0,0.0,-0.0,1.0042649576137335,1.2069958359300401
2018-03-19,000985.CSI,中证全指,two_speed_category_strong0p25,primary,0.0,0.0,0.0,0.0,0.0031241365722924908,0.0,0.0,0.0,1.0074024184960864,1.2069958359300401
2018-03-20,000985.CSI,中证全指,two_speed_category_strong0p25,primary,0.0,0.0,0.0,0.0,0.0016816049758163754,0.0,0.0,0.0,1.009096471415679,1.2069958359300401
2018-03-21,000985.CSI,中证全指,two_speed_category_strong0p25,primary,0.0,0.0,0.0,0.0,-0.005509187234579271,-0.0,0.0,-0.0,1.0035371700168967,1.2069958359300401
2018-03-22,000985.CSI,中证全指,two_speed_category_strong0p25,primary,-0.083333333333,0.0,0.0,0.0,-0.0059912295596756815,-0.0,0.0,-0.0,0.9975247484596582,1.2069958359300401
2018-03-23,000985.CSI,中证全指,two_speed_category_strong0p25,primary,-0.083333333333,0.0,0.0,0.0,-0.039865180324193616,-0.0,0.0,-0.0,0.9577582444844681,1.2069958359300401
2018-03-26,000985.CSI,中证全指,two_speed_category_strong0p25,primary,-0.166666666667,-0.166666666667,0.0,0.0,0.004920912471893857,0.0,0.0,0.0,0.9624712889748109,1.2069958359300401
2018-03-27,000985.CSI,中证全指,two_speed_category_strong0p25,primary,-0.166666666667,-0.166666666667,0.0,0.0,0.01632444047220316,0.0,0.0,0.0,0.9781830942378849,1.2069958359300401
2018-03-28,000985.CSI,中证全指,two_speed_category_strong0p25,primary,-0.083333333333,-0.166666666667,0.0,0.0,-0.012726200243303398,-0.0,0.0,-0.0,0.9657345403059994,1.2069958359300401
2018-03-29,000985.CSI,中证全指,two_speed_category_strong0p25,primary,0.0,-0.166666666667,0.0,0.0,0.010779975568826039,0.0,0.0,0.0,0.9761451350564695,1.2069958359300401
2018-03-30,000985.CSI,中证全指,two_speed_category_strong0p25,primary,0.0,-0.166666666667,0.0,0.0,0.008038689859747095,0.0,0.0,0.0,0.9839920630552894,1.2069958359300401
2018-04-02,000985.CSI,中证全指,two_speed_category_strong0p25,primary,0.0,0.0,0.0,0.0,0.00038031886544098725,0.0,0.0,0.0,0.9843662938003135,1.2069958359300401
2018-04-03,000985.CSI,中证全指,two_speed_category_strong0p25,primary,0.083333333333,0.0,0.0,0.0,-0.007848265141354838,-0.0,0.0,-0.0,0.9766407261303558,1.2069958359300401
2018-04-04,000985.CSI,中证全指,two_speed_category_strong0p25,primary,-0.083333333333,0.0,0.0,0.0,-0.00406153743408133,-0.0,0.0,-0.0,0.9726740632615289,1.2069958359300401
2018-04-09,000985.CSI,中证全指,two_speed_category_strong0p25,primary,0.0,0.0,0.0,0.0,0.00028973959189104725,0.0,0.0,0.0,0.9729558854476613,1.2069958359300401
2018-04-10,000985.CSI,中证全指,two_speed_category_strong0p25,primary,0.0,0.0,0.0,0.0,0.010701547736044814,0.0,0.0,0.0,0.9833680193008452,1.2069958359300401
2018-04-11,000985.CSI,中证全指,two_speed_category_strong0p25,primary,0.0,0.0,0.0,0.0,0.0041113743426779426,0.0,0.0,0.0,0.9874110133448087,1.2069958359300401
2018-04-12,000985.CSI,中证全指,two_speed_category_strong0p25,primary,-0.25,0.0,0.0,0.0,-0.007580440135209754,-0.0,0.0,-0.0,0.9799260032693016,1.2069958359300401
2018-04-13,000985.CSI,中证全指,two_speed_category_strong0p25,primary,-0.25,0.0,0.0,0.0,-0.004851511112059059,-0.0,0.0,-0.0,0.975171881375445,1.2069958359300401
2018-04-16,000985.CSI,中证全指,two_speed_category_strong0p25,primary,-0.25,-0.25,0.0,0.0,-0.009534441745547184,-0.0,0.0,-0.0,0.9658741618805752,1.2069958359300401
2018-04-17,000985.CSI,中证全指,two_speed_category_strong0p25,primary,-0.25,-0.25,0.0,0.0,-0.018453529112790412,-0.0,0.0,-0.0,0.94805037491502,1.2069958359300401
2018-04-18,000985.CSI,中证全指,two_speed_category_strong0p25,primary,-0.416666666667,-0.25,0.0,0.0,0.008739722364589975,0.0,0.0,0.0,0.9563360719794227,1.2069958359300401
2018-04-19,000985.CSI,中证全指,two_speed_category_strong0p25,primary,-0.416666666667,-0.25,0.0,0.0,0.007959682650523048,0.0,0.0,0.0,0.9639482036196267,1.2069958359300401
2018-04-20,000985.CSI,中证全指,two_speed_category_strong0p25,primary,-0.416666666667,-0.25,0.0,0.0,-0.016818582543920768,-0.0,0.0,-0.0,0.947735961188986,1.2069958359300401
2018-04-23,000985.CSI,中证全指,two_speed_category_strong0p25,primary,-0.333333333333,-0.333333333333,0.0,0.0,-0.004281728735522683,-0.0,0.0,-0.0,0.9436780128902749,1.2069958359300401
2018-04-24,000985.CSI,中证全指,two_speed_category_strong0p25,primary,-0.333333333333,-0.333333333333,0.0,0.0,0.02098174947224596,0.0,0.0,0.0,0.9634780285392055,1.2069958359300401
2018-04-25,000985.CSI,中证全指,two_speed_category_strong0p25,primary,-0.333333333333,-0.333333333333,0.0,0.0,-0.0004437441880811299,-0.0,0.0,-0.0,0.9630504907636973,1.2069958359300401
2018-04-26,000985.CSI,中证全指,two_speed_category_strong0p25,primary,-0.416666666667,-0.333333333333,0.0,0.0,-0.01869423023965544,-0.0,0.0,-0.0,0.9450470031569476,1.2069958359300401
2018-04-27,000985.CSI,中证全指,two_speed_category_strong0p25,primary,-0.416666666667,-0.333333333333,0.0,0.0,0.0010209995971637298,0.0,0.0,0.0,0.9460118957664716,1.2069958359300401
2018-05-02,000985.CSI,中证全指,two_speed_category_strong0p25,primary,-0.416666666667,-0.416666666667,0.0,0.0,-0.0005061975785181083,-0.0,0.0,-0.0,0.9455330268355853,1.2069958359300401
2018-05-03,000985.CSI,中证全指,two_speed_category_strong0p25,primary,-0.583333333333,-0.416666666667,0.0,0.0,0.008464142339250635,0.0,0.0,0.0,0.9535361529611841,1.2069958359300401
2018-05-04,000985.CSI,中证全指,two_speed_category_strong0p25,primary,-0.416666666667,-0.416666666667,0.0,0.0,-0.002879510793334039,-0.0,0.0,-0.0,0.9507904353168981,1.2069958359300401
2018-05-07,000985.CSI,中证全指,two_speed_category_strong0p25,primary,-0.416666666667,-0.416666666667,0.0,0.0,0.01655157128342033,0.0,0.0,0.0,0.96652751098264,1.2069958359300401
2018-05-08,000985.CSI,中证全指,two_speed_category_strong0p25,primary,-0.416666666667,-0.416666666667,0.0,0.0,0.008184442440883899,0.0,0.0,0.0,0.9744379997638082,1.2069958359300401
2018-05-09,000985.CSI,中证全指,two_speed_category_strong0p25,primary,-0.416666666667,-0.416666666667,0.0,0.0,-0.001228769316954037,-0.0,0.0,-0.0,0.9732406402484244,1.2069958359300401
2018-05-10,000985.CSI,中证全指,two_speed_category_strong0p25,primary,-0.25,-0.416666666667,0.0,0.0,0.004699575728383643,0.0,0.0,0.0,0.9778144583392124,1.2069958359300401
2018-05-11,000985.CSI,中证全指,two_speed_category_strong0p25,primary,-0.416666666667,-0.416666666667,0.0,0.0,-0.007408906274613991,-0.0,0.0,-0.0,0.9705699226634148,1.2069958359300401
2018-05-14,000985.CSI,中证全指,two_speed_category_strong0p25,primary,-0.416666666667,-0.416666666667,0.0,0.0,0.0019487424880741955,0.0,0.0,0.0,0.9724613135093558,1.2069958359300401
2018-05-15,000985.CSI,中证全指,two_speed_category_strong0p25,primary,-0.25,-0.416666666667,0.0,0.0,0.006908325564795481,0.0,0.0,0.0,0.9791793928622471,1.2069958359300401
2018-05-16,000985.CSI,中证全指,two_speed_category_strong0p25,primary,-0.25,-0.416666666667,0.0,0.0,-0.0056917420429548615,-0.0,0.0,-0.0,0.973606156344298,1.2069958359300401
2018-05-17,000985.CSI,中证全指,two_speed_category_strong0p25,primary,-0.333333333333,-0.416666666667,0.0,0.0,-0.005837010731699066,-0.0,0.0,-0.0,0.9679232067612681,1.2069958359300401
2018-05-18,000985.CSI,中证全指,two_speed_category_strong0p25,primary,-0.333333333333,-0.416666666667,0.0,0.0,0.006903691503004961,0.0,0.0,0.0,0.9746054499793472,1.2069958359300401
2018-05-21,000985.CSI,中证全指,two_speed_category_strong0p25,primary,-0.5,-0.5,0.0,0.0,0.008573445016199832,0.0,0.0,0.0,0.9829611762172338,1.2069958359300401
2018-05-22,000985.CSI,中证全指,two_speed_category_strong0p25,primary,-0.916666666667,-0.5,0.0,0.0,0.0002460181745793655,0.0,0.0,0.0,0.9832030025314892,1.2069958359300401
2018-05-23,000985.CSI,中证全指,two_speed_category_strong0p25,primary,-0.916666666667,-0.5,0.0,0.0,-0.012104556736459271,-0.0,0.0,-0.0,0.9713017660038896,1.2069958359300401
2018-05-24,000985.CSI,中证全指,two_speed_category_strong0p25,primary,-0.916666666667,-0.5,0.0,0.0,-0.004973902440403077,-0.0,0.0,-0.0,0.9664706057795951,1.2069958359300401
2018-05-25,000985.CSI,中证全指,two_speed_category_strong0p25,primary,-0.916666666667,-0.5,0.0,0.0,-0.006953880175699978,-0.0,0.0,-0.0,0.9597498849936676,1.2069958359300401
2018-05-28,000985.CSI,中证全指,two_speed_category_strong0p25,primary,-0.916666666667,-0.916666666667,0.0,0.0,-0.001025902455009997,-0.0,0.0,-0.0,0.9587652752304571,1.2069958359300401
2018-05-29,000985.CSI,中证全指,two_speed_category_strong0p25,primary,-0.916666666667,-0.916666666667,0.0,0.0,-0.008153887557818318,-0.0,0.0,-0.0,0.9509476109818872,1.2069958359300401
2018-05-30,000985.CSI,中证全指,two_speed_category_strong0p25,primary,-0.916666666667,-0.916666666667,0.0,0.0,-0.025741398608204902,-0.0,0.0,-0.0,0.9264688894720823,1.2069958359300401
2018-05-31,000985.CSI,中证全指,two_speed_category_strong0p25,primary,-0.916666666667,-0.916666666667,0.0,0.0,0.01778308023001407,0.0,0.0,0.0,0.9429443600641764,1.2069958359300401
2018-06-01,000985.CSI,中证全指,two_speed_category_strong0p25,primary,-0.916666666667,-0.916666666667,0.0,0.0,-0.009870650350624066,-0.0,0.0,-0.0,0.9336368859858899,1.2069958359300401
2018-06-04,000985.CSI,中证全指,two_speed_category_strong0p25,primary,-0.583333333333,-0.583333333333,0.0,0.0,0.003771795931611699,0.0,0.0,0.0,0.9371583737940541,1.2069958359300401
2018-06-05,000985.CSI,中证全指,two_speed_category_strong0p25,primary,-0.333333333333,-0.583333333333,0.0,0.0,0.01304154579889949,0.0,0.0,0.0,0.9493803676467114,1.2069958359300401
2018-06-06,000985.CSI,中证全指,two_speed_category_strong0p25,primary,-0.333333333333,-0.583333333333,0.0,0.0,-0.0004766445694504018,-0.0,0.0,-0.0,0.9489278506501297,1.2069958359300401
2018-06-07,000985.CSI,中证全指,two_speed_category_strong0p25,primary,-0.416666666667,-0.583333333333,0.0,0.0,-0.004364351849771575,-0.0,0.0,-0.0,0.9447863956298451,1.2069958359300401
2018-06-08,000985.CSI,中证全指,two_speed_category_strong0p25,primary,-0.25,-0.583333333333,0.0,0.0,-0.012305016671989022,-0.0,0.0,-0.0,0.9331607832801515,1.2069958359300401
2018-06-11,000985.CSI,中证全指,two_speed_category_strong0p25,primary,-0.25,-0.25,0.0,0.0,-0.0039668941089126,-0.0,0.0,-0.0,0.9294590332662892,1.2069958359300401
2018-06-12,000985.CSI,中证全指,two_speed_category_strong0p25,primary,-0.25,-0.25,0.0,0.0,0.010358134686318188,0.0,0.0,0.0,0.9390864951182766,1.2069958359300401
2018-06-13,000985.CSI,中证全指,two_speed_category_strong0p25,primary,-0.25,-0.25,0.0,0.0,-0.012793911343703335,-0.0,0.0,-0.0,0.9270719057556642,1.2069958359300401
2018-06-14,000985.CSI,中证全指,two_speed_category_strong0p25,primary,-0.833333333333,-0.25,0.0,0.0,-0.004074947353344793,-0.0,0.0,-0.0,0.9232941365469449,1.2069958359300401
2018-06-15,000985.CSI,中证全指,two_speed_category_strong0p25,primary,-0.75,-0.25,0.0,0.0,-0.013185814985767652,-0.0,0.0,-0.0,0.9111197508849929,1.2069958359300401
2018-06-19,000985.CSI,中证全指,two_speed_category_strong0p25,primary,-0.75,-0.75,0.0,0.0,-0.05002649942977766,-0.0,0.0,-0.0,0.8655396191868856,1.2069958359300401
2018-06-20,000985.CSI,中证全指,two_speed_category_strong0p25,primary,-0.666666666667,-0.75,0.0,0.0,0.00733798337488567,0.0,0.0,0.0,0.8718909345227839,1.2069958359300401
2018-06-21,000985.CSI,中证全指,two_speed_category_strong0p25,primary,-0.666666666667,-0.75,0.0,0.0,-0.017090976742801356,-0.0,0.0,-0.0,0.8569894668385957,1.2069958359300401
2018-06-22,000985.CSI,中证全指,two_speed_category_strong0p25,primary,-0.666666666667,-0.75,0.0,0.0,0.008994898823102782,0.0,0.0,0.0,0.8646980003852737,1.2069958359300401
2018-06-25,000985.CSI,中证全指,two_speed_category_strong0p25,primary,-0.5,-0.5,0.0,0.0,-0.009291864823290141,-0.0,0.0,-0.0,0.8566633434527244,1.2069958359300401
2018-06-26,000985.CSI,中证全指,two_speed_category_strong0p25,primary,-0.666666666667,-0.5,0.0,0.0,-0.00029433086416374987,-0.0,0.0,-0.0,0.8564112009905486,1.2069958359300401
2018-06-27,000985.CSI,中证全指,two_speed_category_strong0p25,primary,-0.5,-0.5,0.0,0.0,-0.014179835554591236,-0.0,0.0,-0.0,0.8442674309933926,1.2069958359300401
2018-06-28,000985.CSI,中证全指,two_speed_category_strong0p25,primary,-0.333333333333,-0.5,0.0,0.0,-0.010465741497177827,-0.0,0.0,-0.0,0.8354315463061294,1.2069958359300401
2018-06-29,000985.CSI,中证全指,two_speed_category_strong0p25,primary,-0.5,-0.5,0.0,0.0,0.02768296581538765,0.0,0.0,0.0,0.8585587692436184,1.2069958359300401
2018-07-02,000985.CSI,中证全指,two_speed_category_strong0p25,primary,-0.5,-0.5,0.0,0.0,-0.021392811870442174,-0.0,0.0,-0.0,0.8401917830134713,1.2069958359300401
2018-07-03,000985.CSI,中证全指,two_speed_category_strong0p25,primary,-0.5,-0.5,0.0,0.0,0.006121042155525336,0.0,0.0,0.0,0.8453346323360228,1.2069958359300401
2018-07-04,000985.CSI,中证全指,two_speed_category_strong0p25,primary,-0.5,-0.5,0.0,0.0,-0.015228083437472173,-0.0,0.0,-0.0,0.832461806022225,1.2069958359300401
2018-07-05,000985.CSI,中证全指,two_speed_category_strong0p25,primary,-0.416666666667,-0.5,0.0,0.0,-0.01653200326238291,-0.0,0.0,-0.0,0.8186995447292563,1.2069958359300401
2018-07-06,000985.CSI,中证全指,two_speed_category_strong0p25,primary,-0.333333333333,-0.5,0.0,0.0,0.00516027178081746,0.0,0.0,0.0,0.8229242568868909,1.2069958359300401
2018-07-09,000985.CSI,中证全指,two_speed_category_strong0p25,primary,-0.083333333333,-0.083333333333,0.0,0.0,0.02471000033943138,0.0,0.0,0.0,0.8432587155538922,1.2069958359300401
2018-07-10,000985.CSI,中证全指,two_speed_category_strong0p25,primary,-0.083333333333,-0.083333333333,0.0,0.0,0.004652765190239494,0.0,0.0,0.0,0.8471822003519874,1.2069958359300401
2018-07-11,000985.CSI,中证全指,two_speed_category_strong0p25,primary,-0.083333333333,-0.083333333333,0.0,0.0,-0.019329214557185947,-0.0,0.0,-0.0,0.830806833832355,1.2069958359300401
2018-07-12,000985.CSI,中证全指,two_speed_category_strong0p25,primary,-0.083333333333,-0.083333333333,0.0,0.0,0.023733462984415254,0.0,0.0,0.0,0.8505247570703144,1.2069958359300401
2018-07-13,000985.CSI,中证全指,two_speed_category_strong0p25,primary,-0.083333333333,-0.083333333333,0.0,0.0,0.0038490997940539007,0.0,0.0,0.0,0.8537985117375915,1.2069958359300401
2018-07-16,000985.CSI,中证全指,two_speed_category_strong0p25,primary,-0.083333333333,-0.083333333333,0.0,0.0,-0.0031491866135940905,-0.0,0.0,-0.0,0.8511097408937209,1.2069958359300401
2018-07-17,000985.CSI,中证全指,two_speed_category_strong0p25,primary,0.0,-0.083333333333,0.0,0.0,-0.0027009145647388655,-0.0,0.0,-0.0,0.84881096619835,1.2069958359300401
2018-07-18,000985.CSI,中证全指,two_speed_category_strong0p25,primary,0.0,-0.083333333333,0.0,0.0,-0.00549621682241519,-0.0,0.0,-0.0,0.8441457170868801,1.2069958359300401
2018-07-19,000985.CSI,中证全指,two_speed_category_strong0p25,primary,0.0,-0.083333333333,0.0,0.0,-0.0055449973087104976,-0.0,0.0,-0.0,0.8394649313574739,1.2069958359300401
2018-07-20,000985.CSI,中证全指,two_speed_category_strong0p25,primary,0.0,-0.083333333333,0.0,0.0,0.014958533939396945,0.0,0.0,0.0,0.8520220960241182,1.2069958359300401
2018-07-23,000985.CSI,中证全指,two_speed_category_strong0p25,primary,0.0,0.0,0.0,0.0,0.008201475447813023,0.0,0.0,0.0,0.8590099343256542,1.2069958359300401
2018-07-24,000985.CSI,中证全指,two_speed_category_strong0p25,primary,0.083333333333,0.0,0.0,0.0,0.015976498483759594,0.0,0.0,0.0,0.8727339052389425,1.2069958359300401
2018-07-25,000985.CSI,中证全指,two_speed_category_strong0p25,primary,0.166666666667,0.0,0.0,0.0,0.00021098156043075633,0.0,0.0,0.0,0.8729180360001106,1.2069958359300401
2018-07-26,000985.CSI,中证全指,two_speed_category_strong0p25,primary,0.166666666667,0.0,0.0,0.0,-0.007743412857215137,-0.0,0.0,-0.0,0.8661586712568524,1.2069958359300401
2018-07-27,000985.CSI,中证全指,two_speed_category_strong0p25,primary,0.166666666667,0.0,0.0,0.0,-0.004833944036716553,-0.0,0.0,-0.0,0.86197170871308,1.2069958359300401
2018-07-30,000985.CSI,中证全指,two_speed_category_strong0p25,primary,0.0,0.0,0.0,0.0,-0.007802537846223645,-0.0,0.0,-0.0,0.8552461418334721,1.2069958359300401
2018-07-31,000985.CSI,中证全指,two_speed_category_strong0p25,primary,-0.166666666667,0.0,0.0,0.0,0.0005861352529348274,0.0,0.0,0.0,0.8557474317471372,1.2069958359300401
2018-08-01,000985.CSI,中证全指,two_speed_category_strong0p25,primary,-0.166666666667,0.0,0.0,0.0,-0.017740681674916603,-0.0,0.0,-0.0,0.8405658889663838,1.2069958359300401
2018-08-02,000985.CSI,中证全指,two_speed_category_strong0p25,primary,-0.333333333333,0.0,0.0,0.0,-0.022546110819575693,-0.0,0.0,-0.0,0.8216143972825926,1.2069958359300401
2018-08-03,000985.CSI,中证全指,two_speed_category_strong0p25,primary,-0.333333333333,0.0,0.0,0.0,-0.01453912999277096,-0.0,0.0,-0.0,0.8096688387565688,1.2069958359300401
2018-08-06,000985.CSI,中证全指,two_speed_category_strong0p25,primary,-0.333333333333,-0.333333333333,0.0,0.0,-0.016631060252054186,-0.0,0.0,-0.0,0.7962031875149975,1.2069958359300401
2018-08-07,000985.CSI,中证全指,two_speed_category_strong0p25,primary,-0.333333333333,-0.333333333333,0.0,0.0,0.027422442203618447,0.0,0.0,0.0,0.8180370234069643,1.2069958359300401
2018-08-08,000985.CSI,中证全指,two_speed_category_strong0p25,primary,0.0,-0.333333333333,0.0,0.0,-0.01570356797502359,-0.0,0.0,-0.0,0.805190923403807,1.2069958359300401
2018-08-09,000985.CSI,中证全指,two_speed_category_strong0p25,primary,0.0,-0.333333333333,0.0,0.0,0.02388014077448708,0.0,0.0,0.0,0.8244189960050292,1.2069958359300401
2018-08-10,000985.CSI,中证全指,two_speed_category_strong0p25,primary,0.25,-0.333333333333,1.0,1.0,0.003988492466604265,0.003988492466604265,0.0005,0.0034884924666042654,0.8277071849599207,1.2112064318109048
2018-08-13,000985.CSI,中证全指,two_speed_category_strong0p25,primary,0.0,0.0,0.0,1.0,-0.0002653021788801002,-0.0,0.0005,-0.0005,0.8274875924402761,1.2106008285949994
2018-08-14,000985.CSI,中证全指,two_speed_category_strong0p25,primary,0.0,0.0,0.0,0.0,-0.0039398453288543855,-0.0,0.0,-0.0,0.8242274193145154,1.2106008285949994
2018-08-15,000985.CSI,中证全指,two_speed_category_strong0p25,primary,0.0,0.0,0.0,0.0,-0.021809025213794575,-0.0,0.0,-0.0,0.8062518227447842,1.2106008285949994
2018-08-16,000985.CSI,中证全指,two_speed_category_strong0p25,primary,0.0,0.0,0.0,0.0,-0.0076640112255119686,-0.0,0.0,-0.0,0.8000726997246788,1.2106008285949994
2018-08-17,000985.CSI,中证全指,two_speed_category_strong0p25,primary,-0.083333333333,0.0,0.0,0.0,-0.01604836710711255,-0.0,0.0,-0.0,0.7872328393271185,1.2106008285949994
2018-08-20,000985.CSI,中证全指,two_speed_category_strong0p25,primary,-0.25,-0.25,0.0,0.0,0.007842827467544833,0.0,0.0,0.0,0.7934069706627466,1.2106008285949994
2018-08-21,000985.CSI,中证全指,two_speed_category_strong0p25,primary,-0.333333333333,-0.25,0.0,0.0,0.014693064669318412,0.0,0.0,0.0,0.8050645505917823,1.2106008285949994
2018-08-22,000985.CSI,中证全指,two_speed_category_strong0p25,primary,-0.333333333333,-0.25,0.0,0.0,-0.008255072605747205,-0.0,0.0,-0.0,0.7984186842743338,1.2106008285949994
2018-08-23,000985.CSI,中证全指,two_speed_category_strong0p25,primary,-0.333333333333,-0.25,0.0,0.0,0.004650731453680557,0.0,0.0,0.0,0.8021319151624947,1.2106008285949994
2018-08-24,000985.CSI,中证全指,two_speed_category_strong0p25,primary,-0.333333333333,-0.25,0.0,0.0,-0.00043071090350188523,-0.0,0.0,-0.0,0.8017864282005874,1.2106008285949994
2018-08-27,000985.CSI,中证全指,two_speed_category_strong0p25,primary,-0.333333333333,-0.333333333333,0.0,0.0,0.022727241480844818,0.0,0.0,0.0,0.8200088219703662,1.2106008285949994
2018-08-28,000985.CSI,中证全指,two_speed_category_strong0p25,primary,-0.166666666667,-0.333333333333,0.0,0.0,-0.0002570385481476256,-0.0,0.0,-0.0,0.8197980480932987,1.2106008285949994
2018-08-29,000985.CSI,中证全指,two_speed_category_strong0p25,primary,-0.25,-0.333333333333,0.0,0.0,-0.004922231937150023,-0.0,0.0,-0.0,0.8157628119589606,1.2106008285949994
2018-08-30,000985.CSI,中证全指,two_speed_category_strong0p25,primary,-0.25,-0.333333333333,0.0,0.0,-0.012811381004641631,-0.0,0.0,-0.0,0.8053117637655366,1.2106008285949994
2018-08-31,000985.CSI,中证全指,two_speed_category_strong0p25,primary,-0.25,-0.333333333333,0.0,0.0,-0.007695866039517885,-0.0,0.0,-0.0,0.7991141923115491,1.2106008285949994
2018-09-03,000985.CSI,中证全指,two_speed_category_strong0p25,primary,-0.25,-0.25,0.0,0.0,-0.0015137665539343148,-0.0,0.0,-0.0,0.7979045199744537,1.2106008285949994
2018-09-04,000985.CSI,中证全指,two_speed_category_strong0p25,primary,-0.25,-0.25,0.0,0.0,0.01180857633453547,0.0,0.0,0.0,0.8073266364062429,1.2106008285949994
2018-09-05,000985.CSI,中证全指,two_speed_category_strong0p25,primary,-0.25,-0.25,0.0,0.0,-0.017187937397533215,-0.0,0.0,-0.0,0.7934503567203314,1.2106008285949994
2018-09-06,000985.CSI,中证全指,two_speed_category_strong0p25,primary,-0.416666666667,-0.25,0.0,0.0,-0.0074494621270253525,-0.0,0.0,-0.0,0.7875395783382685,1.2106008285949994
2018-09-07,000985.CSI,中证全指,two_speed_category_strong0p25,primary,-0.416666666667,-0.25,0.0,0.0,0.0031942270082352398,0.0,0.0,0.0,0.7900551585294507,1.2106008285949994
2018-09-10,000985.CSI,中证全指,two_speed_category_strong0p25,primary,-0.416666666667,-0.416666666667,0.0,0.0,-0.01634417704584623,-0.0,0.0,-0.0,0.7771423571424613,1.2106008285949994
2018-09-11,000985.CSI,中证全指,two_speed_category_strong0p25,primary,-0.416666666667,-0.416666666667,0.0,0.0,-0.0005590529633699992,-0.0,0.0,-0.0,0.7767078934047404,1.2106008285949994
2018-09-12,000985.CSI,中证全指,two_speed_category_strong0p25,primary,-0.583333333333,-0.416666666667,0.0,0.0,-0.004070631156965598,-0.0,0.0,-0.0,0.7735462020539859,1.2106008285949994
2018-09-13,000985.CSI,中证全指,two_speed_category_strong0p25,primary,-0.25,-0.416666666667,0.0,0.0,0.009011302193650428,0.0,0.0,0.0,0.780516860641445,1.2106008285949994
2018-09-14,000985.CSI,中证全指,two_speed_category_strong0p25,primary,-0.25,-0.416666666667,0.0,0.0,-0.004002641176121147,-0.0,0.0,-0.0,0.7773927317163847,1.2106008285949994
2018-09-17,000985.CSI,中证全指,two_speed_category_strong0p25,primary,-0.25,-0.25,0.0,0.0,-0.01309085346119021,-0.0,0.0,-0.0,0.7672159973836912,1.2106008285949994
2018-09-18,000985.CSI,中证全指,two_speed_category_strong0p25,primary,-0.25,-0.25,0.0,0.0,0.018657105254226147,0.0,0.0,0.0,0.7815300269996048,1.2106008285949994
2018-09-19,000985.CSI,中证全指,two_speed_category_strong0p25,primary,-0.25,-0.25,0.0,0.0,0.012145859102264733,0.0,0.0,0.0,0.7910223805917311,1.2106008285949994
2018-09-20,000985.CSI,中证全指,two_speed_category_strong0p25,primary,-0.083333333333,-0.25,0.0,0.0,-0.0014577599066646352,-0.0,0.0,-0.0,0.7898692598800301,1.2106008285949994
2018-09-21,000985.CSI,中证全指,two_speed_category_strong0p25,primary,-0.25,-0.25,0.0,0.0,0.02191730632771227,0.0,0.0,0.0,0.8071810664076641,1.2106008285949994
2018-09-25,000985.CSI,中证全指,two_speed_category_strong0p25,primary,-0.25,-0.25,0.0,0.0,-0.005906326161801423,-0.0,0.0,-0.0,0.8024135917578297,1.2106008285949994
2018-09-26,000985.CSI,中证全指,two_speed_category_strong0p25,primary,-0.416666666667,-0.25,0.0,0.0,0.007953522050211825,0.0,0.0,0.0,0.8087956059532653,1.2106008285949994
2018-09-27,000985.CSI,中证全指,two_speed_category_strong0p25,primary,-0.416666666667,-0.25,0.0,0.0,-0.008867339308581967,-0.0,0.0,-0.0,0.8016237408839875,1.2106008285949994
2018-09-28,000985.CSI,中证全指,two_speed_category_strong0p25,primary,-0.416666666667,-0.25,0.0,0.0,0.009502584956649462,0.0,0.0,0.0,0.8092412385850047,1.2106008285949994
2018-10-08,000985.CSI,中证全指,two_speed_category_strong0p25,primary,-0.583333333333,-0.583333333333,0.0,0.0,-0.037917319826562323,-0.0,0.0,-0.0,0.7785569797247337,1.2106008285949994
2018-10-09,000985.CSI,中证全指,two_speed_category_strong0p25,primary,-0.583333333333,-0.583333333333,0.0,0.0,-0.0002322015954376866,-0.0,0.0,-0.0,0.7783761975519025,1.2106008285949994
2018-10-10,000985.CSI,中证全指,two_speed_category_strong0p25,primary,-0.333333333333,-0.583333333333,0.0,0.0,-0.0008364084745157152,-0.0,0.0,-0.0,0.7777251571039088,1.2106008285949994
2018-10-11,000985.CSI,中证全指,two_speed_category_strong0p25,primary,-0.333333333333,-0.583333333333,0.0,0.0,-0.058758731180566515,-0.0,0.0,-0.0,0.7320270136652763,1.2106008285949994
2018-10-12,000985.CSI,中证全指,two_speed_category_strong0p25,primary,-0.333333333333,-0.583333333333,0.0,0.0,0.004881799779070439,0.0,0.0,0.0,0.7356006229788611,1.2106008285949994
2018-10-15,000985.CSI,中证全指,two_speed_category_strong0p25,primary,-0.333333333333,-0.333333333333,0.0,0.0,-0.014435706076032728,-0.0,0.0,-0.0,0.7249817085961917,1.2106008285949994
2018-10-16,000985.CSI,中证全指,two_speed_category_strong0p25,primary,0.0,-0.333333333333,0.0,0.0,-0.014584721680605983,-0.0,0.0,-0.0,0.714408052152786,1.2106008285949994
2018-10-17,000985.CSI,中证全指,two_speed_category_strong0p25,primary,0.083333333333,-0.333333333333,0.0,0.0,0.0066461007329765565,0.0,0.0,0.0,0.7191560800318431,1.2106008285949994
2018-10-18,000985.CSI,中证全指,two_speed_category_strong0p25,primary,0.083333333333,-0.333333333333,0.0,0.0,-0.0267538560390308,-0.0,0.0,-0.0,0.6999158817970774,1.2106008285949994
2018-10-19,000985.CSI,中证全指,two_speed_category_strong0p25,primary,-0.083333333333,-0.333333333333,0.0,0.0,0.026491854300536577,0.0,0.0,0.0,0.7184579513602771,1.2106008285949994
2018-10-22,000985.CSI,中证全指,two_speed_category_strong0p25,primary,-0.083333333333,-0.083333333333,0.0,0.0,0.04566758293349604,0.0,0.0,0.0,0.7512681894382522,1.2106008285949994
2018-10-23,000985.CSI,中证全指,two_speed_category_strong0p25,primary,-0.166666666667,-0.083333333333,0.0,0.0,-0.021530277750754334,-0.0,0.0,-0.0,0.7350931766543404,1.2106008285949994
2018-10-24,000985.CSI,中证全指,two_speed_category_strong0p25,primary,-0.166666666667,-0.083333333333,0.0,0.0,0.0007072354292694261,0.0,0.0,0.0,0.7356130605926845,1.2106008285949994
2018-10-25,000985.CSI,中证全指,two_speed_category_strong0p25,primary,-0.166666666667,-0.083333333333,0.0,0.0,-0.0014297852695446256,-0.0,0.0,-0.0,0.7345612918745644,1.2106008285949994
2018-10-26,000985.CSI,中证全指,two_speed_category_strong0p25,primary,-0.166666666667,-0.083333333333,0.0,0.0,-0.00238316906385605,-0.0,0.0,-0.0,0.7328107081282629,1.2106008285949994
2018-10-29,000985.CSI,中证全指,two_speed_category_strong0p25,primary,-0.166666666667,-0.166666666667,0.0,0.0,-0.02333553985011594,-0.0,0.0,-0.0,0.7157101746461442,1.2106008285949994
2018-10-30,000985.CSI,中证全指,two_speed_category_strong0p25,primary,-0.5,-0.166666666667,0.0,0.0,0.010265779415946863,0.0,0.0,0.0,0.7230574974248103,1.2106008285949994
2018-10-31,000985.CSI,中证全指,two_speed_category_strong0p25,primary,-0.5,-0.166666666667,0.0,0.0,0.014658397828341219,0.0,0.0,0.0,0.733656361874828,1.2106008285949994
2018-11-01,000985.CSI,中证全指,two_speed_category_strong0p25,primary,-0.5,-0.166666666667,0.0,0.0,0.006487409909290642,0.0,0.0,0.0,0.7384158914268688,1.2106008285949994
2018-11-02,000985.CSI,中证全指,two_speed_category_strong0p25,primary,-0.5,-0.166666666667,0.0,0.0,0.03275483023860959,0.0,0.0,0.0,0.7626025785960475,1.2106008285949994
2018-11-05,000985.CSI,中证全指,two_speed_category_strong0p25,primary,-0.5,-0.5,0.0,0.0,-0.0018540931611583655,-0.0,0.0,-0.0,0.7611886423703909,1.2106008285949994
2018-11-06,000985.CSI,中证全指,two_speed_category_strong0p25,primary,-0.5,-0.5,0.0,0.0,-0.0032957609805213117,-0.0,0.0,-0.0,0.7586799465440506,1.2106008285949994
2018-11-07,000985.CSI,中证全指,two_speed_category_strong0p25,primary,-0.5,-0.5,0.0,0.0,-0.005001712983002116,-0.0,0.0,-0.0,0.7548852472054779,1.2106008285949994
2018-11-08,000985.CSI,中证全指,two_speed_category_strong0p25,primary,-0.5,-0.5,0.0,0.0,-0.0034277035526854016,-0.0,0.0,-0.0,0.7522977243617619,1.2106008285949994
2018-11-09,000985.CSI,中证全指,two_speed_category_strong0p25,primary,-0.5,-0.5,0.0,0.0,-0.00889245324760446,-0.0,0.0,-0.0,0.7456079520195957,1.2106008285949994
2018-11-12,000985.CSI,中证全指,two_speed_category_strong0p25,primary,-0.666666666667,-0.666666666667,0.0,0.0,0.01936946177448262,0.0,0.0,0.0,0.7600499767449895,1.2106008285949994
2018-11-13,000985.CSI,中证全指,two_speed_category_strong0p25,primary,-0.666666666667,-0.666666666667,0.0,0.0,0.014366704982988088,0.0,0.0,0.0,0.7709693905332118,1.2106008285949994
2018-11-14,000985.CSI,中证全指,two_speed_category_strong0p25,primary,-0.666666666667,-0.666666666667,0.0,0.0,-0.0058169029560367624,-0.0,0.0,-0.0,0.7664847364064052,1.2106008285949994
2018-11-15,000985.CSI,中证全指,two_speed_category_strong0p25,primary,-0.666666666667,-0.666666666667,0.0,0.0,0.0140855083678455,0.0,0.0,0.0,0.7772810635748835,1.2106008285949994
2018-11-16,000985.CSI,中证全指,two_speed_category_strong0p25,primary,-0.833333333333,-0.666666666667,0.0,0.0,0.006985777773115931,0.0,0.0,0.0,0.7827109763522688,1.2106008285949994
2018-11-19,000985.CSI,中证全指,two_speed_category_strong0p25,primary,-0.833333333333,-0.833333333333,0.0,0.0,0.007346799383111335,0.0,0.0,0.0,0.7884613968704881,1.2106008285949994
2018-11-20,000985.CSI,中证全指,two_speed_category_strong0p25,primary,-0.833333333333,-0.833333333333,0.0,0.0,-0.025073917424886516,-0.0,0.0,-0.0,0.7686915809126468,1.2106008285949994
2018-11-21,000985.CSI,中证全指,two_speed_category_strong0p25,primary,-0.833333333333,-0.833333333333,0.0,0.0,0.004396181874765981,0.0,0.0,0.0,0.7720708889079402,1.2106008285949994
2018-11-22,000985.CSI,中证全指,two_speed_category_strong0p25,primary,-0.833333333333,-0.833333333333,0.0,0.0,-0.0018464142493042068,-0.0,0.0,-0.0,0.7706453262171876,1.2106008285949994
2018-11-23,000985.CSI,中证全指,two_speed_category_strong0p25,primary,-0.833333333333,-0.833333333333,0.0,0.0,-0.031195707248382387,-0.0,0.0,-0.0,0.7466045002281821,1.2106008285949994
2018-11-26,000985.CSI,中证全指,two_speed_category_strong0p25,primary,-0.75,-0.75,0.0,0.0,-0.0013361389381691957,-0.0,0.0,-0.0,0.7456069328840149,1.2106008285949994
2018-11-27,000985.CSI,中证全指,two_speed_category_strong0p25,primary,-0.75,-0.75,0.0,0.0,0.002432497442798054,0.0,0.0,0.0,0.7474206198415878,1.2106008285949994
2018-11-28,000985.CSI,中证全指,two_speed_category_strong0p25,primary,-0.75,-0.75,0.0,0.0,0.012516183304437156,0.0,0.0,0.0,0.7567754733250411,1.2106008285949994
2018-11-29,000985.CSI,中证全指,two_speed_category_strong0p25,primary,-0.833333333333,-0.75,0.0,0.0,-0.017693829252210302,-0.0,0.0,-0.0,0.7433852173177672,1.2106008285949994
2018-11-30,000985.CSI,中证全指,two_speed_category_strong0p25,primary,-0.833333333333,-0.75,0.0,0.0,0.008927441053621976,0.0,0.0,0.0,0.7500217450255056,1.2106008285949994
2018-12-03,000985.CSI,中证全指,two_speed_category_strong0p25,primary,-0.833333333333,-0.833333333333,0.0,0.0,0.029707731204585697,0.0,0.0,0.0,0.7723031894243176,1.2106008285949994
2018-12-04,000985.CSI,中证全指,two_speed_category_strong0p25,primary,-0.833333333333,-0.833333333333,0.0,0.0,0.004648243249517403,0.0,0.0,0.0,0.77589304251114,1.2106008285949994
2018-12-05,000985.CSI,中证全指,two_speed_category_strong0p25,primary,-0.75,-0.833333333333,0.0,0.0,-0.005693781633237083,-0.0,0.0,-0.0,0.7714752769563337,1.2106008285949994
2018-12-06,000985.CSI,中证全指,two_speed_category_strong0p25,primary,-0.75,-0.833333333333,0.0,0.0,-0.020040815796141254,-0.0,0.0,-0.0,0.7560142830395747,1.2106008285949994
2018-12-07,000985.CSI,中证全指,two_speed_category_strong0p25,primary,-0.75,-0.833333333333,0.0,0.0,-9.474777641216292e-05,-0.0,0.0,-0.0,0.7559426523673209,1.2106008285949994
2018-12-10,000985.CSI,中证全指,two_speed_category_strong0p25,primary,-0.75,-0.75,0.0,0.0,-0.011530967052107988,-0.0,0.0,-0.0,0.7472259025495902,1.2106008285949994
2018-12-11,000985.CSI,中证全指,two_speed_category_strong0p25,primary,-0.916666666667,-0.75,0.0,0.0,0.006490178459170881,0.0,0.0,0.0,0.752075532006452,1.2106008285949994
2018-12-12,000985.CSI,中证全指,two_speed_category_strong0p25,primary,-0.833333333333,-0.75,0.0,0.0,0.0017552659291488748,0.0,0.0,0.0,0.7533956245639295,1.2106008285949994
2018-12-13,000985.CSI,中证全指,two_speed_category_strong0p25,primary,-0.833333333333,-0.75,0.0,0.0,0.012600090113436213,0.0,0.0,0.0,0.7628884773245036,1.2106008285949994
2018-12-14,000985.CSI,中证全指,two_speed_category_strong0p25,primary,-0.583333333333,-0.75,0.0,0.0,-0.020567508702168946,-0.0,0.0,-0.0,0.7471977619283474,1.2106008285949994
2018-12-17,000985.CSI,中证全指,two_speed_category_strong0p25,primary,-0.666666666667,-0.666666666667,0.0,0.0,-0.0014147991774028368,-0.0,0.0,-0.0,0.746140627149414,1.2106008285949994
2018-12-18,000985.CSI,中证全指,two_speed_category_strong0p25,primary,-0.666666666667,-0.666666666667,0.0,0.0,-0.008191576542311618,-0.0,0.0,-0.0,0.7400285590907911,1.2106008285949994
2018-12-19,000985.CSI,中证全指,two_speed_category_strong0p25,primary,-0.666666666667,-0.666666666667,0.0,0.0,-0.012440253514947597,-0.0,0.0,-0.0,0.7308224162074003,1.2106008285949994
2018-12-20,000985.CSI,中证全指,two_speed_category_strong0p25,primary,-0.666666666667,-0.666666666667,0.0,0.0,-0.0019014219227697637,-0.0,0.0,-0.0,0.729432814443572,1.2106008285949994
2018-12-21,000985.CSI,中证全指,two_speed_category_strong0p25,primary,-0.666666666667,-0.666666666667,0.0,0.0,-0.009814889763087642,-0.0,0.0,-0.0,0.7222735117802296,1.2106008285949994
2018-12-24,000985.CSI,中证全指,two_speed_category_strong0p25,primary,-0.666666666667,-0.666666666667,0.0,0.0,0.005968517243543081,0.0,0.0,0.0,0.7265844136898443,1.2106008285949994
2018-12-25,000985.CSI,中证全指,two_speed_category_strong0p25,primary,-0.833333333333,-0.666666666667,0.0,0.0,-0.008708985084538101,-0.0,0.0,-0.0,0.7202566008683615,1.2106008285949994
2018-12-26,000985.CSI,中证全指,two_speed_category_strong0p25,primary,-0.916666666667,-0.666666666667,0.0,0.0,-0.003986784834266066,-0.0,0.0,-0.0,0.7173850927752395,1.2106008285949994
2018-12-27,000985.CSI,中证全指,two_speed_category_strong0p25,primary,-0.75,-0.666666666667,0.0,0.0,-0.009022537731234292,-0.0,0.0,-0.0,0.7109124587078499,1.2106008285949994
2018-12-28,000985.CSI,中证全指,two_speed_category_strong0p25,primary,-0.75,-0.666666666667,0.0,0.0,0.004189593385074852,0.0,0.0,0.0,0.7138908928422196,1.2106008285949994
2019-01-02,000985.CSI,中证全指,two_speed_category_strong0p25,primary,-0.75,-0.75,0.0,0.0,-0.009609412371521242,-0.0,0.0,-0.0,0.7070308208646252,1.2106008285949994
2019-01-03,000985.CSI,中证全指,two_speed_category_strong0p25,primary,-0.75,-0.75,0.0,0.0,-0.003609105897023346,-0.0,0.0,-0.0,0.7044790717596654,1.2106008285949994
2019-01-04,000985.CSI,中证全指,two_speed_category_strong0p25,primary,-0.583333333333,-0.75,0.0,0.0,0.024548846285237014,0.0,0.0,0.0,0.7217732202034599,1.2106008285949994
2019-01-07,000985.CSI,中证全指,two_speed_category_strong0p25,primary,-0.583333333333,-0.583333333333,0.0,0.0,0.012934305730521123,0.0,0.0,0.0,0.7311088557016742,1.2106008285949994
2019-01-08,000985.CSI,中证全指,two_speed_category_strong0p25,primary,-0.583333333333,-0.583333333333,0.0,0.0,-0.0018906063282426722,-0.0,0.0,-0.0,0.7297266166724503,1.2106008285949994
2019-01-09,000985.CSI,中证全指,two_speed_category_strong0p25,primary,-0.333333333333,-0.583333333333,0.0,0.0,0.0066256374335089685,0.0,0.0,0.0,0.7345615206601032,1.2106008285949994
2019-01-10,000985.CSI,中证全指,two_speed_category_strong0p25,primary,-0.166666666667,-0.583333333333,0.0,0.0,-0.001951033603839858,-0.0,0.0,-0.0,0.7331283664492076,1.2106008285949994
2019-01-11,000985.CSI,中证全指,two_speed_category_strong0p25,primary,-0.166666666667,-0.583333333333,0.0,0.0,0.007504769526233801,0.0,0.0,0.0,0.7386303258725532,1.2106008285949994
2019-01-14,000985.CSI,中证全指,two_speed_category_strong0p25,primary,-0.166666666667,-0.166666666667,0.0,0.0,-0.00710907947266437,-0.0,0.0,-0.0,0.7333793441850052,1.2106008285949994
2019-01-15,000985.CSI,中证全指,two_speed_category_strong0p25,primary,-0.166666666667,-0.166666666667,0.0,0.0,0.01571635352759926,0.0,0.0,0.0,0.7449053932280556,1.2106008285949994
2019-01-16,000985.CSI,中证全指,two_speed_category_strong0p25,primary,0.083333333333,-0.166666666667,0.0,0.0,-0.0008838749035565696,-0.0,0.0,-0.0,0.7442469900454574,1.2106008285949994
2019-01-17,000985.CSI,中证全指,two_speed_category_strong0p25,primary,0.083333333333,-0.166666666667,0.0,0.0,-0.007104222472971822,-0.0,0.0,-0.0,0.7389596938533348,1.2106008285949994
2019-01-18,000985.CSI,中证全指,two_speed_category_strong0p25,primary,0.333333333333,-0.166666666667,1.0,1.0,0.012810212142962962,0.012810212142962962,0.0005,0.012310212142962962,0.748425924296695,1.2255035816154507
2019-01-21,000985.CSI,中证全指,two_speed_category_strong0p25,primary,0.333333333333,0.333333333333,1.0,0.0,0.005570097395279916,0.005570097395279916,0.0,0.005570097395279916,0.75259472958818,1.232329755923313
2019-01-22,000985.CSI,中证全指,two_speed_category_strong0p25,primary,0.333333333333,0.333333333333,1.0,0.0,-0.012437319547479841,-0.012437319547479841,0.0,-0.012437319547479841,0.7432344684465426,1.217002876961027
2019-01-23,000985.CSI,中证全指,two_speed_category_strong0p25,primary,0.333333333333,0.333333333333,1.0,0.0,0.0005093930448805128,0.0005093930448805128,0.0,0.0005093930448805128,0.7436130669154848,1.2176228097621506
2019-01-24,000985.CSI,中证全指,two_speed_category_strong0p25,primary,0.5,0.333333333333,1.0,0.0,0.00525635859122775,0.00525635859122775,0.0,0.00525635859122775,0.7475217638483153,1.2240230718791187
2019-01-25,000985.CSI,中证全指,two_speed_category_strong0p25,primary,0.5,0.333333333333,1.0,0.0,0.0012577343120014906,0.0012577343120014906,0.0,0.0012577343120014906,0.7484619476196751,1.2255625676953026
2019-01-28,000985.CSI,中证全指,two_speed_category_strong0p25,primary,0.333333333333,0.333333333333,1.0,0.0,-0.0030989532546831233,-0.0030989532546831233,0.0,-0.0030989532546831233,0.7461424990310926,1.2217646065873253
2019-01-29,000985.CSI,中证全指,two_speed_category_strong0p25,primary,0.333333333333,0.333333333333,1.0,0.0,-0.006151862229282989,-0.006151862229282989,0.0,-0.006151862229282989,0.7415523331736404,1.214248479050986
2019-01-30,000985.CSI,中证全指,two_speed_category_strong0p25,primary,0.333333333333,0.333333333333,1.0,0.0,-0.010598447156051294,-0.010598447156051294,0.0,-0.010598447156051294,0.7336930299570531,1.2013793307114484
2019-01-31,000985.CSI,中证全指,two_speed_category_strong0p25,primary,0.416666666667,0.333333333333,1.0,0.0,-0.0011266888391016083,-0.0011266888391016083,0.0,-0.0011266888391016083,0.7328663862088739,1.2000257500280085
2019-02-01,000985.CSI,中证全指,two_speed_category_strong0p25,primary,0.416666666667,0.333333333333,1.0,0.0,0.020547994578755224,0.020547994578755224,0.0,0.020547994578755224,0.7479253207396458,1.2246838726339506
2019-02-11,000985.CSI,中证全指,two_speed_category_strong0p25,primary,0.416666666667,0.416666666667,1.0,0.0,0.022486680490645394,0.022486680490645394,0.0,0.022486680490645394,0.7647436784579816,1.2522229475799165
2019-02-12,000985.CSI,中证全指,two_speed_category_strong0p25,primary,0.416666666667,0.416666666667,1.0,0.0,0.009720837860376808,0.009720837860376808,0.0,0.009720837860376808,0.7721776277610198,1.264395603818384
2019-02-13,000985.CSI,中证全指,two_speed_category_strong0p25,primary,0.416666666667,0.416666666667,1.0,0.0,0.01868714474448563,0.01868714474448563,0.0,0.01868714474448563,0.7866074228594435,1.2880235474812294
2019-02-14,000985.CSI,中证全指,two_speed_category_strong0p25,primary,0.5,0.416666666667,1.0,0.0,0.0030382557613943817,0.0030382557613943817,0.0,0.0030382557613943817,0.7889973373939018,1.291936892445176
2019-02-15,000985.CSI,中证全指,two_speed_category_strong0p25,primary,0.5,0.416666666667,1.0,0.0,-0.010816170054421037,-0.010816170054421037,0.0,-0.010816170054421037,0.7804634080201639,1.2779630833169087
2019-02-18,000985.CSI,中证全指,two_speed_category_strong0p25,primary,0.5,0.5,1.0,0.0,0.03323724449829002,0.03323724449829002,0.0,0.03323724449829002,0.8064038611344988,1.3204390547769014
2019-02-19,000985.CSI,中证全指,two_speed_category_strong0p25,primary,0.666666666667,0.5,1.0,0.0,0.0007489966887588295,0.0007489966887588295,0.0,0.0007489966887588295,0.8070078549562909,1.3214280592566372
2019-02-20,000985.CSI,中证全指,two_speed_category_strong0p25,primary,0.666666666667,0.5,1.0,0.0,0.002676458052900621,0.002676458052900621,0.0,0.002676458052900621,0.8091677776284427,1.3249648060271635
2019-02-21,000985.CSI,中证全指,two_speed_category_strong0p25,primary,0.666666666667,0.5,1.0,0.0,-0.0025353969576368263,-0.0025353969576368263,0.0,-0.0025353969576368263,0.8071162161068258,1.3216054942889863
2019-02-22,000985.CSI,中证全指,two_speed_category_strong0p25,primary,0.666666666667,0.5,1.0,0.0,0.022745872770522313,0.022745872770522313,0.0,0.022745872770522313,0.8254747788694171,1.3516665647149069
2019-02-25,000985.CSI,中证全指,two_speed_category_strong0p25,primary,0.583333333333,0.583333333333,1.0,0.0,0.05595080284118459,0.05595080284118459,0.0,0.05595080284118459,0.8716607554723104,1.4272933941842918
2019-02-26,000985.CSI,中证全指,two_speed_category_strong0p25,primary,0.583333333333,0.583333333333,1.0,0.0,-0.006659004744900332,-0.006659004744900332,0.0,-0.006659004744900332,0.8658563623656769,1.4177890407000537
2019-02-27,000985.CSI,中证全指,two_speed_category_strong0p25,primary,0.5,0.583333333333,1.0,0.0,-0.0022919341448583985,-0.0022919341448583985,0.0,-0.0022919341448583985,0.863871876604228,1.4145395615874672
2019-02-28,000985.CSI,中证全指,two_speed_category_strong0p25,primary,0.5,0.583333333333,1.0,0.0,4.405930459583374e-06,4.405930459583374e-06,0.0,4.405930459583374e-06,0.8638756827636423,1.4145457939504078
2019-03-01,000985.CSI,中证全指,two_speed_category_strong0p25,primary,0.5,0.583333333333,1.0,0.0,0.014973259972105302,0.014973259972105302,0.0,0.014973259972105302,0.8768107179452423,1.4357261558656753
2019-03-04,000985.CSI,中证全指,two_speed_category_strong0p25,primary,0.5,0.5,1.0,0.0,0.016001603149140786,0.016001603149140786,0.0,0.016001603149140786,0.8908410950907153,1.4587000760426794
2019-03-05,000985.CSI,中证全指,two_speed_category_strong0p25,primary,0.5,0.5,1.0,0.0,0.016850477192006164,0.016850477192006164,0.0,0.016850477192006164,0.9058521926452432,1.4832798684040143
2019-03-06,000985.CSI,中证全指,two_speed_category_strong0p25,primary,0.333333333333,0.5,1.0,0.0,0.014529058265773998,0.014529058265773998,0.0,0.014529058265773998,0.9190133719323651,1.5048305280365057
2019-03-07,000985.CSI,中证全指,two_speed_category_strong0p25,primary,0.166666666667,0.5,1.0,0.0,0.002373550359515475,0.002373550359515475,0.0,0.002373550359515475,0.9211946964517147,1.5084023190773366
2019-03-08,000985.CSI,中证全指,two_speed_category_strong0p25,primary,0.166666666667,0.5,1.0,0.0,-0.04049768027395906,-0.04049768027395906,0.0,-0.04049768027395906,0.8838884481647464,1.4473155242348443
2019-03-11,000985.CSI,中证全指,two_speed_category_strong0p25,primary,0.25,0.25,1.0,0.0,0.030325157186959828,0.030325157186959828,0.0,0.030325157186959828,0.9106925042910804,1.4912055950063932
2019-03-12,000985.CSI,中证全指,two_speed_category_strong0p25,primary,0.083333333333,0.25,1.0,0.0,0.014009321368277483,0.014009321368277483,0.0,0.014009321368277483,0.9234506882513756,1.512096373413011
2019-03-13,000985.CSI,中证全指,two_speed_category_strong0p25,primary,0.083333333333,0.25,1.0,0.0,-0.015486737523061622,-0.015486737523061622,0.0,-0.015486737523061622,0.9091494498269359,1.4886789337683903
2019-03-14,000985.CSI,中证全指,two_speed_category_strong0p25,primary,-0.166666666667,0.25,1.0,0.0,-0.017748885651680313,-0.017748885651680313,0.0,-0.017748885651680313,0.8930130602016696,1.4622565416008697
2019-03-15,000985.CSI,中证全指,two_speed_category_strong0p25,primary,-0.166666666667,0.25,1.0,0.0,0.013468454026284826,0.013468454026284826,0.0,0.013468454026284826,0.9050405655478677,1.4819508766060552
2019-03-18,000985.CSI,中证全指,two_speed_category_strong0p25,primary,-0.166666666667,-0.166666666667,0.0,1.0,0.026454466157758372,0.0,0.0005,-0.0005,0.9289829305605523,1.4812099011677522
2019-03-19,000985.CSI,中证全指,two_speed_category_strong0p25,primary,-0.166666666667,-0.166666666667,0.0,0.0,-0.00030614257136118983,-0.0,0.0,-0.0,0.9286985293374398,1.4812099011677522
2019-03-20,000985.CSI,中证全指,two_speed_category_strong0p25,primary,-0.166666666667,-0.166666666667,0.0,0.0,-0.0003646886272645755,-0.0,0.0,-0.0,0.9283598435456331,1.4812099011677522
2019-03-21,000985.CSI,中证全指,two_speed_category_strong0p25,primary,-0.166666666667,-0.166666666667,0.0,0.0,0.0061806625425060435,0.0,0.0,0.0,0.9340977224566023,1.4812099011677522
2019-03-22,000985.CSI,中证全指,two_speed_category_strong0p25,primary,-0.333333333333,-0.166666666667,0.0,0.0,0.0018710178664504973,0.0,0.0,0.0,0.9358454359843293,1.4812099011677522
2019-03-25,000985.CSI,中证全指,two_speed_category_strong0p25,primary,-0.5,-0.5,0.0,0.0,-0.016724504784521033,-0.0,0.0,-0.0,0.9201938845126373,1.4812099011677522
2019-03-26,000985.CSI,中证全指,two_speed_category_strong0p25,primary,-0.666666666667,-0.5,0.0,0.0,-0.019375792542652204,-0.0,0.0,-0.0,0.9023643987073031,1.4812099011677522
2019-03-27,000985.CSI,中证全指,two_speed_category_strong0p25,primary,-0.666666666667,-0.5,0.0,0.0,0.009432889393879318,0.0,0.0,0.0,0.9108763022732835,1.4812099011677522
2019-03-28,000985.CSI,中证全指,two_speed_category_strong0p25,primary,-0.75,-0.5,0.0,0.0,-0.008980475305593982,-0.0,0.0,-0.0,0.9026962001342675,1.4812099011677522
2019-03-29,000985.CSI,中证全指,two_speed_category_strong0p25,primary,-0.75,-0.5,0.0,0.0,0.03399777966705786,0.0,0.0,0.0,0.9333858666527227,1.4812099011677522
2019-04-01,000985.CSI,中证全指,two_speed_category_strong0p25,primary,-0.75,-0.75,0.0,0.0,0.03178733002181944,0.0,0.0,0.0,0.9630557112337148,1.4812099011677522
2019-04-02,000985.CSI,中证全指,two_speed_category_strong0p25,primary,-0.75,-0.75,0.0,0.0,0.0021474534141798785,0.0,0.0,0.0,0.965123828508849,1.4812099011677522
2019-04-03,000985.CSI,中证全指,two_speed_category_strong0p25,primary,-0.75,-0.75,0.0,0.0,0.011373179952544943,0.0,0.0,0.0,0.9761003554869693,1.4812099011677522
2019-04-04,000985.CSI,中证全指,two_speed_category_strong0p25,primary,-0.75,-0.75,0.0,0.0,0.0073680716921749045,0.0,0.0,0.0,0.9832923328849547,1.4812099011677522
2019-04-08,000985.CSI,中证全指,two_speed_category_strong0p25,primary,-0.583333333333,-0.583333333333,0.0,0.0,-0.002661567152229649,-0.0,0.0,-0.0,0.9806752343107088,1.4812099011677522
2019-04-09,000985.CSI,中证全指,two_speed_category_strong0p25,primary,-0.583333333333,-0.583333333333,0.0,0.0,0.0036132345332302584,0.0,0.0,0.0,0.9842186439332039,1.4812099011677522
2019-04-10,000985.CSI,中证全指,two_speed_category_strong0p25,primary,-0.583333333333,-0.583333333333,0.0,0.0,0.0008030439637038977,0.0,0.0,0.0,0.9850090147741793,1.4812099011677522
2019-04-11,000985.CSI,中证全指,two_speed_category_strong0p25,primary,-0.583333333333,-0.583333333333,0.0,0.0,-0.020379780095929,-0.0,0.0,-0.0,0.9649347476605739,1.4812099011677522
2019-04-12,000985.CSI,中证全指,two_speed_category_strong0p25,primary,-0.583333333333,-0.583333333333,0.0,0.0,-0.0015935456862485875,-0.0,0.0,-0.0,0.963397080055928,1.4812099011677522
2019-04-15,000985.CSI,中证全指,two_speed_category_strong0p25,primary,-0.5,-0.5,0.0,0.0,-0.006194374169569361,-0.0,0.0,-0.0,0.9574294380681909,1.4812099011677522
2019-04-16,000985.CSI,中证全指,two_speed_category_strong0p25,primary,-0.5,-0.5,0.0,0.0,0.02385964243045513,0.0,0.0,0.0,0.9802733621128895,1.4812099011677522
2019-04-17,000985.CSI,中证全指,two_speed_category_strong0p25,primary,-0.5,-0.5,0.0,0.0,0.0043642356770861035,0.0,0.0,0.0,0.9845515060931197,1.4812099011677522
2019-04-18,000985.CSI,中证全指,two_speed_category_strong0p25,primary,-0.583333333333,-0.5,0.0,0.0,-0.004731437531823479,-0.0,0.0,-0.0,0.9798931621451774,1.4812099011677522
2019-04-19,000985.CSI,中证全指,two_speed_category_strong0p25,primary,-0.75,-0.5,0.0,0.0,0.009597920549953454,0.0,0.0,0.0,0.9892980988628894,1.4812099011677522
2019-04-22,000985.CSI,中证全指,two_speed_category_strong0p25,primary,-0.833333333333,-0.833333333333,0.0,0.0,-0.017322733334714013,-0.0,0.0,-0.0,0.9721607517077481,1.4812099011677522
2019-04-23,000985.CSI,中证全指,two_speed_category_strong0p25,primary,-0.833333333333,-0.833333333333,0.0,0.0,-0.009320228220552451,-0.0,0.0,-0.0,0.963099991634768,1.4812099011677522
2019-04-24,000985.CSI,中证全指,two_speed_category_strong0p25,primary,-0.833333333333,-0.833333333333,0.0,0.0,0.006666744266718538,0.0,0.0,0.0,0.9695207329822758,1.4812099011677522
2019-04-25,000985.CSI,中证全指,two_speed_category_strong0p25,primary,-0.833333333333,-0.833333333333,0.0,0.0,-0.03069734494745424,-0.0,0.0,-0.0,0.9397590206082103,1.4812099011677522
2019-04-26,000985.CSI,中证全指,two_speed_category_strong0p25,primary,-0.916666666667,-0.833333333333,0.0,0.0,-0.01276561143519872,-0.0,0.0,-0.0,0.927762422108403,1.4812099011677522
2019-04-29,000985.CSI,中证全指,two_speed_category_strong0p25,primary,-0.916666666667,-0.916666666667,0.0,0.0,-0.01498588263999856,-0.0,0.0,-0.0,0.9138590833328857,1.4812099011677522
2019-04-30,000985.CSI,中证全指,two_speed_category_strong0p25,primary,-1.0,-0.916666666667,0.0,0.0,0.0065222808979226166,0.0,0.0,0.0,0.9198195289755008,1.4812099011677522
2019-05-06,000985.CSI,中证全指,two_speed_category_strong0p25,primary,-1.0,-1.0,0.0,0.0,-0.0666687725698707,-0.0,0.0,-0.0,0.8584962899929075,1.4812099011677522
2019-05-07,000985.CSI,中证全指,two_speed_category_strong0p25,primary,-1.0,-1.0,0.0,0.0,0.011567995314715418,0.0,0.0,0.0,0.8684273710532461,1.4812099011677522
2019-05-08,000985.CSI,中证全指,two_speed_category_strong0p25,primary,-1.0,-1.0,0.0,0.0,-0.00954218588394784,-0.0,0.0,-0.0,0.8601406756519479,1.4812099011677522
2019-05-09,000985.CSI,中证全指,two_speed_category_strong0p25,primary,-1.0,-1.0,0.0,0.0,-0.014247646826249238,-0.0,0.0,-0.0,0.8478856950843675,1.4812099011677522
2019-05-10,000985.CSI,中证全指,two_speed_category_strong0p25,primary,-0.916666666667,-1.0,0.0,0.0,0.03664604244798997,0.0,0.0,0.0,0.8789573502574727,1.4812099011677522
2019-05-13,000985.CSI,中证全指,two_speed_category_strong0p25,primary,-0.916666666667,-0.916666666667,0.0,0.0,-0.012404379379234998,-0.0,0.0,-0.0,0.8680544298267119,1.4812099011677522
2019-05-14,000985.CSI,中证全指,two_speed_category_strong0p25,primary,-0.916666666667,-0.916666666667,0.0,0.0,-0.00686303994841464,-0.0,0.0,-0.0,0.8620969375974129,1.4812099011677522
2019-05-15,000985.CSI,中证全指,two_speed_category_strong0p25,primary,-0.583333333333,-0.916666666667,0.0,0.0,0.02255812530633583,0.0,0.0,0.0,0.8815442283419437,1.4812099011677522
2019-05-16,000985.CSI,中证全指,two_speed_category_strong0p25,primary,-0.666666666667,-0.916666666667,0.0,0.0,0.0054787099271143,0.0,0.0,0.0,0.886373953456951,1.4812099011677522
2019-05-17,000985.CSI,中证全指,two_speed_category_strong0p25,primary,-0.583333333333,-0.916666666667,0.0,0.0,-0.02981268478323562,-0.0,0.0,-0.0,0.8599487661824686,1.4812099011677522
2019-05-20,000985.CSI,中证全指,two_speed_category_strong0p25,primary,-0.583333333333,-0.583333333333,0.0,0.0,-0.006356432729755057,-0.0,0.0,-0.0,0.854482559699194,1.4812099011677522
2019-05-21,000985.CSI,中证全指,two_speed_category_strong0p25,primary,-0.583333333333,-0.583333333333,0.0,0.0,0.015755210079650306,0.0,0.0,0.0,0.8679451119366521,1.4812099011677522
2019-05-22,000985.CSI,中证全指,two_speed_category_strong0p25,primary,-0.583333333333,-0.583333333333,0.0,0.0,-0.004895931941631071,-0.0,0.0,-0.0,0.863695711739539,1.4812099011677522
2019-05-23,000985.CSI,中证全指,two_speed_category_strong0p25,primary,-0.583333333333,-0.583333333333,0.0,0.0,-0.020189634767059483,-0.0,0.0,-0.0,0.8462580107696421,1.4812099011677522
2019-05-24,000985.CSI,中证全指,two_speed_category_strong0p25,primary,-0.5,-0.583333333333,0.0,0.0,-0.003015184825875039,-0.0,0.0,-0.0,0.8437063864567943,1.4812099011677522
2019-05-27,000985.CSI,中证全指,two_speed_category_strong0p25,primary,-0.583333333333,-0.583333333333,0.0,0.0,0.019748001318661723,0.0,0.0,0.0,0.8603679012891063,1.4812099011677522
2019-05-28,000985.CSI,中证全指,two_speed_category_strong0p25,primary,-0.25,-0.583333333333,0.0,0.0,0.005585370910188736,0.0,0.0,0.0,0.8651733751370266,1.4812099011677522
2019-05-29,000985.CSI,中证全指,two_speed_category_strong0p25,primary,-0.25,-0.583333333333,0.0,0.0,5.233487211975252e-05,0.0,0.0,0.0,0.8652186538749759,1.4812099011677522
2019-05-30,000985.CSI,中证全指,two_speed_category_strong0p25,primary,0.25,-0.583333333333,1.0,1.0,-0.006244831691012975,-0.006244831691012975,0.0005,-0.006744831691012976,0.8598155090056019,1.4712193896853136
2019-05-31,000985.CSI,中证全指,two_speed_category_strong0p25,primary,0.333333333333,-0.583333333333,1.0,0.0,-0.002534379802639597,-0.002534379802639597,0.0,-0.002534379802639597,0.8576364099455818,1.4674907609788435
2019-06-03,000985.CSI,中证全指,two_speed_category_strong0p25,primary,0.333333333333,0.333333333333,1.0,0.0,-0.006242372098002047,-0.006242372098002047,0.0,-0.006242372098002047,0.8522827243499068,1.4583301375984334
2019-06-04,000985.CSI,中证全指,two_speed_category_strong0p25,primary,0.25,0.333333333333,1.0,0.0,-0.0120792954786334,-0.0120792954786334,0.0,-0.0120792954786334,0.8419877494911496,1.440714536960986
2019-06-05,000985.CSI,中证全指,two_speed_category_strong0p25,primary,0.25,0.333333333333,1.0,0.0,-0.0003998494271842956,-0.0003998494271842956,0.0,-0.0003998494271842956,0.8416510811718194,1.440138468078646
2019-06-06,000985.CSI,中证全指,two_speed_category_strong0p25,primary,0.25,0.333333333333,1.0,0.0,-0.016240004831644672,-0.016240004831644672,0.0,-0.016240004831644672,0.8279826635470301,1.4167506123988114
2019-06-10,000985.CSI,中证全指,two_speed_category_strong0p25,primary,0.25,0.25,1.0,0.0,0.012206873380956162,0.012206873380956162,0.0,0.012206873380956162,0.8380897430825756,1.4340447077367557
2019-06-11,000985.CSI,中证全指,two_speed_category_strong0p25,primary,0.416666666667,0.25,1.0,0.0,0.03335741966877914,0.03335741966877914,0.0,0.03335741966877914,0.8660462543626803,1.4818807388765225
2019-06-12,000985.CSI,中证全指,two_speed_category_strong0p25,primary,0.5,0.25,1.0,0.0,-0.006424337139153469,-0.006424337139153469,0.0,-0.006424337139153469,0.8604824812465535,1.4723606374099618
2019-06-13,000985.CSI,中证全指,two_speed_category_strong0p25,primary,0.5,0.25,1.0,0.0,0.001841609408690159,0.001841609408690159,0.0,0.001841609408690159,0.8620671538800302,1.475072150612801
2019-06-14,000985.CSI,中证全指,two_speed_category_strong0p25,primary,0.5,0.25,1.0,0.0,-0.014159471895444531,-0.014159471895444531,0.0,-0.014159471895444531,0.84986073824268,1.4541859079524462
2019-06-17,000985.CSI,中证全指,two_speed_category_strong0p25,primary,0.5,0.5,1.0,0.0,-2.246626096213955e-05,-2.246626096213955e-05,0.0,-2.246626096213955e-05,0.8498416450495532,1.4541532378323507
2019-06-18,000985.CSI,中证全指,two_speed_category_strong0p25,primary,0.583333333333,0.5,1.0,0.0,0.0014425719366013556,0.0014425719366013556,0.0,0.0014425719366013556,0.8510676027572568,1.4562509584847656
2019-06-19,000985.CSI,中证全指,two_speed_category_strong0p25,primary,0.583333333333,0.5,1.0,0.0,0.013440650912437402,0.013440650912437402,0.0,0.013440650912437402,0.862506505308802,1.4758239192586617
2019-06-20,000985.CSI,中证全指,two_speed_category_strong0p25,primary,0.583333333333,0.5,1.0,0.0,0.024090121651497265,0.024090121651497265,0.0,0.024090121651497265,0.8832843919468988,1.5113766970097924
2019-06-21,000985.CSI,中证全指,two_speed_category_strong0p25,primary,0.583333333333,0.5,1.0,0.0,0.008298028552133463,0.008298028552133463,0.0,0.008298028552133463,0.890613911050928,1.5239181439946088
2019-06-24,000985.CSI,中证全指,two_speed_category_strong0p25,primary,0.583333333333,0.583333333333,1.0,0.0,0.0009500782600782021,0.0009500782600782021,0.0,0.0009500782600782021,0.8914600639659407,1.5253659854933568
2019-06-25,000985.CSI,中证全指,two_speed_category_strong0p25,primary,0.416666666667,0.583333333333,1.0,0.0,-0.01018122007590705,-0.01018122007590705,0.0,-0.01018122007590705,0.8823839128658213,1.5098358986987461
2019-06-26,000985.CSI,中证全指,two_speed_category_strong0p25,primary,0.416666666667,0.583333333333,1.0,0.0,-0.0015787159382613103,-0.0015787159382613103,0.0,-0.0015787159382613103,0.8809908793189146,1.5074522967013113
2019-06-27,000985.CSI,中证全指,two_speed_category_strong0p25,primary,0.416666666667,0.583333333333,1.0,0.0,0.009442275944610001,0.009442275944610001,0.0,0.009442275944610001,0.8893094383061284,1.5216860772601013
2019-06-28,000985.CSI,中证全指,two_speed_category_strong0p25,primary,0.416666666667,0.583333333333,1.0,0.0,-0.007416793746306549,-0.007416793746306549,0.0,-0.007416793746306549,0.8827136136255681,1.5104000454784368
2019-07-01,000985.CSI,中证全指,two_speed_category_strong0p25,primary,0.416666666667,0.416666666667,1.0,0.0,0.029128619682971646,0.029128619682971646,0.0,0.029128619682971646,0.9084258427658488,1.5543959139723211
2019-07-02,000985.CSI,中证全指,two_speed_category_strong0p25,primary,0.416666666667,0.416666666667,1.0,0.0,-0.0003397434077551109,-0.0003397434077551109,0.0,-0.0003397434077551109,0.9081172110743347,1.5538678182075076
2019-07-03,000985.CSI,中证全指,two_speed_category_strong0p25,primary,0.416666666667,0.416666666667,1.0,0.0,-0.010367608020852681,-0.010367608020852681,0.0,-0.010367608020852681,0.8987022077929261,1.5377579257521146
2019-07-04,000985.CSI,中证全指,two_speed_category_strong0p25,primary,0.416666666667,0.416666666667,1.0,0.0,-0.004627539900421973,-0.004627539900421973,0.0,-0.004627539900421973,0.894543427467767,1.5306418895935066
2019-07-05,000985.CSI,中证全指,two_speed_category_strong0p25,primary,0.166666666667,0.416666666667,1.0,0.0,0.004415408145722832,0.004415408145722832,0.0,0.004415408145722832,0.8984932018041111,1.5374002982610022
2019-07-08,000985.CSI,中证全指,two_speed_category_strong0p25,primary,0.166666666667,0.166666666667,1.0,0.0,-0.028174873891535723,-0.028174873891535723,0.0,-0.028174873891535723,0.873178269150878,1.494084238736689
2019-07-09,000985.CSI,中证全指,two_speed_category_strong0p25,primary,0.0,0.166666666667,1.0,0.0,0.00013560451482774738,0.00013560451482774738,0.0,0.00013560451482774738,0.8732966760664244,1.4942868433049947
2019-07-10,000985.CSI,中证全指,two_speed_category_strong0p25,primary,0.0,0.166666666667,1.0,0.0,-0.004406799254959903,-0.004406799254959903,0.0,-0.004406799254959903,0.8694482329249759,1.487701821157222
2019-07-11,000985.CSI,中证全指,two_speed_category_strong0p25,primary,0.0,0.166666666667,1.0,0.0,-0.00034119529781551083,-0.00034119529781551083,0.0,-0.00034119529781551083,0.8691515812762078,1.4871942242912914
2019-07-12,000985.CSI,中证全指,two_speed_category_strong0p25,primary,0.0,0.166666666667,1.0,0.0,0.00459525315111553,0.00459525315111553,0.0,0.00459525315111553,0.8731455528188644,1.4940282582367868
2019-07-15,000985.CSI,中证全指,two_speed_category_strong0p25,primary,0.0,0.0,0.0,1.0,0.0072440726184264115,0.0,0.0005,-0.0005,0.8794706826099403,1.4932812441076684
2019-07-16,000985.CSI,中证全指,two_speed_category_strong0p25,primary,0.0,0.0,0.0,0.0,-0.0015075588300195175,-0.0,0.0,-0.0,0.8781448288166284,1.4932812441076684
2019-07-17,000985.CSI,中证全指,two_speed_category_strong0p25,primary,-0.166666666667,0.0,0.0,0.0,-0.00013185328592268952,-0.0,0.0,-0.0,0.8780290425354329,1.4932812441076684
2019-07-18,000985.CSI,中证全指,two_speed_category_strong0p25,primary,-0.166666666667,0.0,0.0,0.0,-0.013380526626612488,-0.0,0.0,-0.0,0.8662805515528484,1.4932812441076684
2019-07-19,000985.CSI,中证全指,two_speed_category_strong0p25,primary,-0.333333333333,0.0,0.0,0.0,0.008221367324697582,0.0,0.0,0.0,0.8734025621734061,1.4932812441076684
2019-07-22,000985.CSI,中证全指,two_speed_category_strong0p25,primary,-0.333333333333,-0.333333333333,0.0,0.0,-0.015685720451343976,-0.0,0.0,-0.0,0.8597026137416665,1.4932812441076684
2019-07-23,000985.CSI,中证全指,two_speed_category_strong0p25,primary,-0.333333333333,-0.333333333333,0.0,0.0,0.006357744670676846,0.0,0.0,0.0,0.8651683834525495,1.4932812441076684
2019-07-24,000985.CSI,中证全指,two_speed_category_strong0p25,primary,-0.166666666667,-0.333333333333,0.0,0.0,0.009637629283445914,0.0,0.0,0.0,0.8735065556000234,1.4932812441076684
2019-07-25,000985.CSI,中证全指,two_speed_category_strong0p25,primary,-0.166666666667,-0.333333333333,0.0,0.0,0.00588447180140883,0.0,0.0,0.0,0.8786466802947975,1.4932812441076684
2019-07-26,000985.CSI,中证全指,two_speed_category_strong0p25,primary,-0.333333333333,-0.333333333333,0.0,0.0,0.0016237546336219655,0.0,0.0,0.0,0.8800733869132428,1.4932812441076684
2019-07-29,000985.CSI,中证全指,two_speed_category_strong0p25,primary,-0.25,-0.25,0.0,0.0,-0.0006923966701718465,-0.0,0.0,-0.0,0.8794640270306372,1.4932812441076684
2019-07-30,000985.CSI,中证全指,two_speed_category_strong0p25,primary,-0.25,-0.25,0.0,0.0,0.004443059963418872,0.0,0.0,0.0,0.8833715384384041,1.4932812441076684
2019-07-31,000985.CSI,中证全指,two_speed_category_strong0p25,primary,-0.416666666667,-0.25,0.0,0.0,-0.007658702213457325,-0.0,0.0,-0.0,0.8766060588816607,1.4932812441076684
2019-08-01,000985.CSI,中证全指,two_speed_category_strong0p25,primary,-0.416666666667,-0.25,0.0,0.0,-0.0067832286596783975,-0.0,0.0,-0.0,0.8706598395398069,1.4932812441076684
2019-08-02,000985.CSI,中证全指,two_speed_category_strong0p25,primary,-0.333333333333,-0.25,0.0,0.0,-0.014773600394369257,-0.0,0.0,-0.0,0.8577970589910201,1.4932812441076684
2019-08-05,000985.CSI,中证全指,two_speed_category_strong0p25,primary,-0.416666666667,-0.416666666667,0.0,0.0,-0.01564705154954127,-0.0,0.0,-0.0,0.8443750641899427,1.4932812441076684
2019-08-06,000985.CSI,中证全指,two_speed_category_strong0p25,primary,-0.5,-0.416666666667,0.0,0.0,-0.017587527080779264,-0.0,0.0,-0.0,0.8295245948821673,1.4932812441076684
2019-08-07,000985.CSI,中证全指,two_speed_category_strong0p25,primary,-0.5,-0.416666666667,0.0,0.0,-0.0038966980615121605,-0.0,0.0,-0.0,0.8262921880013133,1.4932812441076684
2019-08-08,000985.CSI,中证全指,two_speed_category_strong0p25,primary,-0.5,-0.416666666667,0.0,0.0,0.01033434850906656,0.0,0.0,0.0,0.834831379442438,1.4932812441076684
2019-08-09,000985.CSI,中证全指,two_speed_category_strong0p25,primary,-0.5,-0.416666666667,0.0,0.0,-0.010548010059428847,-0.0,0.0,-0.0,0.8260255696541523,1.4932812441076684
2019-08-12,000985.CSI,中证全指,two_speed_category_strong0p25,primary,-0.416666666667,-0.416666666667,0.0,0.0,0.0178026199388559,0.0,0.0,0.0,0.8407309889304821,1.4932812441076684
2019-08-13,000985.CSI,中证全指,two_speed_category_strong0p25,primary,-0.25,-0.416666666667,0.0,0.0,-0.007340895921990054,-0.0,0.0,-0.0,0.8345592702423517,1.4932812441076684
2019-08-14,000985.CSI,中证全指,two_speed_category_strong0p25,primary,-0.166666666667,-0.416666666667,0.0,0.0,0.005312895430440889,0.0,0.0,0.0,0.8389931963756543,1.4932812441076684
2019-08-15,000985.CSI,中证全指,two_speed_category_strong0p25,primary,0.166666666667,-0.416666666667,0.0,0.0,0.0037913658280184226,0.0,0.0,0.0,0.8421741265103329,1.4932812441076684
2019-08-16,000985.CSI,中证全指,two_speed_category_strong0p25,primary,0.166666666667,-0.416666666667,0.0,0.0,0.004711755742534907,0.0,0.0,0.0,0.8461422452871322,1.4932812441076684
2019-08-19,000985.CSI,中证全指,two_speed_category_strong0p25,primary,0.166666666667,0.166666666667,1.0,1.0,0.0261675988491068,0.0261675988491068,0.0005,0.0256675988491068,0.8682837561310884,1.5316101880503192
2019-08-20,000985.CSI,中证全指,two_speed_category_strong0p25,primary,0.166666666667,0.166666666667,1.0,0.0,0.00021747644444336522,0.00021747644444336522,0.0,0.00021747644444336522,0.8684725873951398,1.5319432771882897
2019-08-21,000985.CSI,中证全指,two_speed_category_strong0p25,primary,0.166666666667,0.166666666667,1.0,0.0,-0.00036806572754866096,-0.00036806572754866096,0.0,-0.00036806572754866096,0.8681529324004041,1.531379421371408
2019-08-22,000985.CSI,中证全指,two_speed_category_strong0p25,primary,0.166666666667,0.166666666667,1.0,0.0,0.003215226555530082,0.003215226555530082,0.0,0.003215226555530082,0.8709442407629192,1.5363031531535938
2019-08-23,000985.CSI,中证全指,two_speed_category_strong0p25,primary,0.166666666667,0.166666666667,1.0,0.0,0.0033976385795750907,0.0033976385795750907,0.0,0.0033976385795750907,0.8739033945159941,1.5415229560166712
2019-08-26,000985.CSI,中证全指,two_speed_category_strong0p25,primary,0.083333333333,0.083333333333,1.0,0.0,-0.01070536709667902,-0.01070536709667902,0.0,-0.01070536709667902,0.8645479378706664,1.5250203868845549
2019-08-27,000985.CSI,中证全指,two_speed_category_strong0p25,primary,0.25,0.083333333333,1.0,0.0,0.015562977284716561,0.015562977284716561,0.0,0.015562977284716561,0.8780028777892961,1.548754244524369
2019-08-28,000985.CSI,中证全指,two_speed_category_strong0p25,primary,0.333333333333,0.083333333333,1.0,0.0,-0.0026821214447363406,-0.0026821214447363406,0.0,-0.0026821214447363406,0.8756479674422372,1.5446002975525037
2019-08-29,000985.CSI,中证全指,two_speed_category_strong0p25,primary,0.333333333333,0.083333333333,1.0,0.0,-0.0014213398260821686,-0.0014213398260821686,0.0,-0.0014213398260821686,0.8744033741124836,1.542404895634214
2019-08-30,000985.CSI,中证全指,two_speed_category_strong0p25,primary,0.333333333333,0.083333333333,1.0,0.0,-0.004601144289585246,-0.004601144289585246,0.0,-0.004601144289585246,0.8703801180208919,1.5353080681564384
2019-09-02,000985.CSI,中证全指,two_speed_category_strong0p25,primary,0.333333333333,0.333333333333,1.0,0.0,0.018348615960922965,0.018348615960922965,0.0,0.018348615960922965,0.8863503885464801,1.5634788462807474
2019-09-03,000985.CSI,中证全指,two_speed_category_strong0p25,primary,0.5,0.333333333333,1.0,0.0,0.0040708947288501385,0.0040708947288501385,0.0,0.0040708947288501385,0.8899586276711282,1.5698436040747403
2019-09-04,000985.CSI,中证全指,two_speed_category_strong0p25,primary,0.5,0.333333333333,1.0,0.0,0.008221120962433881,0.008221120962433881,0.0,0.008221120962433881,0.8972750852007743,1.582749478235942
2019-09-05,000985.CSI,中证全指,two_speed_category_strong0p25,primary,0.5,0.333333333333,1.0,0.0,0.00960994092109968,0.00960994092109968,0.0,0.00960994092109968,0.9058978457595284,1.5979596072146907
2019-09-06,000985.CSI,中证全指,two_speed_category_strong0p25,primary,0.5,0.333333333333,1.0,0.0,0.004846387602548852,0.004846387602548852,0.0,0.004846387602548852,0.910288177848393,1.6057039388444698
2019-09-09,000985.CSI,中证全指,two_speed_category_strong0p25,primary,0.5,0.5,1.0,0.0,0.01369795031697807,0.01369795031697807,0.0,0.01369795031697807,0.9227572600826928,1.6276987916225374
2019-09-10,000985.CSI,中证全指,two_speed_category_strong0p25,primary,0.666666666667,0.5,1.0,0.0,-0.0016964741620264512,-0.0016964741620264512,0.0,-0.0016964741620264512,0.9211918262331401,1.624937442678988
2019-09-11,000985.CSI,中证全指,two_speed_category_strong0p25,primary,0.666666666667,0.5,1.0,0.0,-0.0070134096265622725,-0.0070134096265622725,0.0,-0.0070134096265622725,0.9147311306111261,1.6135410907759418
2019-09-12,000985.CSI,中证全指,two_speed_category_strong0p25,primary,0.666666666667,0.5,1.0,0.0,0.008164917161203045,0.008164917161203045,0.0,0.008164917161203045,0.9221998345173396,1.6267155201183245
2019-09-16,000985.CSI,中证全指,two_speed_category_strong0p25,primary,0.666666666667,0.666666666667,1.0,0.0,-0.00018279481109917395,-0.00018279481109917395,0.0,-0.00018279481109917395,0.9220312611727932,1.6264181649621123
2019-09-17,000985.CSI,中证全指,two_speed_category_strong0p25,primary,0.5,0.666666666667,1.0,0.0,-0.019605660371059486,-0.019605660371059486,0.0,-0.019605660371059486,0.9039542294147398,1.5945311627985435
2019-09-18,000985.CSI,中证全指,two_speed_category_strong0p25,primary,0.5,0.666666666667,1.0,0.0,0.00277000056486032,0.00277000056486032,0.0,0.00277000056486032,0.9064581831408265,1.598948015020183
2019-09-19,000985.CSI,中证全指,two_speed_category_strong0p25,primary,0.5,0.666666666667,1.0,0.0,0.007029499816153084,0.007029499816153084,0.0,0.007029499816153084,0.9128301307725654,1.6101878197978057
2019-09-20,000985.CSI,中证全指,two_speed_category_strong0p25,primary,0.25,0.666666666667,1.0,0.0,0.00213106576209654,0.00213106576209654,0.0,0.00213106576209654,0.9147754318108648,1.6136192359311217
2019-09-23,000985.CSI,中证全指,two_speed_category_strong0p25,primary,0.083333333333,0.083333333333,1.0,0.0,-0.009967380564866346,-0.009967380564866346,0.0,-0.009967380564866346,0.905657516950616,1.5975356789198074
2019-09-24,000985.CSI,中证全指,two_speed_category_strong0p25,primary,0.083333333333,0.083333333333,1.0,0.0,0.0028820517298155934,0.0028820517298155934,0.0,0.0028820517298155934,0.908267668763964,1.6021398593866805
2019-09-25,000985.CSI,中证全指,two_speed_category_strong0p25,primary,-0.083333333333,0.083333333333,1.0,0.0,-0.012810206671822755,-0.012810206671822755,0.0,-0.012810206671822755,0.896632572213763,1.581616116670772
2019-09-26,000985.CSI,中证全指,two_speed_category_strong0p25,primary,-0.083333333333,0.083333333333,1.0,0.0,-0.01716784898930801,-0.01716784898930801,0.0,-0.01716784898930801,0.8812393196151024,1.5544631700207125
2019-09-27,000985.CSI,中证全指,two_speed_category_strong0p25,primary,0.083333333333,0.083333333333,1.0,0.0,0.0053772068144612994,0.0053772068144612994,0.0,0.0053772068144612994,0.8859779256897079,1.5628218399713771
2019-09-30,000985.CSI,中证全指,two_speed_category_strong0p25,primary,0.083333333333,0.083333333333,1.0,0.0,-0.010653769908458899,-0.010653769908458899,0.0,-0.010653769908458899,0.876538920725436,1.5461718956804078
2019-10-08,000985.CSI,中证全指,two_speed_category_strong0p25,primary,0.083333333333,0.083333333333,1.0,0.0,0.00362834928793343,0.00362834928793343,0.0,0.00362834928793343,0.8797193100942962,1.5517819473771224
2019-10-09,000985.CSI,中证全指,two_speed_category_strong0p25,primary,0.083333333333,0.083333333333,1.0,0.0,0.004915044424917303,0.004915044424917303,0.0,0.004915044424917303,0.8840431695848672,1.5594090245862657
2019-10-10,000985.CSI,中证全指,two_speed_category_strong0p25,primary,0.083333333333,0.083333333333,1.0,0.0,0.010870758434078587,0.010870758434078587,0.0,0.010870758434078587,0.8936533893267214,1.5763609833924652
2019-10-11,000985.CSI,中证全指,two_speed_category_strong0p25,primary,-0.083333333333,0.083333333333,1.0,0.0,0.0059297614780482455,0.0059297614780482455,0.0,0.0059297614780482455,0.8989525407694783,1.5857084280272842
2019-10-14,000985.CSI,中证全指,two_speed_category_strong0p25,primary,-0.166666666667,-0.166666666667,0.0,1.0,0.012654204133655034,0.0,0.0005,-0.0005,0.9103280697268431,1.5849155738132705
2019-10-15,000985.CSI,中证全指,two_speed_category_strong0p25,primary,-0.166666666667,-0.166666666667,0.0,0.0,-0.00838853679808682,-0.0,0.0,-0.0,0.9026917492156081,1.5849155738132705
2019-10-16,000985.CSI,中证全指,two_speed_category_strong0p25,primary,-0.166666666667,-0.166666666667,0.0,0.0,-0.004248320646910164,-0.0,0.0,-0.0,0.89885682521962,1.5849155738132705
2019-10-17,000985.CSI,中证全指,two_speed_category_strong0p25,primary,-0.166666666667,-0.166666666667,0.0,0.0,-0.00023800818020658365,-0.0,0.0,-0.0,0.8986428899423832,1.5849155738132705
2019-10-18,000985.CSI,中证全指,two_speed_category_strong0p25,primary,-0.166666666667,-0.166666666667,0.0,0.0,-0.013618785561022362,-0.0,0.0,-0.0,0.8864044651283204,1.5849155738132705
2019-10-21,000985.CSI,中证全指,two_speed_category_strong0p25,primary,-0.333333333333,-0.333333333333,0.0,0.0,-0.0002936063159545421,-0.0,0.0,-0.0,0.8861442111788684,1.5849155738132705
2019-10-22,000985.CSI,中证全指,two_speed_category_strong0p25,primary,-0.333333333333,-0.333333333333,0.0,0.0,0.007500390792047229,0.0,0.0,0.0,0.8927906390608203,1.5849155738132705
2019-10-23,000985.CSI,中证全指,two_speed_category_strong0p25,primary,-0.333333333333,-0.333333333333,0.0,0.0,-0.006809986828292813,-0.0,0.0,-0.0,0.886710746568393,1.5849155738132705
2019-10-24,000985.CSI,中证全指,two_speed_category_strong0p25,primary,-0.333333333333,-0.333333333333,0.0,0.0,-0.0007881215261815733,-0.0,0.0,-0.0,0.8860119107415259,1.5849155738132705
2019-10-25,000985.CSI,中证全指,two_speed_category_strong0p25,primary,-0.25,-0.333333333333,0.0,0.0,0.006995306673079238,0.0,0.0,0.0,0.8922098357731637,1.5849155738132705
2019-10-28,000985.CSI,中证全指,two_speed_category_strong0p25,primary,-0.25,-0.25,0.0,0.0,0.013244690851418328,0.0,0.0,0.0,0.904026879222574,1.5849155738132705
2019-10-29,000985.CSI,中证全指,two_speed_category_strong0p25,primary,-0.25,-0.25,0.0,0.0,-0.00853277506168193,-0.0,0.0,-0.0,0.8963130212124535,1.5849155738132705
2019-10-30,000985.CSI,中证全指,two_speed_category_strong0p25,primary,-0.166666666667,-0.25,0.0,0.0,-0.007795135624114935,-0.0,0.0,-0.0,0.8893261396504422,1.5849155738132705
2019-10-31,000985.CSI,中证全指,two_speed_category_strong0p25,primary,-0.166666666667,-0.25,0.0,0.0,-0.005133941303779754,-0.0,0.0,-0.0,0.8847603914495598,1.5849155738132705
2019-11-01,000985.CSI,中证全指,two_speed_category_strong0p25,primary,-0.166666666667,-0.25,0.0,0.0,0.013429551619226876,0.0,0.0,0.0,0.896642326797179,1.5849155738132705
2019-11-04,000985.CSI,中证全指,two_speed_category_strong0p25,primary,-0.166666666667,-0.166666666667,0.0,0.0,0.005830408622450545,0.0,0.0,0.0,0.9018701179505915,1.5849155738132705
2019-11-05,000985.CSI,中证全指,two_speed_category_strong0p25,primary,-0.166666666667,-0.166666666667,0.0,0.0,0.005031262366132161,0.0,0.0,0.0,0.9064076631341754,1.5849155738132705
2019-11-06,000985.CSI,中证全指,two_speed_category_strong0p25,primary,-0.166666666667,-0.166666666667,0.0,0.0,-0.006711856155452556,-0.0,0.0,-0.0,0.900323985281019,1.5849155738132705
2019-11-07,000985.CSI,中证全指,two_speed_category_strong0p25,primary,-0.166666666667,-0.166666666667,0.0,0.0,0.003996484623763674,0.0,0.0,0.0,0.9039221162446002,1.5849155738132705
2019-11-08,000985.CSI,中证全指,two_speed_category_strong0p25,primary,-0.166666666667,-0.166666666667,0.0,0.0,-0.003921764342510237,-0.0,0.0,-0.0,0.9003771467207057,1.5849155738132705
2019-11-11,000985.CSI,中证全指,two_speed_category_strong0p25,primary,-0.25,-0.25,0.0,0.0,-0.020652043322885505,-0.0,0.0,-0.0,0.8817825188796936,1.5849155738132705
2019-11-12,000985.CSI,中证全指,two_speed_category_strong0p25,primary,-0.333333333333,-0.25,0.0,0.0,0.0010480688422300766,0.0,0.0,0.0,0.8827066876633546,1.5849155738132705
2019-11-13,000985.CSI,中证全指,two_speed_category_strong0p25,primary,-0.333333333333,-0.25,0.0,0.0,-0.001478563968043356,-0.0,0.0,-0.0,0.8814015493606246,1.5849155738132705
2019-11-14,000985.CSI,中证全指,two_speed_category_strong0p25,primary,-0.333333333333,-0.25,0.0,0.0,0.0039850154395868476,0.0,0.0,0.0,0.8849139481433025,1.5849155738132705
2019-11-15,000985.CSI,中证全指,two_speed_category_strong0p25,primary,-0.333333333333,-0.25,0.0,0.0,-0.00901845831311332,-0.0,0.0,-0.0,0.8769333885912796,1.5849155738132705
2019-11-18,000985.CSI,中证全指,two_speed_category_strong0p25,primary,-0.333333333333,-0.333333333333,0.0,0.0,0.007263134786382297,0.0,0.0,0.0,0.883302673991297,1.5849155738132705
2019-11-19,000985.CSI,中证全指,two_speed_category_strong0p25,primary,-0.333333333333,-0.333333333333,0.0,0.0,0.013468974038313375,0.0,0.0,0.0,0.8951998547752585,1.5849155738132705
2019-11-20,000985.CSI,中证全指,two_speed_category_strong0p25,primary,-0.5,-0.333333333333,0.0,0.0,-0.008019413968136435,-0.0,0.0,-0.0,0.8880208765556001,1.5849155738132705
2019-11-21,000985.CSI,中证全指,two_speed_category_strong0p25,primary,-0.5,-0.333333333333,0.0,0.0,-0.002925894012110297,-0.0,0.0,-0.0,0.8854226215902572,1.5849155738132705
2019-11-22,000985.CSI,中证全指,two_speed_category_strong0p25,primary,-0.416666666667,-0.333333333333,0.0,0.0,-0.010377207666254828,-0.0,0.0,-0.0,0.8762344071736153,1.5849155738132705
2019-11-25,000985.CSI,中证全指,two_speed_category_strong0p25,primary,-0.583333333333,-0.583333333333,0.0,0.0,0.0022784846001657755,0.0,0.0,0.0,0.8782308937764958,1.5849155738132705
2019-11-26,000985.CSI,中证全指,two_speed_category_strong0p25,primary,-0.583333333333,-0.583333333333,0.0,0.0,0.00103182195852769,0.0,0.0,0.0,0.8791370716973518,1.5849155738132705
2019-11-27,000985.CSI,中证全指,two_speed_category_strong0p25,primary,-0.583333333333,-0.583333333333,0.0,0.0,-0.0017609646927690958,-0.0,0.0,-0.0,0.8775889423539883,1.5849155738132705
2019-11-28,000985.CSI,中证全指,two_speed_category_strong0p25,primary,-0.583333333333,-0.583333333333,0.0,0.0,-0.003238033027240017,-0.0,0.0,-0.0,0.8747472803743055,1.5849155738132705
2019-11-29,000985.CSI,中证全指,two_speed_category_strong0p25,primary,-0.416666666667,-0.583333333333,0.0,0.0,-0.004660774587058936,-0.0,0.0,-0.0,0.870670280479838,1.5849155738132705
2019-12-02,000985.CSI,中证全指,two_speed_category_strong0p25,primary,-0.416666666667,-0.416666666667,0.0,0.0,0.0019164969375176089,0.0,0.0,0.0,0.8723389174059651,1.5849155738132705
2019-12-03,000985.CSI,中证全指,two_speed_category_strong0p25,primary,-0.416666666667,-0.416666666667,0.0,0.0,0.004718346673892038,0.0,0.0,0.0,0.8764549148354142,1.5849155738132705
2019-12-04,000985.CSI,中证全指,two_speed_category_strong0p25,primary,-0.416666666667,-0.416666666667,0.0,0.0,0.0001245849570805646,0.0,0.0,0.0,0.8765641079333619,1.5849155738132705
2019-12-05,000985.CSI,中证全指,two_speed_category_strong0p25,primary,-0.333333333333,-0.416666666667,0.0,0.0,0.009002289206623049,0.0,0.0,0.0,0.8844551915411236,1.5849155738132705
2019-12-06,000985.CSI,中证全指,two_speed_category_strong0p25,primary,-0.25,-0.416666666667,0.0,0.0,0.00659759726682263,0.0,0.0,0.0,0.8902904706954624,1.5849155738132705
2019-12-09,000985.CSI,中证全指,two_speed_category_strong0p25,primary,-0.333333333333,-0.333333333333,0.0,0.0,0.0004544314919996406,0.0,0.0,0.0,0.8906950467223737,1.5849155738132705
2019-12-10,000985.CSI,中证全指,two_speed_category_strong0p25,primary,-0.25,-0.333333333333,0.0,0.0,0.003169674689659452,0.0,0.0,0.0,0.8935182602681746,1.5849155738132705
2019-12-11,000985.CSI,中证全指,two_speed_category_strong0p25,primary,-0.25,-0.333333333333,0.0,0.0,-0.0012985935580933639,-0.0,0.0,-0.0,0.8923579432113515,1.5849155738132705
2019-12-12,000985.CSI,中证全指,two_speed_category_strong0p25,primary,-0.166666666667,-0.333333333333,0.0,0.0,-0.002293883332056157,-0.0,0.0,-0.0,0.8903109781991911,1.5849155738132705
2019-12-13,000985.CSI,中证全指,two_speed_category_strong0p25,primary,0.166666666667,-0.333333333333,0.0,0.0,0.016319769991756994,0.0,0.0,0.0,0.9048406485845382,1.5849155738132705
2019-12-16,000985.CSI,中证全指,two_speed_category_strong0p25,primary,0.166666666667,0.166666666667,1.0,1.0,0.010695142300014338,0.010695142300014338,0.0005,0.010195142300014337,0.914518048079987,1.6010740136218058
2019-12-17,000985.CSI,中证全指,two_speed_category_strong0p25,primary,0.166666666667,0.166666666667,1.0,0.0,0.013143690971249233,0.013143690971249233,0.0,0.013143690971249233,0.9265381906915804,1.6221180356789484
2019-12-18,000985.CSI,中证全指,two_speed_category_strong0p25,primary,0.25,0.166666666667,1.0,0.0,-0.0010752690344403293,-0.0010752690344403293,0.0,-0.0010752690344403293,0.9255419128659034,1.6203738223849757
2019-12-19,000985.CSI,中证全指,two_speed_category_strong0p25,primary,0.25,0.166666666667,1.0,0.0,0.0010735950231031133,0.0010735950231031133,0.0,0.0010735950231031133,0.9265355700572295,1.6221134476562549
2019-12-20,000985.CSI,中证全指,two_speed_category_strong0p25,primary,0.25,0.166666666667,1.0,0.0,-0.006329538869432105,-0.006329538869432105,0.0,-0.006329538869432105,0.9206710271526408,1.611846217538686
2019-12-23,000985.CSI,中证全指,two_speed_category_strong0p25,primary,0.25,0.25,1.0,0.0,-0.016498008350820936,-0.016498008350820936,0.0,-0.016498008350820936,0.9054817888583176,1.5852539651814936
2019-12-24,000985.CSI,中证全指,two_speed_category_strong0p25,primary,0.166666666667,0.25,1.0,0.0,0.0111426230483469,0.0111426230483469,0.0,0.0111426230483469,0.9155712311087087,1.6029178525514083
2019-12-25,000985.CSI,中证全指,two_speed_category_strong0p25,primary,0.166666666667,0.25,1.0,0.0,0.001989976063495824,0.001989976063495824,0.0,0.001989976063495824,0.9173931959430405,1.6061076207097358
2019-12-26,000985.CSI,中证全指,two_speed_category_strong0p25,primary,0.166666666667,0.25,1.0,0.0,0.008100529084934749,0.008100529084934749,0.0,0.008100529084934749,0.9248245662090984,1.6191179422048303
2019-12-27,000985.CSI,中证全指,two_speed_category_strong0p25,primary,0.333333333333,0.25,1.0,0.0,-0.0040184835309509115,-0.0040184835309509115,0.0,-0.0040184835309509115,0.9211081739207683,1.612611543419413
2019-12-30,000985.CSI,中证全指,two_speed_category_strong0p25,primary,0.333333333333,0.333333333333,1.0,0.0,0.01166596961996369,0.01166596961996369,0.0,0.01166596961996369,0.9318537938944281,1.6314242206937466
2019-12-31,000985.CSI,中证全指,two_speed_category_strong0p25,primary,0.333333333333,0.333333333333,1.0,0.0,0.004414008326805607,0.004414008326805607,0.0,0.004414008326805607,0.9359670043000435,1.6386253407884412
2020-01-02,000985.CSI,中证全指,two_speed_category_strong0p25,primary,0.333333333333,0.333333333333,1.0,0.0,0.01590986634195879,0.01590986634195879,0.0,0.01590986634195879,0.9508581142389408,1.664695650944932
2020-01-03,000985.CSI,中证全指,two_speed_category_strong0p25,primary,0.333333333333,0.333333333333,1.0,0.0,0.0010548759939961183,0.0010548759939961183,0.0,0.0010548759939961183,0.951861151637348,1.6664516984244235
2020-01-06,000985.CSI,中证全指,two_speed_category_strong0p25,primary,0.25,0.25,1.0,0.0,0.0020552404512681477,0.0020552404512681477,0.0,0.0020552404512681477,0.9538174551801837,1.6698766573651098
2020-01-07,000985.CSI,中证全指,two_speed_category_strong0p25,primary,0.25,0.25,1.0,0.0,0.01032863262136674,0.01032863262136674,0.0,0.01032863262136674,0.9636690852625868,1.6871241998820299
2020-01-08,000985.CSI,中证全指,two_speed_category_strong0p25,primary,0.25,0.25,1.0,0.0,-0.01250881307006535,-0.01250881307006535,0.0,-0.01250881307006535,0.9516147288136362,1.666020278639722
2020-01-09,000985.CSI,中证全指,two_speed_category_strong0p25,primary,0.083333333333,0.25,1.0,0.0,0.014097098370401628,0.014097098370401628,0.0,0.014097098370401628,0.9650297352564451,1.6895063303947901
2020-01-10,000985.CSI,中证全指,two_speed_category_strong0p25,primary,-0.083333333333,0.25,1.0,0.0,-0.001386917055868464,-0.001386917055868464,0.0,-0.001386917055868464,0.9636913190571977,1.687163125249168
2020-01-13,000985.CSI,中证全指,two_speed_category_strong0p25,primary,-0.083333333333,-0.083333333333,0.0,1.0,0.011230009978365318,0.0,0.0005,-0.0005,0.9745135821862742,1.6863195436865435
2020-01-14,000985.CSI,中证全指,two_speed_category_strong0p25,primary,-0.083333333333,-0.083333333333,0.0,0.0,-0.0027328814158941173,-0.0,0.0,-0.0,0.9718503521279809,1.6863195436865435
2020-01-15,000985.CSI,中证全指,two_speed_category_strong0p25,primary,-0.083333333333,-0.083333333333,0.0,0.0,-0.00379426864328547,-0.0,0.0,-0.0,0.9681628908109358,1.6863195436865435
2020-01-16,000985.CSI,中证全指,two_speed_category_strong0p25,primary,-0.083333333333,-0.083333333333,0.0,0.0,-0.0029447315299595545,-0.0,0.0,-0.0,0.9653119110202281,1.6863195436865435
2020-01-17,000985.CSI,中证全指,two_speed_category_strong0p25,primary,-0.25,-0.083333333333,0.0,0.0,-0.0008503805899144901,-0.0,0.0,-0.0,0.9644910285078832,1.6863195436865435
2020-01-20,000985.CSI,中证全指,two_speed_category_strong0p25,primary,-0.25,-0.25,0.0,0.0,0.010212907199780519,0.0,0.0,0.0,0.974341285877055,1.6863195436865435
2020-01-21,000985.CSI,中证全指,two_speed_category_strong0p25,primary,-0.25,-0.25,0.0,0.0,-0.01389580631056142,-0.0,0.0,-0.0,0.9608020280881241,1.6863195436865435
2020-01-22,000985.CSI,中证全指,two_speed_category_strong0p25,primary,-0.583333333333,-0.25,0.0,0.0,0.00486248337899986,0.0,0.0,0.0,0.9654739119802119,1.6863195436865435
2020-01-23,000985.CSI,中证全指,two_speed_category_strong0p25,primary,-0.666666666667,-0.25,0.0,0.0,-0.03296599916557408,-0.0,0.0,-0.0,0.9336460998034887,1.6863195436865435
2020-02-03,000985.CSI,中证全指,two_speed_category_strong0p25,primary,-0.666666666667,-0.666666666667,0.0,0.0,-0.08183735995023711,-0.0,0.0,-0.0,0.8572389678677356,1.6863195436865435
2020-02-04,000985.CSI,中证全指,two_speed_category_strong0p25,primary,-0.583333333333,-0.666666666667,0.0,0.0,0.017316132221121494,0.0,0.0,0.0,0.872083031180431,1.6863195436865435
2020-02-05,000985.CSI,中证全指,two_speed_category_strong0p25,primary,-0.583333333333,-0.666666666667,0.0,0.0,0.019095453513533034,0.0,0.0,0.0,0.8887358521622779,1.6863195436865435
2020-02-06,000985.CSI,中证全指,two_speed_category_strong0p25,primary,-0.416666666667,-0.666666666667,0.0,0.0,0.024257796313845725,0.0,0.0,0.0,0.9102946254408425,1.6863195436865435
2020-02-07,000985.CSI,中证全指,two_speed_category_strong0p25,primary,-0.333333333333,-0.666666666667,0.0,0.0,0.00468794579176679,0.0,0.0,0.0,0.9145620372994459,1.6863195436865435
2020-02-10,000985.CSI,中证全指,two_speed_category_strong0p25,primary,-0.333333333333,-0.333333333333,0.0,0.0,0.008509257732197018,0.0,0.0,0.0,0.92234428138691,1.6863195436865435
2020-02-11,000985.CSI,中证全指,two_speed_category_strong0p25,primary,-0.333333333333,-0.333333333333,0.0,0.0,0.001792168443087716,0.0,0.0,0.0,0.9239972777016741,1.6863195436865435
2020-02-12,000985.CSI,中证全指,two_speed_category_strong0p25,primary,-0.166666666667,-0.333333333333,0.0,0.0,0.013419040676270866,0.0,0.0,0.0,0.9363964347559164,1.6863195436865435
2020-02-13,000985.CSI,中证全指,two_speed_category_strong0p25,primary,0.166666666667,-0.333333333333,0.0,0.0,-0.007550191401274553,-0.0,0.0,-0.0,0.9293264624460381,1.6863195436865435
2020-02-14,000985.CSI,中证全指,two_speed_category_strong0p25,primary,0.166666666667,-0.333333333333,0.0,0.0,0.004382639167229474,0.0,0.0,0.0,0.9333993649994969,1.6863195436865435
2020-02-17,000985.CSI,中证全指,two_speed_category_strong0p25,primary,0.333333333333,0.333333333333,1.0,1.0,0.027898021574405796,0.027898021574405796,0.0005,0.027398021574405795,0.9594393606217896,1.7325213629258096
2020-02-18,000985.CSI,中证全指,two_speed_category_strong0p25,primary,0.333333333333,0.333333333333,1.0,0.0,0.005992394332098527,0.005992394332098527,0.0,0.005992394332098527,0.9651886996083718,1.7429033141212458
2020-02-19,000985.CSI,中证全指,two_speed_category_strong0p25,primary,0.333333333333,0.333333333333,1.0,0.0,-0.004872599449780801,-0.004872599449780801,0.0,-0.004872599449780801,0.9604857216817254,1.7344108443918373
2020-02-20,000985.CSI,中证全指,two_speed_category_strong0p25,primary,0.166666666667,0.333333333333,1.0,0.0,0.021283358810026298,0.021283358810026298,0.0,0.021283358810026298,0.9809280839281846,1.7713249327170295
2020-02-21,000985.CSI,中证全指,two_speed_category_strong0p25,primary,0.166666666667,0.333333333333,1.0,0.0,0.007455316918553834,0.007455316918553834,0.0,0.007455316918553834,0.9882412136681791,1.784530721456171
2020-02-24,000985.CSI,中证全指,two_speed_category_strong0p25,primary,0.166666666667,0.166666666667,1.0,0.0,0.006061231705623005,0.006061231705623005,0.0,0.006061231705623005,0.994231172645268,1.7953471756447195
2020-02-25,000985.CSI,中证全指,two_speed_category_strong0p25,primary,0.166666666667,0.166666666667,1.0,0.0,0.0008080523323870104,0.0008080523323870104,0.0,0.0008080523323870104,0.9950345634632558,1.7967979101174436
2020-02-26,000985.CSI,中证全指,two_speed_category_strong0p25,primary,0.166666666667,0.166666666667,1.0,0.0,-0.018755352078784537,-0.018755352078784537,0.0,-0.018755352078784537,0.9763723398949428,1.7630983326987666
2020-02-27,000985.CSI,中证全指,two_speed_category_strong0p25,primary,0.166666666667,0.166666666667,1.0,0.0,0.00225390090244848,0.00225390090244848,0.0,0.00225390090244848,0.9785729863929578,1.7670721816219417
2020-02-28,000985.CSI,中证全指,two_speed_category_strong0p25,primary,0.25,0.166666666667,1.0,0.0,-0.04505386128283939,-0.04505386128283939,0.0,-0.04505386128283939,0.9344844948088755,1.6874587566743824
2020-03-02,000985.CSI,中证全指,two_speed_category_strong0p25,primary,0.416666666667,0.416666666667,1.0,0.0,0.03618323525145639,0.03618323525145639,0.0,0.03618323525145639,0.9682971671233834,1.7485164738442616
2020-03-03,000985.CSI,中证全指,two_speed_category_strong0p25,primary,0.416666666667,0.416666666667,1.0,0.0,0.008896184142127783,0.008896184142127783,0.0,0.008896184142127783,0.9769113170264138,1.7640715983711241
2020-03-04,000985.CSI,中证全指,two_speed_category_strong0p25,primary,0.083333333333,0.416666666667,1.0,0.0,0.005253581876837332,0.005253581876837332,0.0,0.005253581876837332,0.982043600616821,1.7733392929497702
2020-03-05,000985.CSI,中证全指,two_speed_category_strong0p25,primary,0.083333333333,0.416666666667,1.0,0.0,0.01924866750836185,0.01924866750836185,0.0,0.01924866750836185,1.0009466313638087,1.8074737113792738
2020-03-06,000985.CSI,中证全指,two_speed_category_strong0p25,primary,-0.083333333333,0.416666666667,1.0,0.0,-0.010037905910790346,-0.010037905910790346,0.0,-0.010037905910790346,0.9908992232564562,1.7893304603282216
2020-03-09,000985.CSI,中证全指,two_speed_category_strong0p25,primary,-0.083333333333,-0.083333333333,0.0,1.0,-0.035947393662833504,-0.0,0.0005,-0.0005,0.9552789787978604,1.7884357950980576
2020-03-10,000985.CSI,中证全指,two_speed_category_strong0p25,primary,-0.25,-0.083333333333,0.0,0.0,0.022886525227413967,0.0,0.0,0.0,0.9771419952453358,1.7884357950980576
2020-03-11,000985.CSI,中证全指,two_speed_category_strong0p25,primary,-0.333333333333,-0.083333333333,0.0,0.0,-0.012994692529631702,-0.0,0.0,-0.0,0.9644443354593318,1.7884357950980576
2020-03-12,000985.CSI,中证全指,two_speed_category_strong0p25,primary,-0.333333333333,-0.083333333333,0.0,0.0,-0.019367098186480858,-0.0,0.0,-0.0,0.9457658473190956,1.7884357950980576
2020-03-13,000985.CSI,中证全指,two_speed_category_strong0p25,primary,-0.583333333333,-0.083333333333,0.0,0.0,-0.011586944217090278,-0.0,0.0,-0.0,0.9348073112037801,1.7884357950980576
2020-03-16,000985.CSI,中证全指,two_speed_category_strong0p25,primary,-0.583333333333,-0.583333333333,0.0,0.0,-0.04397510318051856,-0.0,0.0,-0.0,0.8936990632396907,1.7884357950980576
2020-03-17,000985.CSI,中证全指,two_speed_category_strong0p25,primary,-0.666666666667,-0.583333333333,0.0,0.0,-0.0030571097309488593,-0.0,0.0,-0.0,0.8909669271369208,1.7884357950980576
2020-03-18,000985.CSI,中证全指,two_speed_category_strong0p25,primary,-0.666666666667,-0.583333333333,0.0,0.0,-0.01800843164714705,-0.0,0.0,-0.0,0.8749220101297069,1.7884357950980576
2020-03-19,000985.CSI,中证全指,two_speed_category_strong0p25,primary,-0.75,-0.583333333333,0.0,0.0,-0.002655646453780247,-0.0,0.0,-0.0,0.8725985265961717,1.7884357950980576
2020-03-20,000985.CSI,中证全指,two_speed_category_strong0p25,primary,-0.75,-0.583333333333,0.0,0.0,0.014670725221778369,0.0,0.0,0.0,0.8854001798087927,1.7884357950980576
2020-03-23,000985.CSI,中证全指,two_speed_category_strong0p25,primary,-0.75,-0.75,0.0,0.0,-0.03797629161771099,-0.0,0.0,-0.0,0.8517759643820002,1.7884357950980576
2020-03-24,000985.CSI,中证全指,two_speed_category_strong0p25,primary,-0.75,-0.75,0.0,0.0,0.023081087664708066,0.0,0.0,0.0,0.8714358800865925,1.7884357950980576
2020-03-25,000985.CSI,中证全指,two_speed_category_strong0p25,primary,-0.583333333333,-0.75,0.0,0.0,0.025696536333287057,0.0,0.0,0.0,0.8938287638413676,1.7884357950980576
2020-03-26,000985.CSI,中证全指,two_speed_category_strong0p25,primary,-0.416666666667,-0.75,0.0,0.0,-0.007908342040476302,-0.0,0.0,-0.0,0.886760060251294,1.7884357950980576
2020-03-27,000985.CSI,中证全指,two_speed_category_strong0p25,primary,-0.25,-0.75,0.0,0.0,-0.001346768494436268,-0.0,0.0,-0.0,0.8855657997400231,1.7884357950980576
2020-03-30,000985.CSI,中证全指,two_speed_category_strong0p25,primary,-0.25,-0.25,0.0,0.0,-0.015721369525132367,-0.0,0.0,-0.0,0.8716434925634908,1.7884357950980576
2020-03-31,000985.CSI,中证全指,two_speed_category_strong0p25,primary,-0.25,-0.25,0.0,0.0,0.0027192518497285434,0.0,0.0,0.0,0.874013710742948,1.7884357950980576
2020-04-01,000985.CSI,中证全指,two_speed_category_strong0p25,primary,-0.25,-0.25,0.0,0.0,-0.0039141607459957095,-0.0,0.0,-0.0,0.8705926805848959,1.7884357950980576
2020-04-02,000985.CSI,中证全指,two_speed_category_strong0p25,primary,-0.25,-0.25,0.0,0.0,0.020054845825044465,0.0,0.0,0.0,0.8880522825704382,1.7884357950980576
2020-04-03,000985.CSI,中证全指,two_speed_category_strong0p25,primary,-0.416666666667,-0.25,0.0,0.0,-0.005858209095048195,-0.0,0.0,-0.0,0.8828498866118057,1.7884357950980576
2020-04-07,000985.CSI,中证全指,two_speed_category_strong0p25,primary,-0.333333333333,-0.333333333333,0.0,0.0,0.02768601385588143,0.0,0.0,0.0,0.9072924808052035,1.7884357950980576
2020-04-08,000985.CSI,中证全指,two_speed_category_strong0p25,primary,-0.166666666667,-0.333333333333,0.0,0.0,-0.0011996537206824254,-0.0,0.0,-0.0,0.9062040440048583,1.7884357950980576
2020-04-09,000985.CSI,中证全指,two_speed_category_strong0p25,primary,-0.166666666667,-0.333333333333,0.0,0.0,0.006576321240802319,0.0,0.0,0.0,0.9121635329079484,1.7884357950980576
2020-04-10,000985.CSI,中证全指,two_speed_category_strong0p25,primary,-0.083333333333,-0.333333333333,0.0,0.0,-0.015122698908091481,-0.0,0.0,-0.0,0.8983691584448404,1.7884357950980576
2020-04-13,000985.CSI,中证全指,two_speed_category_strong0p25,primary,-0.083333333333,-0.083333333333,0.0,0.0,-0.0066170983147831874,-0.0,0.0,-0.0,0.8924245614004419,1.7884357950980576
2020-04-14,000985.CSI,中证全指,two_speed_category_strong0p25,primary,0.25,-0.083333333333,1.0,1.0,0.020345816870005695,0.020345816870005695,0.0005,0.019845816870005695,0.9105816680969905,1.8239287643713369
2020-04-15,000985.CSI,中证全指,two_speed_category_strong0p25,primary,0.25,-0.083333333333,1.0,0.0,-0.006255217477862174,-0.006255217477862174,0.0,-0.006255217477862174,0.9048857817316893,1.8125196932860657
2020-04-16,000985.CSI,中证全指,two_speed_category_strong0p25,primary,0.25,-0.083333333333,1.0,0.0,0.004171938438969569,0.004171938438969569,0.0,0.004171938438969569,0.9086609095073728,1.8200814138658752
2020-04-17,000985.CSI,中证全指,two_speed_category_strong0p25,primary,0.083333333333,-0.083333333333,1.0,0.0,0.00521088192279584,0.00521088192279584,0.0,0.00521088192279584,0.913395834214676,1.8295656432034055
2020-04-20,000985.CSI,中证全指,two_speed_category_strong0p25,primary,0.083333333333,0.083333333333,1.0,0.0,0.008217931868488071,0.008217931868488071,0.0,0.008217931868488071,0.920902058949213,1.8446008890081778
2020-04-21,000985.CSI,中证全指,two_speed_category_strong0p25,primary,0.083333333333,0.083333333333,1.0,0.0,-0.008895647160408582,-0.008895647160408582,0.0,-0.008895647160408582,0.912710039163507,1.828191970347785
2020-04-22,000985.CSI,中证全指,two_speed_category_strong0p25,primary,0.083333333333,0.083333333333,1.0,0.0,0.008738792715112131,0.008738792715112131,0.0,0.008738792715112131,0.9206860230047588,1.8441681610200866
2020-04-23,000985.CSI,中证全指,two_speed_category_strong0p25,primary,0.083333333333,0.083333333333,1.0,0.0,-0.003913903475963543,-0.003913903475963543,0.0,-0.003913903475963543,0.9170825467790494,1.8369502648444087
2020-04-24,000985.CSI,中证全指,two_speed_category_strong0p25,primary,0.083333333333,0.083333333333,1.0,0.0,-0.013103670594444394,-0.013103670594444394,0.0,-0.013103670594444394,0.9050653991781427,1.8128794736755103
2020-04-27,000985.CSI,中证全指,two_speed_category_strong0p25,primary,0.25,0.25,1.0,0.0,0.00136822480076626,0.00136822480076626,0.0,0.00136822480076626,0.9063037321036136,1.8153599003321932
2020-04-28,000985.CSI,中证全指,two_speed_category_strong0p25,primary,0.25,0.25,1.0,0.0,-0.0026207658423975655,-0.0026207658423975655,0.0,-0.0026207658423975655,0.903928522239679,1.8106022671137443
2020-04-29,000985.CSI,中证全指,two_speed_category_strong0p25,primary,0.25,0.25,1.0,0.0,0.0014653648390532403,0.0014653648390532403,0.0,0.0014653648390532403,0.9052531073131864,1.813255460013483
2020-04-30,000985.CSI,中证全指,two_speed_category_strong0p25,primary,0.25,0.25,1.0,0.0,0.0169766316860136,0.0169766316860136,0.0,0.0169766316860136,0.9206212558986617,1.844038430110785
2020-05-06,000985.CSI,中证全指,two_speed_category_strong0p25,primary,0.25,0.25,1.0,0.0,0.012267642581286431,0.012267642581286431,0.0,0.012267642581286431,0.9319151084187616,1.8666604344775406
2020-05-07,000985.CSI,中证全指,two_speed_category_strong0p25,primary,0.166666666667,0.25,1.0,0.0,-0.0021428614630265574,-0.0021428614630265574,0.0,-0.0021428614630265574,0.9299181434461188,1.8626604397679423
2020-05-08,000985.CSI,中证全指,two_speed_category_strong0p25,primary,0.166666666667,0.25,1.0,0.0,0.010431347013019954,0.010431347013019954,0.0,0.010431347013019954,0.9396184422941085,1.882090497182586
2020-05-11,000985.CSI,中证全指,two_speed_category_strong0p25,primary,0.166666666667,0.166666666667,1.0,0.0,-0.001467943105954439,-0.001467943105954439,0.0,-0.001467943105954439,0.9382391358795152,1.8793276954124645
2020-05-12,000985.CSI,中证全指,two_speed_category_strong0p25,primary,0.0,0.166666666667,1.0,0.0,0.001115549545425365,0.001115549545425365,0.0,0.001115549545425365,0.9392857881210459,1.881424178568787
2020-05-13,000985.CSI,中证全指,two_speed_category_strong0p25,primary,0.0,0.166666666667,1.0,0.0,0.003916580354765387,0.003916580354765387,0.0,0.003916580354765387,0.9429645763863111,1.8887929275455502
2020-05-14,000985.CSI,中证全指,two_speed_category_strong0p25,primary,0.0,0.166666666667,1.0,0.0,-0.009870769583133487,-0.009870769583133487,0.0,-0.009870769583133487,0.9336567903277448,1.870149087767496
2020-05-15,000985.CSI,中证全指,two_speed_category_strong0p25,primary,0.0,0.166666666667,1.0,0.0,0.0005371775829026149,0.0005371775829026149,0.0,0.0005371775829026149,0.9341583298256337,1.8711536899341306
2020-05-18,000985.CSI,中证全指,two_speed_category_strong0p25,primary,0.0,0.0,0.0,1.0,-0.0010206104305717778,-0.0,0.0005,-0.0005,0.9332049180904082,1.8702181130891635
2020-05-19,000985.CSI,中证全指,two_speed_category_strong0p25,primary,0.0,0.0,0.0,0.0,0.010458549978663134,0.0,0.0,0.0,0.942964888366591,1.8702181130891635
2020-05-20,000985.CSI,中证全指,two_speed_category_strong0p25,primary,-0.083333333333,0.0,0.0,0.0,-0.007468770592678364,-0.0,0.0,-0.0,0.9359220999384303,1.8702181130891635
2020-05-21,000985.CSI,中证全指,two_speed_category_strong0p25,primary,-0.166666666667,0.0,0.0,0.0,-0.008390279103143716,-0.0,0.0,-0.0,0.9280694523011466,1.8702181130891635
2020-05-22,000985.CSI,中证全指,two_speed_category_strong0p25,primary,0.25,0.0,1.0,1.0,-0.020618717272535614,-0.020618717272535614,0.0005,-0.021118717272535614,0.9089338506548722,1.8307215055208585
2020-05-25,000985.CSI,中证全指,two_speed_category_strong0p25,primary,0.166666666667,0.166666666667,1.0,0.0,0.00034106376885634226,0.00034106376885634226,0.0,0.00034106376885634226,0.9092438550596177,1.831345898297258
2020-05-26,000985.CSI,中证全指,two_speed_category_strong0p25,primary,0.25,0.166666666667,1.0,0.0,0.016375200982880367,0.016375200982880367,0.0,0.016375200982880367,0.9241329059286679,1.8613345554510492
2020-05-27,000985.CSI,中证全指,two_speed_category_strong0p25,primary,0.25,0.166666666667,1.0,0.0,-0.006730737960187749,-0.006730737960187749,0.0,-0.006730737960187749,0.9179128094984752,1.8488064003020657
2020-05-28,000985.CSI,中证全指,two_speed_category_strong0p25,primary,0.416666666667,0.166666666667,1.0,0.0,0.00013348223706266538,0.00013348223706266538,0.0,0.00013348223706266538,0.9180353345537156,1.8490531831162738
2020-05-29,000985.CSI,中证全指,two_speed_category_strong0p25,primary,0.25,0.166666666667,1.0,0.0,0.005704216379199822,0.005704216379199822,0.0,0.005704216379199822,0.923272006745761,1.859600582569417
2020-06-01,000985.CSI,中证全指,two_speed_category_strong0p25,primary,0.25,0.25,1.0,0.0,0.02819434792500064,0.02819434792500064,0.0,0.02819434792500064,0.9493030589333645,1.912030808395913
2020-06-02,000985.CSI,中证全指,two_speed_category_strong0p25,primary,0.25,0.25,1.0,0.0,0.002164760856969705,0.002164760856969705,0.0,0.002164760856969705,0.9513580730367451,1.9161698978472486
2020-06-03,000985.CSI,中证全指,two_speed_category_strong0p25,primary,0.333333333333,0.25,1.0,0.0,0.00016405319835954835,0.00016405319835954835,0.0,0.00016405319835954835,0.951514146371412,1.9164842516475906
2020-06-04,000985.CSI,中证全指,two_speed_category_strong0p25,primary,0.333333333333,0.25,1.0,0.0,0.0008792587270773922,0.0008792587270773922,0.0,0.0008792587270773922,0.9523507734885466,1.9181693371511581
2020-06-05,000985.CSI,中证全指,two_speed_category_strong0p25,primary,0.333333333333,0.25,1.0,0.0,0.0028534807789708516,0.0028534807789708516,0.0,0.0028534807789708516,0.9550682881155341,1.9236427964855303
2020-06-08,000985.CSI,中证全指,two_speed_category_strong0p25,primary,0.5,0.5,1.0,0.0,0.0014649067315346542,0.0014649067315346542,0.0,0.0014649067315346542,0.9564673740798698,1.92646075376717
2020-06-09,000985.CSI,中证全指,two_speed_category_strong0p25,primary,0.5,0.5,1.0,0.0,0.006250647602693116,0.006250647602693116,0.0,0.006250647602693116,0.9624459145787163,1.938502381059387
2020-06-10,000985.CSI,中证全指,two_speed_category_strong0p25,primary,0.5,0.5,1.0,0.0,-0.0005984739325315402,-0.0005984739325315402,0.0,-0.0005984739325315402,0.9618699157873695,1.9373422379161727
2020-06-11,000985.CSI,中证全指,two_speed_category_strong0p25,primary,0.583333333333,0.5,1.0,0.0,-0.0070337822600802236,-0.0070337822600802236,0.0,-0.0070337822600802236,0.9551043322371994,1.9237153944514138
2020-06-12,000985.CSI,中证全指,two_speed_category_strong0p25,primary,0.75,0.5,1.0,0.0,0.0010511225925702306,0.0010511225925702306,0.0,0.0010511225925702306,0.9561082639790756,1.9257374551641968
2020-06-15,000985.CSI,中证全指,two_speed_category_strong0p25,primary,0.75,0.75,1.0,0.0,-0.006623239607507103,-0.006623239607507103,0.0,-0.006623239607507103,0.9497757298560244,1.9129828345774933
2020-06-16,000985.CSI,中证全指,two_speed_category_strong0p25,primary,0.75,0.75,1.0,0.0,0.016795663199057342,0.016795663199057342,0.0,0.016795663199057342,0.9657278431293251,1.945112649972635
2020-06-17,000985.CSI,中证全指,two_speed_category_strong0p25,primary,0.75,0.75,1.0,0.0,0.002737779277887542,0.002737779277887542,0.0,0.002737779277887542,0.9683717928063237,1.950437939078887
2020-06-18,000985.CSI,中证全指,two_speed_category_strong0p25,primary,0.583333333333,0.75,1.0,0.0,0.002503582583398778,0.002503582583398778,0.0,0.002503582583398778,0.9707961915610482,1.9553210215331651
2020-06-19,000985.CSI,中证全指,two_speed_category_strong0p25,primary,0.583333333333,0.75,1.0,0.0,0.010780865580063193,0.010780865580063193,0.0,0.010780865580063193,0.9812622148079052,1.976401074632186
2020-06-22,000985.CSI,中证全指,two_speed_category_strong0p25,primary,0.583333333333,0.583333333333,1.0,0.0,0.001702598928973842,0.001702598928973842,0.0,0.001702598928973842,0.9829329108038797,1.9797660929850776
2020-06-23,000985.CSI,中证全指,two_speed_category_strong0p25,primary,0.583333333333,0.583333333333,1.0,0.0,0.003705888886347264,0.003705888886347264,0.0,0.003705888886347264,0.9865755509540527,1.987102886146638
2020-06-24,000985.CSI,中证全指,two_speed_category_strong0p25,primary,0.583333333333,0.583333333333,1.0,0.0,0.0010293348630210364,0.0010293348630210364,0.0,0.0010293348630210364,0.9875910675636539,1.9891482804237584
2020-06-29,000985.CSI,中证全指,two_speed_category_strong0p25,primary,0.583333333333,0.583333333333,1.0,0.0,-0.005731083665742931,-0.005731083665742931,0.0,-0.005731083665742931,0.9819311005279062,1.977748305205081
2020-06-30,000985.CSI,中证全指,two_speed_category_strong0p25,primary,0.75,0.583333333333,1.0,0.0,0.015163686759987804,0.015163686759987804,0.0,0.015163686759987804,0.9968207961562014,2.007738260995308
2020-07-01,000985.CSI,中证全指,two_speed_category_strong0p25,primary,0.75,0.583333333333,1.0,0.0,0.01183993876033318,0.01183993876033318,0.0,0.01183993876033318,1.0086230933377174,2.03150975905227
2020-07-02,000985.CSI,中证全指,two_speed_category_strong0p25,primary,0.75,0.583333333333,1.0,0.0,0.01683483673220243,0.01683483673220243,0.0,0.01683483673220243,1.0256030984383868,2.065709894165791
2020-07-03,000985.CSI,中证全指,two_speed_category_strong0p25,primary,0.833333333333,0.583333333333,1.0,0.0,0.01566668001055671,0.01566668001055671,0.0,0.01566668001055671,1.0416708939994566,2.0980727100723278
2020-07-06,000985.CSI,中证全指,two_speed_category_strong0p25,primary,0.833333333333,0.833333333333,1.0,0.0,0.04811011898789741,0.04811011898789741,0.0,0.04811011898789741,1.0917858046559998,2.199011237799168
2020-07-07,000985.CSI,中证全指,two_speed_category_strong0p25,primary,0.666666666667,0.833333333333,1.0,0.0,0.01002765701039876,0.01002765701039876,0.0,0.01002765701039876,1.1027338582339123,2.2210621682538303
2020-07-08,000985.CSI,中证全指,two_speed_category_strong0p25,primary,0.666666666667,0.833333333333,1.0,0.0,0.01920183860240443,0.01920183860240443,0.0,0.01920183860240443,1.1239083758011266,2.263710645534547
2020-07-09,000985.CSI,中证全指,two_speed_category_strong0p25,primary,0.5,0.833333333333,1.0,0.0,0.020384132699619917,0.020384132699619917,0.0,0.020384132699619917,1.146818273275671,2.3098544237266654
2020-07-10,000985.CSI,中证全指,two_speed_category_strong0p25,primary,0.5,0.833333333333,1.0,0.0,-0.011071877119813944,-0.011071877119813944,0.0,-0.011071877119813944,1.1341208422752056,2.284279999382505
2020-07-13,000985.CSI,中证全指,two_speed_category_strong0p25,primary,0.5,0.5,1.0,0.0,0.02772101488896994,0.02772101488896994,0.0,0.02772101488896994,1.1655598230298077,2.3476025592559635
2020-07-14,000985.CSI,中证全指,two_speed_category_strong0p25,primary,0.583333333333,0.5,1.0,0.0,-0.009600701440925952,-0.009600701440925952,0.0,-0.009600701440925952,1.15436963115736,2.3250639279825935
2020-07-15,000985.CSI,中证全指,two_speed_category_strong0p25,primary,0.583333333333,0.5,1.0,0.0,-0.018805900639918827,-0.018805900639918827,0.0,-0.018805900639918827,1.1326606705720748,2.2813390067714936
2020-07-16,000985.CSI,中证全指,two_speed_category_strong0p25,primary,0.75,0.5,1.0,0.0,-0.049024333892868754,-0.049024333892868754,0.0,-0.049024333892868754,1.0771327356706288,2.1694978815807024
2020-07-17,000985.CSI,中证全指,two_speed_category_strong0p25,primary,0.583333333333,0.5,1.0,0.0,0.004627552359548037,0.004627552359548037,0.0,0.004627552359548037,1.0821172238031278,2.179537346621646
2020-07-20,000985.CSI,中证全指,two_speed_category_strong0p25,primary,0.583333333333,0.583333333333,1.0,0.0,0.030723249748141335,0.030723249748141335,0.0,0.030723249748141335,1.1153633815267967,2.246499816857304
2020-07-21,000985.CSI,中证全指,two_speed_category_strong0p25,primary,0.416666666667,0.583333333333,1.0,0.0,0.004347038110487755,0.004347038110487755,0.0,0.004347038110487755,1.1202119086533362,2.2562654371763866
2020-07-22,000985.CSI,中证全指,two_speed_category_strong0p25,primary,0.083333333333,0.583333333333,1.0,0.0,0.006336921826552988,0.006336921826552988,0.0,0.006336921826552988,1.1273106039476462,2.2705632148717267
2020-07-23,000985.CSI,中证全指,two_speed_category_strong0p25,primary,0.083333333333,0.583333333333,1.0,0.0,-0.0004024829703025423,-0.0004024829703025423,0.0,-0.0004024829703025423,1.1268568806273158,2.2696493518447456
2020-07-24,000985.CSI,中证全指,two_speed_category_strong0p25,primary,0.083333333333,0.583333333333,1.0,0.0,-0.045930732578067346,-0.045930732578067346,0.0,-0.045930732578067346,1.0750995185894674,2.1654026944191807
2020-07-27,000985.CSI,中证全指,two_speed_category_strong0p25,primary,0.0,0.0,0.0,1.0,0.0028517678135953073,0.0,0.0005,-0.0005,1.0781654527929927,2.164319993071971
2020-07-28,000985.CSI,中证全指,two_speed_category_strong0p25,primary,-0.083333333333,0.0,0.0,0.0,0.010004214270438627,0.0,0.0,0.0,1.0889516510017183,2.164319993071971
2020-07-29,000985.CSI,中证全指,two_speed_category_strong0p25,primary,-0.083333333333,0.0,0.0,0.0,0.025655257390479136,0.0,0.0,0.0,1.1168889858939546,2.164319993071971
2020-07-30,000985.CSI,中证全指,two_speed_category_strong0p25,primary,0.0,0.0,0.0,0.0,-0.0033828690438989506,-0.0,0.0,-0.0,1.1131106967181021,2.164319993071971
2020-07-31,000985.CSI,中证全指,two_speed_category_strong0p25,primary,-0.166666666667,0.0,0.0,0.0,0.010767116755533213,0.0,0.0,0.0,1.125095689551499,2.164319993071971
2020-08-03,000985.CSI,中证全指,two_speed_category_strong0p25,primary,-0.166666666667,-0.166666666667,0.0,0.0,0.022101317474486182,0.0,0.0,0.0,1.1499617865754526,2.164319993071971
2020-08-04,000985.CSI,中证全指,two_speed_category_strong0p25,primary,-0.166666666667,-0.166666666667,0.0,0.0,-0.0029745097853741687,-0.0,0.0,-0.0,1.1465412139884774,2.164319993071971
2020-08-05,000985.CSI,中证全指,two_speed_category_strong0p25,primary,-0.166666666667,-0.166666666667,0.0,0.0,0.005877099915977402,0.0,0.0,0.0,1.1532795512608738,2.164319993071971
2020-08-06,000985.CSI,中证全指,two_speed_category_strong0p25,primary,-0.166666666667,-0.166666666667,0.0,0.0,-0.001669316608871596,-0.0,0.0,-0.0,1.151354362551282,2.164319993071971
2020-08-07,000985.CSI,中证全指,two_speed_category_strong0p25,primary,-0.166666666667,-0.166666666667,0.0,0.0,-0.011903266419030722,-0.0,0.0,-0.0,1.137649484831121,2.164319993071971
2020-08-10,000985.CSI,中证全指,two_speed_category_strong0p25,primary,-0.166666666667,-0.166666666667,0.0,0.0,0.003988215761032032,0.0,0.0,0.0,1.1421866764370543,2.164319993071971
2020-08-11,000985.CSI,中证全指,two_speed_category_strong0p25,primary,-0.25,-0.166666666667,0.0,0.0,-0.013986395876837476,-0.0,0.0,-0.0,1.1262116014151564,2.164319993071971
2020-08-12,000985.CSI,中证全指,two_speed_category_strong0p25,primary,-0.25,-0.166666666667,0.0,0.0,-0.009488162037338599,-0.0,0.0,-0.0,1.115525923252599,2.164319993071971
2020-08-13,000985.CSI,中证全指,two_speed_category_strong0p25,primary,-0.25,-0.166666666667,0.0,0.0,0.0005794970112862341,0.0,0.0,0.0,1.116172367191136,2.164319993071971
2020-08-14,000985.CSI,中证全指,two_speed_category_strong0p25,primary,-0.333333333333,-0.166666666667,0.0,0.0,0.012110512288848518,0.0,0.0,0.0,1.1296897863604776,2.164319993071971
2020-08-17,000985.CSI,中证全指,two_speed_category_strong0p25,primary,-0.333333333333,-0.333333333333,0.0,0.0,0.021344095846628663,0.0,0.0,0.0,1.153801993437513,2.164319993071971
2020-08-18,000985.CSI,中证全指,two_speed_category_strong0p25,primary,-0.333333333333,-0.333333333333,0.0,0.0,0.003769408197126678,0.0,0.0,0.0,1.1581511441294374,2.164319993071971
2020-08-19,000985.CSI,中证全指,two_speed_category_strong0p25,primary,-0.333333333333,-0.333333333333,0.0,0.0,-0.016832111665816107,-0.0,0.0,-0.0,1.1386570147455581,2.164319993071971
2020-08-20,000985.CSI,中证全指,two_speed_category_strong0p25,primary,-0.333333333333,-0.333333333333,0.0,0.0,-0.012641938987757118,-0.0,0.0,-0.0,1.1242621822371632,2.164319993071971
2020-08-21,000985.CSI,中证全指,two_speed_category_strong0p25,primary,-0.25,-0.333333333333,0.0,0.0,0.007819591947628046,0.0,0.0,0.0,1.1330534537444077,2.164319993071971
2020-08-24,000985.CSI,中证全指,two_speed_category_strong0p25,primary,-0.25,-0.25,0.0,0.0,0.00790391688319625,0.0,0.0,0.0,1.142009014067022,2.164319993071971
2020-08-25,000985.CSI,中证全指,two_speed_category_strong0p25,primary,-0.25,-0.25,0.0,0.0,-0.0014275944652621941,-0.0,0.0,-0.0,1.1403786883192604,2.164319993071971
2020-08-26,000985.CSI,中证全指,two_speed_category_strong0p25,primary,-0.25,-0.25,0.0,0.0,-0.016271153537363525,-0.0,0.0,-0.0,1.1218234115908805,2.164319993071971
2020-08-27,000985.CSI,中证全指,two_speed_category_strong0p25,primary,-0.25,-0.25,0.0,0.0,0.00834996578522662,0.0,0.0,0.0,1.1311905986947306,2.164319993071971
2020-08-28,000985.CSI,中证全指,two_speed_category_strong0p25,primary,-0.25,-0.25,0.0,0.0,0.01886238740333468,0.0,0.0,0.0,1.1525275539943207,2.164319993071971
2020-08-31,000985.CSI,中证全指,two_speed_category_strong0p25,primary,-0.25,-0.25,0.0,0.0,-0.0029114756389334584,-0.0,0.0,-0.0,1.1491719980976667,2.164319993071971
2020-09-01,000985.CSI,中证全指,two_speed_category_strong0p25,primary,-0.166666666667,-0.25,0.0,0.0,0.005662440695063609,0.0,0.0,0.0,1.1556791163853224,2.164319993071971
2020-09-02,000985.CSI,中证全指,two_speed_category_strong0p25,primary,-0.166666666667,-0.25,0.0,0.0,0.0014740931918879596,0.0,0.0,0.0,1.157382695102793,2.164319993071971
2020-09-03,000985.CSI,中证全指,two_speed_category_strong0p25,primary,-0.25,-0.25,0.0,0.0,-0.007656614788859151,-0.0,0.0,-0.0,1.1485210616430994,2.164319993071971
2020-09-04,000985.CSI,中证全指,two_speed_category_strong0p25,primary,-0.25,-0.25,0.0,0.0,-0.006665924314202432,-0.0,0.0,-0.0,1.140865107172919,2.164319993071971
2020-09-07,000985.CSI,中证全指,two_speed_category_strong0p25,primary,-0.25,-0.25,0.0,0.0,-0.019946018751183403,-0.0,0.0,-0.0,1.118109390352677,2.164319993071971
2020-09-08,000985.CSI,中证全指,two_speed_category_strong0p25,primary,-0.583333333333,-0.25,0.0,0.0,0.006131868212407188,0.0,0.0,0.0,1.1249654897813746,2.164319993071971
2020-09-09,000985.CSI,中证全指,two_speed_category_strong0p25,primary,-0.583333333333,-0.25,0.0,0.0,-0.025955318468331323,-0.0,0.0,-0.0,1.0957666522282166,2.164319993071971
2020-09-10,000985.CSI,中证全指,two_speed_category_strong0p25,primary,-0.583333333333,-0.25,0.0,0.0,-0.01428109134125588,-0.0,0.0,-0.0,1.0801179085790433,2.164319993071971
2020-09-11,000985.CSI,中证全指,two_speed_category_strong0p25,primary,-0.583333333333,-0.25,0.0,0.0,0.012212232497448516,0.0,0.0,0.0,1.0933085596032683,2.164319993071971
2020-09-14,000985.CSI,中证全指,two_speed_category_strong0p25,primary,-0.583333333333,-0.583333333333,0.0,0.0,0.008741428956086095,0.0,0.0,0.0,1.1028656387041211,2.164319993071971
2020-09-15,000985.CSI,中证全指,two_speed_category_strong0p25,primary,-0.583333333333,-0.583333333333,0.0,0.0,0.006558079399102468,0.0,0.0,0.0,1.1100983191292846,2.164319993071971
2020-09-16,000985.CSI,中证全指,two_speed_category_strong0p25,primary,-0.583333333333,-0.583333333333,0.0,0.0,-0.007411114338889413,-0.0,0.0,-0.0,1.1018712535588084,2.164319993071971
2020-09-17,000985.CSI,中证全指,two_speed_category_strong0p25,primary,-0.416666666667,-0.583333333333,0.0,0.0,-0.0018730630612808774,-0.0,0.0,-0.0,1.09980737921548,2.164319993071971
2020-09-18,000985.CSI,中证全指,two_speed_category_strong0p25,primary,-0.416666666667,-0.583333333333,0.0,0.0,0.01876763340064902,0.0,0.0,0.0,1.1204481609199248,2.164319993071971
2020-09-21,000985.CSI,中证全指,two_speed_category_strong0p25,primary,-0.416666666667,-0.416666666667,0.0,0.0,-0.006021706812956551,-0.0,0.0,-0.0,1.1137011505957486,2.164319993071971
2020-09-22,000985.CSI,中证全指,two_speed_category_strong0p25,primary,-0.416666666667,-0.416666666667,0.0,0.0,-0.012640011172301957,-0.0,0.0,-0.0,1.0996239556096128,2.164319993071971
2020-09-23,000985.CSI,中证全指,two_speed_category_strong0p25,primary,-0.416666666667,-0.416666666667,0.0,0.0,0.004665473220876404,0.0,0.0,0.0,1.1047542217275437,2.164319993071971
2020-09-24,000985.CSI,中证全指,two_speed_category_strong0p25,primary,-0.333333333333,-0.416666666667,0.0,0.0,-0.02239326917014406,-0.0,0.0,-0.0,1.0800151630735457,2.164319993071971
2020-09-25,000985.CSI,中证全指,two_speed_category_strong0p25,primary,-0.333333333333,-0.416666666667,0.0,0.0,-0.0010433090336204875,-0.0,0.0,-0.0,1.078888373497464,2.164319993071971
2020-09-28,000985.CSI,中证全指,two_speed_category_strong0p25,primary,-0.333333333333,-0.333333333333,0.0,0.0,-0.004285627920792123,-0.0,0.0,-0.0,1.0742646593605851,2.164319993071971
2020-09-29,000985.CSI,中证全指,two_speed_category_strong0p25,primary,-0.333333333333,-0.333333333333,0.0,0.0,0.0059816919081912,0.0,0.0,0.0,1.0806905795807382,2.164319993071971
2020-09-30,000985.CSI,中证全指,two_speed_category_strong0p25,primary,-0.333333333333,-0.333333333333,0.0,0.0,-0.001269987610750034,-0.0,0.0,-0.0,1.0793181159336165,2.164319993071971
2020-10-09,000985.CSI,中证全指,two_speed_category_strong0p25,primary,-0.166666666667,-0.166666666667,0.0,0.0,0.025068903521657804,0.0,0.0,0.0,1.1063754376511339,2.164319993071971
2020-10-12,000985.CSI,中证全指,two_speed_category_strong0p25,primary,0.0,0.0,0.0,0.0,0.030548747258386078,0.0,0.0,0.0,1.1401738212688246,2.164319993071971
2020-10-13,000985.CSI,中证全指,two_speed_category_strong0p25,primary,0.0,0.0,0.0,0.0,0.0032376062290520036,0.0,0.0,0.0,1.1438652551347666,2.164319993071971
2020-10-14,000985.CSI,中证全指,two_speed_category_strong0p25,primary,0.0,0.0,0.0,0.0,-0.0066964018654254165,-0.0,0.0,-0.0,1.1362054737064868,2.164319993071971
2020-10-15,000985.CSI,中证全指,two_speed_category_strong0p25,primary,0.166666666667,0.0,0.0,0.0,-0.0048657376461128665,-0.0,0.0,-0.0,1.1306769959593537,2.164319993071971
2020-10-16,000985.CSI,中证全指,two_speed_category_strong0p25,primary,0.166666666667,0.0,0.0,0.0,-0.002149590712652527,-0.0,0.0,-0.0,1.1282465031898297,2.164319993071971
2020-10-19,000985.CSI,中证全指,two_speed_category_strong0p25,primary,0.166666666667,0.166666666667,1.0,1.0,-0.007603189681150813,-0.007603189681150813,0.0005,-0.008103189681150813,1.1196682310189823,2.146782097637402
2020-10-20,000985.CSI,中证全指,two_speed_category_strong0p25,primary,0.166666666667,0.166666666667,1.0,0.0,0.009186919412383476,0.009186919412383476,0.0,0.009186919412383476,1.1299545328259597,2.1665044117643446
2020-10-21,000985.CSI,中证全指,two_speed_category_strong0p25,primary,0.166666666667,0.166666666667,1.0,0.0,-0.006816960578334252,-0.006816960578334252,0.0,-0.006816960578334252,1.122251677320375,2.1517354365965597
2020-10-22,000985.CSI,中证全指,two_speed_category_strong0p25,primary,0.166666666667,0.166666666667,1.0,0.0,-0.003934962677697551,-0.003934962677697551,0.0,-0.003934962677697551,1.117835658855136,2.143268437961273
2020-10-23,000985.CSI,中证全指,two_speed_category_strong0p25,primary,0.333333333333,0.166666666667,1.0,0.0,-0.014686328320423492,-0.014686328320423492,0.0,-0.014686328320423492,1.1014187573609124,2.1117916940025725
2020-10-26,000985.CSI,中证全指,two_speed_category_strong0p25,primary,0.416666666667,0.416666666667,1.0,0.0,-0.0020332663018013397,-0.0020332663018013397,0.0,-0.0020332663018013397,1.0991792797173985,2.107497859114733
2020-10-27,000985.CSI,中证全指,two_speed_category_strong0p25,primary,0.333333333333,0.416666666667,1.0,0.0,0.00229976261577014,0.00229976261577014,0.0,0.00229976261577014,1.1017071311329216,2.112344603903941
2020-10-28,000985.CSI,中证全指,two_speed_category_strong0p25,primary,0.416666666667,0.416666666667,1.0,0.0,0.005475831553600763,0.005475831553600763,0.0,0.005475831553600763,1.1077398938044063,2.1239114471380764
2020-10-29,000985.CSI,中证全指,two_speed_category_strong0p25,primary,0.333333333333,0.416666666667,1.0,0.0,0.003922298895014942,0.003922298895014942,0.0,0.003922298895014942,1.1120847807658394,2.132242062660296
2020-10-30,000985.CSI,中证全指,two_speed_category_strong0p25,primary,0.416666666667,0.416666666667,1.0,0.0,-0.019773085687754044,-0.019773085687754044,0.0,-0.019773085687754044,1.0900954331037094,2.0900810576482804
2020-11-02,000985.CSI,中证全指,two_speed_category_strong0p25,primary,0.416666666667,0.416666666667,1.0,0.0,0.004914947788327018,0.004914947788327018,0.0,0.004914947788327018,1.095453195241708,2.100353696919993
2020-11-03,000985.CSI,中证全指,two_speed_category_strong0p25,primary,0.416666666667,0.416666666667,1.0,0.0,0.014593041858046218,0.014593041858046218,0.0,0.014593041858046218,1.1114391895734006,2.1310042463358485
2020-11-04,000985.CSI,中证全指,two_speed_category_strong0p25,primary,0.416666666667,0.416666666667,1.0,0.0,0.0032666295569623305,0.0032666295569623305,0.0,0.0032666295569623305,1.1150698496808273,2.1379654477929413
2020-11-05,000985.CSI,中证全指,two_speed_category_strong0p25,primary,0.416666666667,0.416666666667,1.0,0.0,0.01635882934499855,0.01635882934499855,0.0,0.01635882934499855,1.1333110870595091,2.1729400596988895
2020-11-06,000985.CSI,中证全指,two_speed_category_strong0p25,primary,0.333333333333,0.416666666667,1.0,0.0,-0.004586622235887572,-0.004586622235887572,0.0,-0.004586622235887572,1.128113017227424,2.1629736045038235
2020-11-09,000985.CSI,中证全指,two_speed_category_strong0p25,primary,0.333333333333,0.333333333333,1.0,0.0,0.020673333858042042,0.020673333858042042,0.0,0.020673333858042042,1.1514348742621698,2.2076894799558637
2020-11-10,000985.CSI,中证全指,two_speed_category_strong0p25,primary,0.333333333333,0.333333333333,1.0,0.0,-0.007584823561086362,-0.007584823561086362,0.0,-0.007584823561086362,1.1427014438988097,2.190944544772732
2020-11-11,000985.CSI,中证全指,two_speed_category_strong0p25,primary,0.333333333333,0.333333333333,1.0,0.0,-0.012431962975875122,-0.012431962975875122,0.0,-0.012431962975875122,1.1284954218557806,2.1637068033099216
2020-11-12,000985.CSI,中证全指,two_speed_category_strong0p25,primary,0.333333333333,0.333333333333,1.0,0.0,0.0017207042417344276,0.0017207042417344276,0.0,0.0017207042417344276,1.1304372287149458,2.1674299027842467
2020-11-13,000985.CSI,中证全指,two_speed_category_strong0p25,primary,0.416666666667,0.333333333333,1.0,0.0,-0.005955267482725679,-0.005955267482725679,0.0,-0.005955267482725679,1.1237051726455172,2.1545222779631086
2020-11-16,000985.CSI,中证全指,two_speed_category_strong0p25,primary,0.416666666667,0.416666666667,1.0,0.0,0.009986765678095866,0.009986765678095866,0.0,0.009986765678095866,1.1349273528959922,2.1760389871013635
2020-11-17,000985.CSI,中证全指,two_speed_category_strong0p25,primary,0.583333333333,0.416666666667,1.0,0.0,-0.005250382353786276,-0.005250382353786276,0.0,-0.005250382353786276,1.1289685503495177,2.1646139504023356
2020-11-18,000985.CSI,中证全指,two_speed_category_strong0p25,primary,0.583333333333,0.416666666667,1.0,0.0,-0.00020887693826732168,-0.00020887693826732168,0.0,-0.00020887693826732168,1.1287327348553207,2.164161812467845
2020-11-19,000985.CSI,中证全指,two_speed_category_strong0p25,primary,0.75,0.416666666667,1.0,0.0,0.006003988212368583,0.006003988212368583,0.0,0.006003988212368583,1.1355096328903065,2.17715541447956
2020-11-20,000985.CSI,中证全指,two_speed_category_strong0p25,primary,0.583333333333,0.416666666667,1.0,0.0,0.005356985203477382,0.005356985203477382,0.0,0.005356985203477382,1.141592541192106,2.188818403820598
2020-11-23,000985.CSI,中证全指,two_speed_category_strong0p25,primary,0.583333333333,0.583333333333,1.0,0.0,0.009202822503523,0.009202822503523,0.0,0.009202822503523,1.1520984147200426,2.2089617110834032
2020-11-24,000985.CSI,中证全指,two_speed_category_strong0p25,primary,0.666666666667,0.583333333333,1.0,0.0,-0.0032823370988255274,-0.0032823370988255274,0.0,-0.0032823370988255274,1.148316839351909,2.201711154109229
2020-11-25,000985.CSI,中证全指,two_speed_category_strong0p25,primary,0.583333333333,0.583333333333,1.0,0.0,-0.014950255410920654,-0.014950255410920654,0.0,-0.014950255410920654,1.1311492093109368,2.168795010014223
2020-11-26,000985.CSI,中证全指,two_speed_category_strong0p25,primary,0.583333333333,0.583333333333,1.0,0.0,-0.0011054210644060314,-0.0011054210644060314,0.0,-0.0011054210644060314,1.1298988131479781,2.1663975783257747
2020-11-27,000985.CSI,中证全指,two_speed_category_strong0p25,primary,0.583333333333,0.583333333333,1.0,0.0,0.006982357380214799,0.006982357380214799,0.0,0.006982357380214799,1.1377881704648578,2.181524140445277
2020-11-30,000985.CSI,中证全指,two_speed_category_strong0p25,primary,0.583333333333,0.583333333333,1.0,0.0,-0.00365183596645946,-0.00365183596645946,0.0,-0.00365183596645946,1.1336331547017422,2.1735575721275
2020-12-01,000985.CSI,中证全指,two_speed_category_strong0p25,primary,0.583333333333,0.583333333333,1.0,0.0,0.01836228389819161,0.01836228389819161,0.0,0.01836228389819161,1.1544492485247781,2.213469053335969
2020-12-02,000985.CSI,中证全指,two_speed_category_strong0p25,primary,0.75,0.583333333333,1.0,0.0,0.0009427830667874115,0.0009427830667874115,0.0,0.0009427830667874115,1.1555376437277527,2.215555874478312
2020-12-03,000985.CSI,中证全指,two_speed_category_strong0p25,primary,0.75,0.583333333333,1.0,0.0,-0.0014033210503592297,-0.0014033210503592297,0.0,-0.0014033210503592297,1.153916053427827,2.2124467382814097
2020-12-04,000985.CSI,中证全指,two_speed_category_strong0p25,primary,0.75,0.583333333333,1.0,0.0,0.0030467964810534376,0.0030467964810534376,0.0,0.0030467964810534376,1.157431800798842,2.2191876132181236
2020-12-07,000985.CSI,中证全指,two_speed_category_strong0p25,primary,0.75,0.75,1.0,0.0,-0.005924102122656483,-0.005924102122656483,0.0,-0.005924102122656483,1.1505750566108994,2.206040919168085
2020-12-08,000985.CSI,中证全指,two_speed_category_strong0p25,primary,0.75,0.75,1.0,0.0,-0.0012069681263994214,-0.0012069681263994214,0.0,-0.0012069681263994214,1.1491863491905399,2.2033782980931162
2020-12-09,000985.CSI,中证全指,two_speed_category_strong0p25,primary,0.75,0.75,1.0,0.0,-0.015606963595497625,-0.015606963595497625,0.0,-0.015606963595497625,1.1312510396742803,2.1689902532076673
2020-12-10,000985.CSI,中证全指,two_speed_category_strong0p25,primary,0.75,0.75,1.0,0.0,0.000320772887812959,0.000320772887812959,0.0,0.000320772887812959,1.131613914337118,2.169686006474827
2020-12-11,000985.CSI,中证全指,two_speed_category_strong0p25,primary,0.333333333333,0.75,1.0,0.0,-0.012700606238565726,-0.012700606238565726,0.0,-0.012700606238565726,1.1172417315970402,2.142129678845264
2020-12-14,000985.CSI,中证全指,two_speed_category_strong0p25,primary,0.333333333333,0.333333333333,1.0,0.0,0.009338469391592108,0.009338469391592108,0.0,0.009338469391592108,1.1276750593105684,2.1621338912839816
2020-12-15,000985.CSI,中证全指,two_speed_category_strong0p25,primary,0.083333333333,0.333333333333,1.0,0.0,0.002246720837770555,0.002246720837770555,0.0,0.002246720837770555,1.1302086303645555,2.166991602551579
2020-12-16,000985.CSI,中证全指,two_speed_category_strong0p25,primary,0.166666666667,0.333333333333,1.0,0.0,-0.00213051478395776,-0.00213051478395776,0.0,-0.00213051478395776,1.1278007041686071,2.162374794905631
2020-12-17,000985.CSI,中证全指,two_speed_category_strong0p25,primary,0.166666666667,0.333333333333,1.0,0.0,0.011296493299214783,0.011296493299214783,0.0,0.011296493299214783,1.1405408972660975,2.1868020472866734
2020-12-18,000985.CSI,中证全指,two_speed_category_strong0p25,primary,0.333333333333,0.333333333333,1.0,0.0,-0.0033070456252450864,-0.0033070456252450864,0.0,-0.0033070456252450864,1.1367690764813805,2.179570193142917
2020-12-21,000985.CSI,中证全指,two_speed_category_strong0p25,primary,0.333333333333,0.333333333333,1.0,0.0,0.013310898635596313,0.013310898635596313,0.0,0.013310898635596313,1.1519004944305045,2.2085822310530094
2020-12-22,000985.CSI,中证全指,two_speed_category_strong0p25,primary,0.5,0.333333333333,1.0,0.0,-0.018641908363332127,-0.018641908363332127,0.0,-0.018641908363332127,1.130426870969654,2.1674100434888355
2020-12-23,000985.CSI,中证全指,two_speed_category_strong0p25,primary,0.5,0.333333333333,1.0,0.0,0.008388180497018949,0.008388180497018949,0.0,0.008388180497018949,1.139909095602028,2.1855906701446717
2020-12-24,000985.CSI,中证全指,two_speed_category_strong0p25,primary,0.5,0.333333333333,1.0,0.0,-0.008336631890802804,-0.008336631890802804,0.0,-0.008336631890802804,1.1304060930830158,2.1673702052637025
2020-12-25,000985.CSI,中证全指,two_speed_category_strong0p25,primary,0.5,0.333333333333,1.0,0.0,0.009333654119065171,0.009333654119065171,0.0,0.009333654119065171,1.1409569125699364,2.1875996891076013
2020-12-28,000985.CSI,中证全指,two_speed_category_strong0p25,primary,0.5,0.5,1.0,0.0,-0.0003479217345629948,-0.0003479217345629948,0.0,-0.0003479217345629948,1.1405599488618534,2.1868385756292374
2020-12-29,000985.CSI,中证全指,two_speed_category_strong0p25,primary,0.5,0.5,1.0,0.0,-0.005357773382251296,-0.005357773382251296,0.0,-0.005357773382251296,1.1344490871269794,2.175121990117451
2020-12-30,000985.CSI,中证全指,two_speed_category_strong0p25,primary,0.5,0.5,1.0,0.0,0.012799291525934509,0.012799291525934509,0.0,0.012799291525934509,1.148969231714448,2.202962010573435
2020-12-31,000985.CSI,中证全指,two_speed_category_strong0p25,primary,0.5,0.5,1.0,0.0,0.017647514462487912,0.017647514462487912,0.0,0.017647514462487912,1.1692456828480824,2.241838814515341
2021-01-04,000985.CSI,中证全指,two_speed_category_strong0p25,primary,0.5,0.5,1.0,0.0,0.016090299482251824,0.016090299482251824,0.0,0.016090299482251824,1.1880591960534381,2.277910672431829
2021-01-05,000985.CSI,中证全指,two_speed_category_strong0p25,primary,0.75,0.5,1.0,0.0,0.011989214423253625,0.011989214423253625,0.0,0.011989214423253625,1.2023030925024412,2.3052210319206323
2021-01-06,000985.CSI,中证全指,two_speed_category_strong0p25,primary,0.75,0.5,1.0,0.0,0.0018411883732412093,0.0018411883732412093,0.0,0.0018411883732412093,1.2045167589774686,2.3094653780823555
2021-01-07,000985.CSI,中证全指,two_speed_category_strong0p25,primary,0.75,0.5,1.0,0.0,0.00491080432206048,0.00491080432206048,0.0,0.00491080432206048,1.2104319050834493,2.3208067106426915
2021-01-08,000985.CSI,中证全指,two_speed_category_strong0p25,primary,0.75,0.5,1.0,0.0,-0.0026034270876148513,-0.0026034270876148513,0.0,-0.0026034270876148513,1.2072806338740418,2.314764659587086
2021-01-11,000985.CSI,中证全指,two_speed_category_strong0p25,primary,0.75,0.75,1.0,0.0,-0.013427693656860806,-0.013427693656860806,0.0,-0.013427693656860806,1.1910696393645204,2.283682708850423
2021-01-12,000985.CSI,中证全指,two_speed_category_strong0p25,primary,0.583333333333,0.75,1.0,0.0,0.021714321596593145,0.021714321596593145,0.0,0.021714321596593145,1.2169329085576197,2.33327132961498
2021-01-13,000985.CSI,中证全指,two_speed_category_strong0p25,primary,0.583333333333,0.75,1.0,0.0,-0.00662015753591072,-0.00662015753591072,0.0,-0.00662015753591072,1.2088766209923343,2.317824705838905
2021-01-14,000985.CSI,中证全指,two_speed_category_strong0p25,primary,0.583333333333,0.75,1.0,0.0,-0.013258700011090307,-0.013258700011090307,0.0,-0.013258700011090307,1.1928484885241764,2.2870933633858934
2021-01-15,000985.CSI,中证全指,two_speed_category_strong0p25,primary,0.583333333333,0.75,1.0,0.0,0.0008841523005866936,0.0008841523005866936,0.0,0.0008841523005866936,1.1939031482595563,2.2891155022447878
2021-01-18,000985.CSI,中证全指,two_speed_category_strong0p25,primary,0.583333333333,0.583333333333,1.0,0.0,0.013455593765449025,0.013455593765449025,0.0,0.013455593765449025,1.2099678240178275,2.3199169105251856
2021-01-19,000985.CSI,中证全指,two_speed_category_strong0p25,primary,0.583333333333,0.583333333333,1.0,0.0,-0.010646666027333662,-0.010646666027333662,0.0,-0.010646666027333662,1.1970857006916902,2.29521752996766
2021-01-20,000985.CSI,中证全指,two_speed_category_strong0p25,primary,0.583333333333,0.583333333333,1.0,0.0,0.008479192422453874,0.008479192422453874,0.0,0.008479192422453874,1.2072360206940231,2.314679121055645
2021-01-21,000985.CSI,中证全指,two_speed_category_strong0p25,primary,0.583333333333,0.583333333333,1.0,0.0,0.013841032838235456,0.013841032838235456,0.0,0.013841032838235456,1.2239454140999497,2.3467166707801543
2021-01-22,000985.CSI,中证全指,two_speed_category_strong0p25,primary,0.583333333333,0.583333333333,1.0,0.0,0.00010552744785052859,0.00010552744785052859,0.0,0.00010552744785052859,1.224074573935808,2.34696431380125
2021-01-25,000985.CSI,中证全指,two_speed_category_strong0p25,primary,0.5,0.5,1.0,0.0,0.002835687193848635,0.002835687193848635,0.0,0.002835687193848635,1.2275456665294335,2.353619570450316
2021-01-26,000985.CSI,中证全指,two_speed_category_strong0p25,primary,0.5,0.5,1.0,0.0,-0.01876905200950263,-0.01876905200950263,0.0,-0.01876905200950263,1.2045057980703031,2.3094443623219507
2021-01-27,000985.CSI,中证全指,two_speed_category_strong0p25,primary,0.333333333333,0.5,1.0,0.0,0.0025031861377715625,0.0025031861377715625,0.0,0.0025031861377715625,1.207520900286898,2.31522533143567
2021-01-28,000985.CSI,中证全指,two_speed_category_strong0p25,primary,0.166666666667,0.5,1.0,0.0,-0.024198726646430302,-0.024198726646430302,0.0,-0.024198726646430302,1.178300432101004,2.259199826515367
2021-01-29,000985.CSI,中证全指,two_speed_category_strong0p25,primary,-0.166666666667,0.5,1.0,0.0,-0.008770906351407537,-0.008770906351407537,0.0,-0.008770906351407537,1.1679656693572231,2.2393845964078847
2021-02-01,000985.CSI,中证全指,two_speed_category_strong0p25,primary,-0.166666666667,-0.166666666667,0.0,1.0,0.009297784224926664,0.0,0.0005,-0.0005,1.1788251621330286,2.238264904109681
2021-02-02,000985.CSI,中证全指,two_speed_category_strong0p25,primary,-0.166666666667,-0.166666666667,0.0,0.0,0.01312854581741596,0.0,0.0,0.0,1.1943014222848147,2.238264904109681
2021-02-03,000985.CSI,中证全指,two_speed_category_strong0p25,primary,-0.166666666667,-0.166666666667,0.0,0.0,-0.0062195709875283445,-0.0,0.0,-0.0,1.1868733798084083,2.238264904109681
2021-02-04,000985.CSI,中证全指,two_speed_category_strong0p25,primary,0.166666666667,-0.166666666667,0.0,0.0,-0.008076901731429054,-0.0,0.0,-0.0,1.1772871201520467,2.238264904109681
2021-02-05,000985.CSI,中证全指,two_speed_category_strong0p25,primary,0.166666666667,-0.166666666667,0.0,0.0,-0.0056468880600495375,-0.0,0.0,-0.0,1.17063911157001,2.238264904109681
2021-02-08,000985.CSI,中证全指,two_speed_category_strong0p25,primary,0.166666666667,0.166666666667,1.0,1.0,0.013166161978715119,0.013166161978715119,0.0005,0.012666161978715118,1.18605193573156,2.2666151299364077
2021-02-09,000985.CSI,中证全指,two_speed_category_strong0p25,primary,0.083333333333,0.166666666667,1.0,0.0,0.021699671998402392,0.021699671998402392,0.0,0.021699671998402392,1.211788873710005,2.315799934802644
2021-02-10,000985.CSI,中证全指,two_speed_category_strong0p25,primary,0.083333333333,0.166666666667,1.0,0.0,0.015844751475311947,0.015844751475311947,0.0,0.015844751475311947,1.2309893672544883,2.3524932092361355
2021-02-18,000985.CSI,中证全指,two_speed_category_strong0p25,primary,0.083333333333,0.083333333333,1.0,0.0,0.0020306180243334637,0.0020306180243334637,0.0,0.0020306180243334637,1.2334890364513982,2.3572702243489325
2021-02-19,000985.CSI,中证全指,two_speed_category_strong0p25,primary,-0.166666666667,0.083333333333,1.0,0.0,0.007893285052301247,0.007893285052301247,0.0,0.007893285052301247,1.2432253170249974,2.3758768301750206
2021-02-22,000985.CSI,中证全指,two_speed_category_strong0p25,primary,-0.333333333333,-0.333333333333,0.0,1.0,-0.019017979421431574,-0.0,0.0005,-0.0005,1.2195816835296132,2.3746888917599334
2021-02-23,000985.CSI,中证全指,two_speed_category_strong0p25,primary,-0.166666666667,-0.333333333333,0.0,0.0,-0.0040671454267589,-0.0,0.0,-0.0,1.2146214674628868,2.3746888917599334
2021-02-24,000985.CSI,中证全指,two_speed_category_strong0p25,primary,-0.166666666667,-0.333333333333,0.0,0.0,-0.01929190375567358,-0.0,0.0,-0.0,1.1911891070130178,2.3746888917599334
2021-02-25,000985.CSI,中证全指,two_speed_category_strong0p25,primary,-0.166666666667,-0.333333333333,0.0,0.0,0.0004680096200735395,0.0,0.0,0.0,1.1917465949744268,2.3746888917599334
2021-02-26,000985.CSI,中证全指,two_speed_category_strong0p25,primary,-0.166666666667,-0.333333333333,0.0,0.0,-0.0195890754433955,-0.0,0.0,-0.0,1.1684013810160632,2.3746888917599334
2021-03-01,000985.CSI,中证全指,two_speed_category_strong0p25,primary,-0.166666666667,-0.166666666667,0.0,0.0,0.01888494897901971,0.0,0.0,0.0,1.1904665814835678,2.3746888917599334
2021-03-02,000985.CSI,中证全指,two_speed_category_strong0p25,primary,0.166666666667,-0.166666666667,0.0,0.0,-0.010109405728277565,-0.0,0.0,-0.0,1.1784316718053949,2.3746888917599334
2021-03-03,000985.CSI,中证全指,two_speed_category_strong0p25,primary,0.083333333333,-0.166666666667,0.0,0.0,0.016511848525255113,0.0,0.0,0.0,1.1978897570676088,2.3746888917599334
2021-03-04,000985.CSI,中证全指,two_speed_category_strong0p25,primary,0.0,-0.166666666667,0.0,0.0,-0.025671846340033833,-0.0,0.0,-0.0,1.1671377152918687,2.3746888917599334
2021-03-05,000985.CSI,中证全指,two_speed_category_strong0p25,primary,-0.083333333333,-0.166666666667,0.0,0.0,-0.0007204370480350386,-0.0,0.0,-0.0,1.1662968660416135,2.3746888917599334
2021-03-08,000985.CSI,中证全指,two_speed_category_strong0p25,primary,-0.083333333333,-0.083333333333,0.0,0.0,-0.028725891725744357,-0.0,0.0,-0.0,1.1327939485476273,2.3746888917599334
2021-03-09,000985.CSI,中证全指,two_speed_category_strong0p25,primary,-0.166666666667,-0.083333333333,0.0,0.0,-0.023743731948166702,-0.0,0.0,-0.0,1.105897192680807,2.3746888917599334
2021-03-10,000985.CSI,中证全指,two_speed_category_strong0p25,primary,-0.083333333333,-0.083333333333,0.0,0.0,0.0008880698201170212,0.0,0.0,0.0,1.106879306601779,2.3746888917599334
2021-03-11,000985.CSI,中证全指,two_speed_category_strong0p25,primary,-0.083333333333,-0.083333333333,0.0,0.0,0.02450515763110772,0.0,0.0,0.0,1.1340035584886667,2.3746888917599334
2021-03-12,000985.CSI,中证全指,two_speed_category_strong0p25,primary,0.25,-0.083333333333,1.0,1.0,0.003095527951878063,0.003095527951878063,0.0005,0.002595527951878063,1.1375138982014976,2.380852463155511
2021-03-15,000985.CSI,中证全指,two_speed_category_strong0p25,primary,0.25,0.25,1.0,0.0,-0.015917117108880996,-0.015917117108880996,0.0,-0.015917117108880996,1.1194079562708446,2.342956155680497
2021-03-16,000985.CSI,中证全指,two_speed_category_strong0p25,primary,0.416666666667,0.25,1.0,0.0,0.00890472456411695,0.00890472456411695,0.0,0.00890472456411695,1.1293759757963175,2.363819534912634
2021-03-17,000985.CSI,中证全指,two_speed_category_strong0p25,primary,0.416666666667,0.25,1.0,0.0,0.005123907663659111,0.005123907663659111,0.0,0.005123907663659111,1.1351627940138527,2.37593152794308
2021-03-18,000985.CSI,中证全指,two_speed_category_strong0p25,primary,0.416666666667,0.25,1.0,0.0,0.006503136834770107,0.006503136834770107,0.0,0.006503136834770107,1.1425449129930647,2.3913825357793383
2021-03-19,000985.CSI,中证全指,two_speed_category_strong0p25,primary,0.333333333333,0.25,1.0,0.0,-0.018880568285488897,-0.018880568285488897,0.0,-0.018880568285488897,1.1209730157440612,2.346231874515831
2021-03-22,000985.CSI,中证全指,two_speed_category_strong0p25,primary,0.333333333333,0.333333333333,1.0,0.0,0.012388002599063475,0.012388002599063475,0.0,0.012388002599063475,1.1348596323765787,2.3752970010753387
2021-03-23,000985.CSI,中证全指,two_speed_category_strong0p25,primary,0.333333333333,0.333333333333,1.0,0.0,-0.010774666699704283,-0.010774666699704283,0.0,-0.010774666699704283,1.1226318980867722,2.349703967575945
2021-03-24,000985.CSI,中证全指,two_speed_category_strong0p25,primary,0.333333333333,0.333333333333,1.0,0.0,-0.014568966905148195,-0.014568966905148195,0.0,-0.014568966905148195,1.1062763111168823,2.3154712082354356
2021-03-25,000985.CSI,中证全指,two_speed_category_strong0p25,primary,0.333333333333,0.333333333333,1.0,0.0,-0.0001718565069421807,-0.0001718565069421807,0.0,-0.0001718565069421807,1.1060861903343409,2.315073279441663
2021-03-26,000985.CSI,中证全指,two_speed_category_strong0p25,primary,0.333333333333,0.333333333333,1.0,0.0,0.02025101944164498,0.02025101944164498,0.0,0.02025101944164498,1.1284855632789366,2.361955873432469
2021-03-29,000985.CSI,中证全指,two_speed_category_strong0p25,primary,0.333333333333,0.333333333333,1.0,0.0,0.0019162681214666133,0.0019162681214666133,0.0,0.0019162681214666133,1.1306480441893834,2.3664820141770386
2021-03-30,000985.CSI,中证全指,two_speed_category_strong0p25,primary,0.333333333333,0.333333333333,1.0,0.0,0.005017961695879869,0.005017961695879869,0.0,0.005017961695879869,1.1363215927666472,2.3783569302781675
2021-03-31,000985.CSI,中证全指,two_speed_category_strong0p25,primary,0.416666666667,0.333333333333,1.0,0.0,-0.005442039258159115,-0.005442039258159115,0.0,-0.005442039258159115,1.1301376860489172,2.365413818493679
2021-04-01,000985.CSI,中证全指,two_speed_category_strong0p25,primary,0.416666666667,0.333333333333,1.0,0.0,0.009938057466833294,0.009938057466833294,0.0,0.009938057466833294,1.1413690593183052,2.3889214369547105
2021-04-02,000985.CSI,中证全指,two_speed_category_strong0p25,primary,0.416666666667,0.333333333333,1.0,0.0,0.006741241833256195,0.006741241833256195,0.0,0.006741241833256195,1.1490633041681662,2.405025734081872
2021-04-06,000985.CSI,中证全指,two_speed_category_strong0p25,primary,0.416666666667,0.416666666667,1.0,0.0,0.0005059467568508946,0.0005059467568508946,0.0,0.0005059467568508946,1.1496446690203264,2.4062425490521737
2021-04-07,000985.CSI,中证全指,two_speed_category_strong0p25,primary,0.416666666667,0.416666666667,1.0,0.0,-0.0032948787289818204,-0.0032948787289818204,0.0,-0.0032948787289818204,1.145856729254484,2.3983142716605306
2021-04-08,000985.CSI,中证全指,two_speed_category_strong0p25,primary,0.416666666667,0.416666666667,1.0,0.0,-4.550508172151968e-05,-4.550508172151968e-05,0.0,-4.550508172151968e-05,1.1458045869503781,2.3982051361736048
2021-04-09,000985.CSI,中证全指,two_speed_category_strong0p25,primary,0.416666666667,0.416666666667,1.0,0.0,-0.009335718825408623,-0.009335718825408623,0.0,-0.009335718825408623,1.135107677497746,2.3758161673366374
2021-04-12,000985.CSI,中证全指,two_speed_category_strong0p25,primary,0.416666666667,0.416666666667,1.0,0.0,-0.01695599016225713,-0.01695599016225713,0.0,-0.01695599016225713,1.1158608028849917,2.335531851775946
2021-04-13,000985.CSI,中证全指,two_speed_category_strong0p25,primary,0.416666666667,0.416666666667,1.0,0.0,-0.0026435146185374014,-0.0026435146185374014,0.0,-0.0026435146185374014,1.1129110085403122,2.329357839183716
2021-04-14,000985.CSI,中证全指,two_speed_category_strong0p25,primary,0.416666666667,0.416666666667,1.0,0.0,0.010757368345895246,0.010757368345895246,0.0,0.010757368345895246,1.1248830021953822,2.354415599469214
2021-04-15,000985.CSI,中证全指,two_speed_category_strong0p25,primary,0.416666666667,0.416666666667,1.0,0.0,-0.004772787061509964,-0.004772787061509964,0.0,-0.004772787061509964,1.1195141751567916,2.34317847515865
2021-04-16,000985.CSI,中证全指,two_speed_category_strong0p25,primary,0.416666666667,0.416666666667,1.0,0.0,0.007070181567158551,0.007070181567158551,0.0,0.007070181567158551,1.1274293436421579,2.3597451724222798
2021-04-19,000985.CSI,中证全指,two_speed_category_strong0p25,primary,0.583333333333,0.583333333333,1.0,0.0,0.020864556376363197,0.020864556376363197,0.0,0.020864556376363197,1.1509526567429458,2.408980208606135
2021-04-20,000985.CSI,中证全指,two_speed_category_strong0p25,primary,0.583333333333,0.583333333333,1.0,0.0,-0.0013091241857277058,-0.0013091241857277058,0.0,-0.0013091241857277058,1.149445916783376,2.4058265543521093
2021-04-21,000985.CSI,中证全指,two_speed_category_strong0p25,primary,0.666666666667,0.583333333333,1.0,0.0,0.0010146327580937697,0.0010146327580937697,0.0,0.0010146327580937697,1.1506121822642015,2.408267584784447
2021-04-22,000985.CSI,中证全指,two_speed_category_strong0p25,primary,0.666666666667,0.583333333333,1.0,0.0,0.0007484266031638764,0.0007484266031638764,0.0,0.0007484266031638764,1.1514733310313325,2.410069996312437
2021-04-23,000985.CSI,中证全指,two_speed_category_strong0p25,primary,0.75,0.583333333333,1.0,0.0,0.0043157503936668284,0.0043157503936668284,0.0,0.0043157503936668284,1.1564428025130278,2.420471256847787
2021-04-26,000985.CSI,中证全指,two_speed_category_strong0p25,primary,0.75,0.75,1.0,0.0,-0.008513476721927704,-0.008513476721927704,0.0,-0.008513476721927704,1.1465974536335923,2.399864631146518
2021-04-27,000985.CSI,中证全指,two_speed_category_strong0p25,primary,0.75,0.75,1.0,0.0,0.0004796986349786536,0.0004796986349786536,0.0,0.0004796986349786536,1.1471474748669703,2.4010158429342128
2021-04-28,000985.CSI,中证全指,two_speed_category_strong0p25,primary,0.75,0.75,1.0,0.0,0.005985117489396785,0.005985117489396785,0.0,0.005985117489396785,1.154013287281714,2.415386204848077
2021-04-29,000985.CSI,中证全指,two_speed_category_strong0p25,primary,0.75,0.75,1.0,0.0,0.0043566796488738735,0.0043566796488738735,0.0,0.0043566796488738735,1.1590409534849442,2.4259092687709094
2021-04-30,000985.CSI,中证全指,two_speed_category_strong0p25,primary,0.5,0.75,1.0,0.0,-0.005097866559165665,-0.005097866559165665,0.0,-0.005097866559165665,1.15313231736747,2.413542307034072
2021-05-06,000985.CSI,中证全指,two_speed_category_strong0p25,primary,0.5,0.5,1.0,0.0,-0.006177023794609271,-0.006177023794609271,0.0,-0.006177023794609271,1.146009391604758,2.3986337987742266
2021-05-07,000985.CSI,中证全指,two_speed_category_strong0p25,primary,0.5,0.5,1.0,0.0,-0.011781741618996922,-0.011781741618996922,0.0,-0.011781741618996922,1.1325074050599269,2.3703737151184754
2021-05-10,000985.CSI,中证全指,two_speed_category_strong0p25,primary,0.5,0.5,1.0,0.0,0.001735012230189792,0.001735012230189792,0.0,0.001735012230189792,1.1344723192584862,2.3744863425043263
2021-05-11,000985.CSI,中证全指,two_speed_category_strong0p25,primary,0.5,0.5,1.0,0.0,0.0033978309366073933,0.0033978309366073933,0.0,0.0033978309366073933,1.1383270644015875,2.3825544456574392
2021-05-12,000985.CSI,中证全指,two_speed_category_strong0p25,primary,0.25,0.5,1.0,0.0,0.0070158036650787015,0.0070158036650787015,0.0,0.0070158036650787015,1.1463133435920745,2.399269979869532
2021-05-13,000985.CSI,中证全指,two_speed_category_strong0p25,primary,0.25,0.5,1.0,0.0,-0.009324136416450135,-0.009324136416450135,0.0,-0.009324136416450135,1.1356249616004248,2.376898859277335
2021-05-14,000985.CSI,中证全指,two_speed_category_strong0p25,primary,0.25,0.5,1.0,0.0,0.01869545696258501,0.01869545696258501,0.0,0.01869545696258501,1.156855989195663,2.4213360696053714
2021-05-17,000985.CSI,中证全指,two_speed_category_strong0p25,primary,0.25,0.25,1.0,0.0,0.008930488720998886,0.008930488720998886,0.0,0.008930488720998886,1.1671872785589947,2.44295978406473
2021-05-18,000985.CSI,中证全指,two_speed_category_strong0p25,primary,0.25,0.25,1.0,0.0,0.001860657981208158,0.001860657981208158,0.0,0.001860657981208158,1.1693590148844102,2.447505296684721
2021-05-19,000985.CSI,中证全指,two_speed_category_strong0p25,primary,0.25,0.25,1.0,0.0,-0.0017926199501813178,-0.0017926199501813178,0.0,-0.0017926199501813178,1.167262798585404,2.4431178498617094
2021-05-20,000985.CSI,中证全指,two_speed_category_strong0p25,primary,0.083333333333,0.25,1.0,0.0,0.0003505758379640511,0.0003505758379640511,0.0,0.0003505758379640511,1.1676720127191424,2.44397434794917
2021-05-21,000985.CSI,中证全指,two_speed_category_strong0p25,primary,0.083333333333,0.25,1.0,0.0,-0.005620909519079453,-0.005620909519079453,0.0,-0.005620909519079453,1.1611086339876868,2.4302369892723963
2021-05-24,000985.CSI,中证全指,two_speed_category_strong0p25,primary,0.083333333333,0.083333333333,1.0,0.0,0.005107059411089798,0.005107059411089798,0.0,0.005107059411089798,1.1670384847641913,2.442648353959638
2021-05-25,000985.CSI,中证全指,two_speed_category_strong0p25,primary,0.25,0.083333333333,1.0,0.0,0.02227966533434711,0.02227966533434711,0.0,0.02227966533434711,1.193039711637041,2.497069741815353
2021-05-26,000985.CSI,中证全指,two_speed_category_strong0p25,primary,0.25,0.083333333333,1.0,0.0,0.0013998810068891476,0.0013998810068891476,0.0,0.0013998810068891476,1.1947098252698263,2.5005653423197978
2021-05-27,000985.CSI,中证全指,two_speed_category_strong0p25,primary,0.416666666667,0.083333333333,1.0,0.0,0.005579057395038278,0.005579057395038278,0.0,0.005579057395038278,1.2013751799554229,2.5145161398846434
2021-05-28,000985.CSI,中证全指,two_speed_category_strong0p25,primary,0.416666666667,0.083333333333,1.0,0.0,-0.0019405466974843355,-0.0019405466974843355,0.0,-0.0019405466974843355,1.1990438553175207,2.509636603893619
2021-05-31,000985.CSI,中证全指,two_speed_category_strong0p25,primary,0.416666666667,0.416666666667,1.0,0.0,0.0076963249061148264,0.0076963249061148264,0.0,0.0076963249061148264,1.208272086404725,2.528951582593463
2021-06-01,000985.CSI,中证全指,two_speed_category_strong0p25,primary,0.416666666667,0.416666666667,1.0,0.0,0.0027932472374447848,0.0027932472374447848,0.0,0.0027932472374447848,1.2116470890721567,2.5360155696151736
2021-06-02,000985.CSI,中证全指,two_speed_category_strong0p25,primary,0.416666666667,0.416666666667,1.0,0.0,-0.010039061077130262,-0.010039061077130262,0.0,-0.010039061077130262,1.1994832899410341,2.5105563544192537
2021-06-03,000985.CSI,中证全指,two_speed_category_strong0p25,primary,0.416666666667,0.416666666667,1.0,0.0,-0.004574543396606345,-0.004574543396606345,0.0,-0.004574543396606345,1.1939962015776948,2.499071705426337
2021-06-04,000985.CSI,中证全指,two_speed_category_strong0p25,primary,0.416666666667,0.416666666667,1.0,0.0,0.004919549244719601,0.004919549244719601,0.0,0.004919549244719601,1.1998701246893644,2.5113660117472674
2021-06-07,000985.CSI,中证全指,two_speed_category_strong0p25,primary,0.416666666667,0.416666666667,1.0,0.0,0.0019502611470918474,0.0019502611470918474,0.0,0.0019502611470918474,1.2022101847751023,2.516263831306105
2021-06-08,000985.CSI,中证全指,two_speed_category_strong0p25,primary,0.416666666667,0.416666666667,1.0,0.0,-0.0070638982378185,-0.0070638982378185,0.0,-0.0070638982378185,1.193717894369382,2.498489199662256
2021-06-09,000985.CSI,中证全指,two_speed_category_strong0p25,primary,0.416666666667,0.416666666667,1.0,0.0,0.0014053755632719156,0.0014053755632719156,0.0,0.0014053755632719156,1.1953955163275691,2.50200051532856
2021-06-10,000985.CSI,中证全指,two_speed_category_strong0p25,primary,0.083333333333,0.416666666667,1.0,0.0,0.00865224378969276,0.00865224378969276,0.0,0.00865224378969276,1.2057383697599409,2.52364843374912
2021-06-11,000985.CSI,中证全指,two_speed_category_strong0p25,primary,0.083333333333,0.416666666667,1.0,0.0,-0.007150487076875489,-0.007150487076875489,0.0,-0.007150487076875489,1.1971167531288796,2.5056031182370195
2021-06-15,000985.CSI,中证全指,two_speed_category_strong0p25,primary,0.083333333333,0.083333333333,1.0,0.0,-0.009761849959400437,-0.009761849959400437,0.0,-0.009761849959400437,1.1854306790009508,2.481143796538984
2021-06-16,000985.CSI,中证全指,two_speed_category_strong0p25,primary,0.083333333333,0.083333333333,1.0,0.0,-0.017644966190466183,-0.017644966190466183,0.0,-0.017644966190466183,1.1645137947488375,2.437364098135369
2021-06-17,000985.CSI,中证全指,two_speed_category_strong0p25,primary,0.083333333333,0.083333333333,1.0,0.0,0.007930393867066288,0.007930393867066288,0.0,0.007930393867066288,1.173748847804828,2.456693355431029
2021-06-18,000985.CSI,中证全指,two_speed_category_strong0p25,primary,0.083333333333,0.083333333333,1.0,0.0,0.004619359320123806,0.004619359320123806,0.0,0.004619359320123806,1.1791708154844198,2.4680417047791257
2021-06-21,000985.CSI,中证全指,two_speed_category_strong0p25,primary,0.083333333333,0.083333333333,1.0,0.0,0.00373934058633707,0.00373934058633707,0.0,0.00373934058633707,1.1835801367729848,2.477270553294579
2021-06-22,000985.CSI,中证全指,two_speed_category_strong0p25,primary,-0.083333333333,0.083333333333,1.0,0.0,0.006089235378574198,0.006089235378574198,0.0,0.006089235378574198,1.1907872348152004,2.4923552367900004
2021-06-23,000985.CSI,中证全指,two_speed_category_strong0p25,primary,-0.083333333333,0.083333333333,1.0,0.0,0.006091627854293513,0.006091627854293513,0.0,0.006091627854293513,1.198041067503338,2.507537737373225
2021-06-24,000985.CSI,中证全指,two_speed_category_strong0p25,primary,-0.083333333333,0.083333333333,1.0,0.0,-0.002503412699009333,-0.002503412699009333,0.0,-0.002503412699009333,1.1950418762810153,2.5012603355582397
2021-06-25,000985.CSI,中证全指,two_speed_category_strong0p25,primary,0.083333333333,0.083333333333,1.0,0.0,0.011543596833057723,0.011543596833057723,0.0,0.011543596833057723,1.2088369578994242,2.5301338764464427
2021-06-28,000985.CSI,中证全指,two_speed_category_strong0p25,primary,0.083333333333,0.083333333333,1.0,0.0,0.004677961010023379,0.004677961010023379,0.0,0.004677961010023379,1.214491850055953,2.5419697440705984
2021-06-29,000985.CSI,中证全指,two_speed_category_strong0p25,primary,0.083333333333,0.083333333333,1.0,0.0,-0.009208767489893743,-0.009208767489893743,0.0,-0.009208767489893743,1.2033078769904169,2.5185613357311074
2021-06-30,000985.CSI,中证全指,two_speed_category_strong0p25,primary,0.083333333333,0.083333333333,1.0,0.0,0.00841555656808679,0.00841555656808679,0.0,0.00841555656808679,1.2134343824980542,2.5397564311221488
2021-07-01,000985.CSI,中证全指,two_speed_category_strong0p25,primary,0.083333333333,0.083333333333,1.0,0.0,-0.0055363146600060364,-0.0055363146600060364,0.0,-0.0055363146600060364,1.2067164279372748,2.5256955403596826
2021-07-02,000985.CSI,中证全指,two_speed_category_strong0p25,primary,0.083333333333,0.083333333333,1.0,0.0,-0.019751673937862924,-0.019751673937862924,0.0,-0.019751673937862924,1.1828817585171951,2.4758088255801836
2021-07-05,000985.CSI,中证全指,two_speed_category_strong0p25,primary,0.083333333333,0.083333333333,1.0,0.0,0.0058812358994817515,0.0058812358994817515,0.0,0.0058812358994817515,1.1898385651802286,2.4903696413254397
2021-07-06,000985.CSI,中证全指,two_speed_category_strong0p25,primary,0.083333333333,0.083333333333,1.0,0.0,-0.001835706794050318,-0.001835706794050318,0.0,-0.001835706794050318,1.1876543704423042,2.485798052855162
2021-07-07,000985.CSI,中证全指,two_speed_category_strong0p25,primary,0.083333333333,0.083333333333,1.0,0.0,0.01247562776589839,0.01247562776589839,0.0,0.01247562776589839,1.2024711042824847,2.516809944063778
2021-07-08,000985.CSI,中证全指,two_speed_category_strong0p25,primary,0.083333333333,0.083333333333,1.0,0.0,-0.0056216089436668115,-0.0056216089436668115,0.0,-0.0056216089436668115,1.1957112819681495,2.5026614227727197
2021-07-09,000985.CSI,中证全指,two_speed_category_strong0p25,primary,0.0,0.083333333333,1.0,0.0,0.0005457842200158325,0.0005457842200158325,0.0,0.0005457842200158325,1.1963638823175426,2.5040273358853113
2021-07-12,000985.CSI,中证全指,two_speed_category_strong0p25,primary,0.0,0.0,0.0,1.0,0.015260983224773206,0.0,0.0005,-0.0005,1.214621571456315,2.502775322217369
2021-07-13,000985.CSI,中证全指,two_speed_category_strong0p25,primary,0.0,0.0,0.0,0.0,0.0036262290223356697,0.0,0.0,0.0,1.219026067449885,2.502775322217369
2021-07-14,000985.CSI,中证全指,two_speed_category_strong0p25,primary,0.0,0.0,0.0,0.0,-0.010594067533064355,-0.0,0.0,-0.0,1.206111622966755,2.502775322217369
2021-07-15,000985.CSI,中证全指,two_speed_category_strong0p25,primary,0.0,0.0,0.0,0.0,0.007961020593949097,0.0,0.0,0.0,1.2157135024357948,2.502775322217369
2021-07-16,000985.CSI,中证全指,two_speed_category_strong0p25,primary,0.166666666667,0.0,0.0,0.0,-0.008488171355996554,-0.0,0.0,-0.0,1.205394317907321,2.502775322217369
2021-07-19,000985.CSI,中证全指,two_speed_category_strong0p25,primary,0.166666666667,0.166666666667,1.0,1.0,0.0004789207160351694,0.0004789207160351694,0.0005,-2.107928396483062e-05,1.205971606217158,2.502722565505652
2021-07-20,000985.CSI,中证全指,two_speed_category_strong0p25,primary,0.083333333333,0.166666666667,1.0,0.0,0.0013146596293480695,0.0013146596293480695,0.0,0.0013146596293480695,1.2075570484019917,2.5060127938259806
2021-07-21,000985.CSI,中证全指,two_speed_category_strong0p25,primary,0.166666666667,0.166666666667,1.0,0.0,0.01201320091767566,0.01201320091767566,0.0,0.01201320091767566,1.2220636738440003,2.5361180290204777
2021-07-22,000985.CSI,中证全指,two_speed_category_strong0p25,primary,0.083333333333,0.166666666667,1.0,0.0,0.003888743042823606,0.003888743042823606,0.0,0.003888743042823606,1.2268159654535487,2.5459803403616106
2021-07-23,000985.CSI,中证全指,two_speed_category_strong0p25,primary,0.083333333333,0.166666666667,1.0,0.0,-0.010999628466533129,-0.010999628466533129,0.0,-0.010999628466533129,1.2133214456367485,2.517975502534535
2021-07-26,000985.CSI,中证全指,two_speed_category_strong0p25,primary,0.083333333333,0.083333333333,1.0,0.0,-0.02378017558113632,-0.02378017558113632,0.0,-0.02378017558113632,1.1844684486231485,2.458097602975264
2021-07-27,000985.CSI,中证全指,two_speed_category_strong0p25,primary,0.083333333333,0.083333333333,1.0,0.0,-0.031128041522200056,-0.031128041522200056,0.0,-0.031128041522200056,1.1475982655726713,2.3815818387242293
2021-07-28,000985.CSI,中证全指,two_speed_category_strong0p25,primary,0.083333333333,0.083333333333,1.0,0.0,-0.006479862316699725,-0.006479862316699725,0.0,-0.006479862316699725,1.140161986816877,2.3661495163133437
2021-07-29,000985.CSI,中证全指,two_speed_category_strong0p25,primary,0.083333333333,0.083333333333,1.0,0.0,0.02500009805004444,0.02500009805004444,0.0,0.02500009805004444,1.1686661482802325,2.4253034862222425
2021-07-30,000985.CSI,中证全指,two_speed_category_strong0p25,primary,0.25,0.083333333333,1.0,0.0,-0.0019923322225193774,-0.0019923322225193774,0.0,-0.0019923322225193774,1.1663377770556462,2.420471475937253
2021-08-02,000985.CSI,中证全指,two_speed_category_strong0p25,primary,0.0,0.0,0.0,1.0,0.02139404419699642,0.0,0.0005,-0.0005,1.1912904590066014,2.4192612401992846
2021-08-03,000985.CSI,中证全指,two_speed_category_strong0p25,primary,0.083333333333,0.0,0.0,0.0,-0.00487307340442622,-0.0,0.0,-0.0,1.1854852131538696,2.4192612401992846
2021-08-04,000985.CSI,中证全指,two_speed_category_strong0p25,primary,0.083333333333,0.0,0.0,0.0,0.014177213395453636,0.0,0.0,0.0,1.2022920899979068,2.4192612401992846
2021-08-05,000985.CSI,中证全指,two_speed_category_strong0p25,primary,0.25,0.0,1.0,1.0,-0.005511817616386083,-0.005511817616386083,0.0005,-0.006011817616386084,1.1956652752762147,2.4047170828568145
2021-08-06,000985.CSI,中证全指,two_speed_category_strong0p25,primary,0.166666666667,0.0,1.0,0.0,-0.0018364326976518797,-0.0018364326976518797,0.0,-0.0018364326976518797,1.1934695164692506,2.4003009817772543
2021-08-09,000985.CSI,中证全指,two_speed_category_strong0p25,primary,0.333333333333,0.333333333333,1.0,0.0,0.008301022225291721,0.008301022225291721,0.0,0.008301022225291721,1.20337653345067,2.4202259335743768
2021-08-10,000985.CSI,中证全指,two_speed_category_strong0p25,primary,0.333333333333,0.333333333333,1.0,0.0,0.00888871636009747,0.00888871636009747,0.0,0.00888871636009747,1.2140730061309104,2.4417386354252715
2021-08-11,000985.CSI,中证全指,two_speed_category_strong0p25,primary,0.333333333333,0.333333333333,1.0,0.0,0.0007788759188731564,0.0007788759188731564,0.0,0.0007788759188731564,1.2150186183591396,2.4436404468485864
2021-08-12,000985.CSI,中证全指,two_speed_category_strong0p25,primary,0.333333333333,0.333333333333,1.0,0.0,-0.003017817318753613,-0.003017817318753613,0.0,-0.003017817318753613,1.2113519141300473,2.43626598638728
2021-08-13,000985.CSI,中证全指,two_speed_category_strong0p25,primary,0.416666666667,0.333333333333,1.0,0.0,-0.00333832665822531,-0.00333832665822531,0.0,-0.00333832665822531,1.2073080257426148,2.4281329346983958
2021-08-16,000985.CSI,中证全指,two_speed_category_strong0p25,primary,0.416666666667,0.416666666667,1.0,0.0,-0.00429084379496969,-0.00429084379496969,0.0,-0.00429084379496969,1.20212765559174,2.4177141955621835
2021-08-17,000985.CSI,中证全指,two_speed_category_strong0p25,primary,0.333333333333,0.416666666667,1.0,0.0,-0.023058690425447503,-0.023058690425447503,0.0,-0.023058690425447503,1.174408166129581,2.361964872389505
2021-08-18,000985.CSI,中证全指,two_speed_category_strong0p25,primary,0.333333333333,0.416666666667,1.0,0.0,0.010108491025493382,0.010108491025493382,0.0,0.010108491025493382,1.1862796605371682,2.3858407731045848
2021-08-19,000985.CSI,中证全指,two_speed_category_strong0p25,primary,0.333333333333,0.416666666667,1.0,0.0,-0.0015609538076298834,-0.0015609538076298834,0.0,-0.0015609538076298834,1.1844279327841387,2.3821165858654085
2021-08-20,000985.CSI,中证全指,two_speed_category_strong0p25,primary,0.416666666667,0.416666666667,1.0,0.0,-0.012025988963470624,-0.012025988963470624,0.0,-0.012025988963470624,1.1701840155364502,2.353469278094091
2021-08-23,000985.CSI,中证全指,two_speed_category_strong0p25,primary,0.583333333333,0.583333333333,1.0,0.0,0.018585164234808715,0.018585164234808715,0.0,0.018585164234808715,1.1919320776501432,2.397208891149046
2021-08-24,000985.CSI,中证全指,two_speed_category_strong0p25,primary,0.583333333333,0.583333333333,1.0,0.0,0.00965801505474384,0.00965801505474384,0.0,0.00965801505474384,1.2034437756003205,2.4203611707091293
2021-08-25,000985.CSI,中证全指,two_speed_category_strong0p25,primary,0.583333333333,0.583333333333,1.0,0.0,0.005298857370365839,0.005298857370365839,0.0,0.005298857370365839,1.209820652520481,2.4331863193374885
2021-08-26,000985.CSI,中证全指,two_speed_category_strong0p25,primary,0.75,0.583333333333,1.0,0.0,-0.01433730095264718,-0.01433730095264718,0.0,-0.01433730095264718,1.192475089726567,2.398300994803283
2021-08-27,000985.CSI,中证全指,two_speed_category_strong0p25,primary,0.75,0.583333333333,1.0,0.0,0.00413898123591494,0.00413898123591494,0.0,0.00413898123591494,1.1974107217472412,2.40822751761885
2021-08-30,000985.CSI,中证全指,two_speed_category_strong0p25,primary,0.75,0.75,1.0,0.0,0.0009895006661460037,0.0009895006661460037,0.0,0.0009895006661460037,1.1985955604540603,2.4106104603517653
2021-08-31,000985.CSI,中证全指,two_speed_category_strong0p25,primary,0.583333333333,0.75,1.0,0.0,-0.0006223490839910584,-0.0006223490839910584,0.0,-0.0006223490839910584,1.197849615604936,2.4091102191399063
2021-09-01,000985.CSI,中证全指,two_speed_category_strong0p25,primary,0.416666666667,0.75,1.0,0.0,0.0004536870419591388,0.0004536870419591388,0.0,0.0004536870419591388,1.1983930644537517,2.4102032012289816
2021-09-02,000985.CSI,中证全指,two_speed_category_strong0p25,primary,0.416666666667,0.75,1.0,0.0,0.006354708531830067,0.006354708531830067,0.0,0.006354708531830067,1.206008503084922,2.4255193400752755
2021-09-03,000985.CSI,中证全指,two_speed_category_strong0p25,primary,0.416666666667,0.75,1.0,0.0,-0.005278672566208398,-0.005278672566208398,0.0,-0.005278672566208398,1.1996423790850734,2.412715817676012
2021-09-06,000985.CSI,中证全指,two_speed_category_strong0p25,primary,0.416666666667,0.416666666667,1.0,0.0,0.016286307125881416,0.016286307125881416,0.0,0.016286307125881416,1.219180123312076,2.452010048490156
2021-09-07,000985.CSI,中证全指,two_speed_category_strong0p25,primary,0.416666666667,0.416666666667,1.0,0.0,0.014012489718625343,0.014012489718625343,0.0,0.014012489718625343,1.236263872255139,2.48636881408459
2021-09-08,000985.CSI,中证全指,two_speed_category_strong0p25,primary,0.416666666667,0.416666666667,1.0,0.0,-3.307563721921536e-05,-3.307563721921536e-05,0.0,-3.307563721921536e-05,1.236222982039793,2.486286575851702
2021-09-09,000985.CSI,中证全指,two_speed_category_strong0p25,primary,0.25,0.416666666667,1.0,0.0,0.0017934620930060152,0.0017934620930060152,0.0,0.0017934620930060152,1.2384401010965842,2.490745636577842
2021-09-10,000985.CSI,中证全指,two_speed_category_strong0p25,primary,0.25,0.416666666667,1.0,0.0,0.004356951722866986,0.004356951722866986,0.0,0.004356951722866986,1.2438359248287245,2.501597695070353
2021-09-13,000985.CSI,中证全指,two_speed_category_strong0p25,primary,0.333333333333,0.333333333333,1.0,0.0,0.0002347518168810403,0.0002347518168810403,0.0,0.0002347518168810403,1.24412791757198,2.502184949674376
2021-09-14,000985.CSI,中证全指,two_speed_category_strong0p25,primary,0.333333333333,0.333333333333,1.0,0.0,-0.01022912595507186,-0.01022912595507186,0.0,-0.01022912595507186,1.2314015763989148,2.4765897846612717
2021-09-15,000985.CSI,中证全指,two_speed_category_strong0p25,primary,0.333333333333,0.333333333333,1.0,0.0,-0.0017844215479035919,-0.0017844215479035919,0.0,-0.0017844215479035919,1.229204236891866,2.4721705044842044
2021-09-16,000985.CSI,中证全指,two_speed_category_strong0p25,primary,0.333333333333,0.333333333333,1.0,0.0,-0.017412493750221247,-0.017412493750221247,0.0,-0.017412493750221247,1.207800725799241,2.429123851025392
2021-09-17,000985.CSI,中证全指,two_speed_category_strong0p25,primary,0.25,0.333333333333,1.0,0.0,0.003566030439317247,0.003566030439317247,0.0,0.003566030439317247,1.2121077799520705,2.43778618061902
2021-09-22,000985.CSI,中证全指,two_speed_category_strong0p25,primary,0.166666666667,0.166666666667,1.0,0.0,-0.00053951659642415,-0.00053951659642415,0.0,-0.00053951659642415,1.2114538276881315,2.436470954516043
2021-09-23,000985.CSI,中证全指,two_speed_category_strong0p25,primary,0.166666666667,0.166666666667,1.0,0.0,0.005049457433211613,0.005049457433211613,0.0,0.005049457433211613,1.217571012223344,2.4487738108881283
2021-09-24,000985.CSI,中证全指,two_speed_category_strong0p25,primary,0.166666666667,0.166666666667,1.0,0.0,-0.007877006328307679,-0.007877006328307679,0.0,-0.007877006328307679,1.2079801976548967,2.4294848040831685
2021-09-27,000985.CSI,中证全指,two_speed_category_strong0p25,primary,-0.166666666667,-0.166666666667,0.0,1.0,-0.011048415208895435,-0.0,0.0005,-0.0005,1.194633930867082,2.428270061681127
2021-09-28,000985.CSI,中证全指,two_speed_category_strong0p25,primary,0.0,-0.166666666667,0.0,0.0,0.0015584120562512904,0.0,0.0,0.0,1.196495662787752,2.428270061681127
2021-09-29,000985.CSI,中证全指,two_speed_category_strong0p25,primary,0.0,-0.166666666667,0.0,0.0,-0.01969130710537481,-0.0,0.0,-0.0,1.1729350992415495,2.428270061681127
2021-09-30,000985.CSI,中证全指,two_speed_category_strong0p25,primary,0.0,-0.166666666667,0.0,0.0,0.014893445170133468,0.0,0.0,0.0,1.1904041438302286,2.428270061681127
2021-10-08,000985.CSI,中证全指,two_speed_category_strong0p25,primary,0.0,0.0,0.0,0.0,0.008008269685046754,0.0,0.0,0.0,1.1999372212482182,2.428270061681127
2021-10-11,000985.CSI,中证全指,two_speed_category_strong0p25,primary,-0.083333333333,-0.083333333333,0.0,0.0,-0.0019759958134215605,-0.0,0.0,-0.0,1.1975661503226631,2.428270061681127
2021-10-12,000985.CSI,中证全指,two_speed_category_strong0p25,primary,-0.166666666667,-0.083333333333,0.0,0.0,-0.015533614854112976,-0.0,0.0,-0.0,1.178963618981228,2.428270061681127
2021-10-13,000985.CSI,中证全指,two_speed_category_strong0p25,primary,-0.333333333333,-0.083333333333,0.0,0.0,0.009667047405494733,0.0,0.0,0.0,1.1903607161752732,2.428270061681127
2021-10-14,000985.CSI,中证全指,two_speed_category_strong0p25,primary,-0.25,-0.083333333333,0.0,0.0,0.00034282969791066265,0.0,0.0,0.0,1.1907688071800042,2.428270061681127
2021-10-15,000985.CSI,中证全指,two_speed_category_strong0p25,primary,-0.333333333333,-0.083333333333,0.0,0.0,0.002755531197019989,0.0,0.0,0.0,1.194050007776627,2.428270061681127
2021-10-18,000985.CSI,中证全指,two_speed_category_strong0p25,primary,-0.166666666667,-0.166666666667,0.0,0.0,-0.0007422415922527792,-0.0,0.0,-0.0,1.1931637341976253,2.428270061681127
2021-10-19,000985.CSI,中证全指,two_speed_category_strong0p25,primary,0.0,-0.166666666667,0.0,0.0,0.008517278677403262,0.0,0.0,0.0,1.2033262422295576,2.428270061681127
2021-10-20,000985.CSI,中证全指,two_speed_category_strong0p25,primary,0.0,-0.166666666667,0.0,0.0,-0.0011199207409861023,-0.0,0.0,-0.0,1.2019786122127118,2.428270061681127
2021-10-21,000985.CSI,中证全指,two_speed_category_strong0p25,primary,0.0,-0.166666666667,0.0,0.0,0.0006701552554315704,0.0,0.0,0.0,1.2027841244966024,2.428270061681127
2021-10-22,000985.CSI,中证全指,two_speed_category_strong0p25,primary,0.0,-0.166666666667,0.0,0.0,-0.0013043098962014499,-0.0,0.0,-0.0,1.2012153212600276,2.428270061681127
2021-10-25,000985.CSI,中证全指,two_speed_category_strong0p25,primary,0.166666666667,0.166666666667,1.0,1.0,0.007743723433511596,0.007743723433511596,0.0005,0.007243723433511595,1.210517200491962,2.445859778429821
2021-10-26,000985.CSI,中证全指,two_speed_category_strong0p25,primary,0.25,0.166666666667,1.0,0.0,-0.0031235040687268567,-0.0031235040687268567,0.0,-0.0031235040687268567,1.2067361450909615,2.43822012546036
2021-10-27,000985.CSI,中证全指,two_speed_category_strong0p25,primary,0.25,0.166666666667,1.0,0.0,-0.010715888368369453,-0.010715888368369453,0.0,-0.010715888368369453,1.1938048952700904,2.412092430778415
2021-10-28,000985.CSI,中证全指,two_speed_category_strong0p25,primary,0.416666666667,0.166666666667,1.0,0.0,-0.012498864509333685,-0.012498864509333685,0.0,-0.012498864509333685,1.1788836896335302,2.3819440143021264
2021-10-29,000985.CSI,中证全指,two_speed_category_strong0p25,primary,0.166666666667,0.166666666667,1.0,0.0,0.012742559929985298,0.012742559929985298,0.0,0.012742559929985298,1.1939056856991677,2.412296078654241
2021-11-01,000985.CSI,中证全指,two_speed_category_strong0p25,primary,0.25,0.25,1.0,0.0,0.00218943489654011,0.00218943489654011,0.0,0.00218943489654011,1.196519664470615,2.4175776438696333
2021-11-02,000985.CSI,中证全指,two_speed_category_strong0p25,primary,0.25,0.25,1.0,0.0,-0.010173284184463283,-0.010173284184463283,0.0,-0.010173284184463283,1.1843471298916568,2.392982939460542
2021-11-03,000985.CSI,中证全指,two_speed_category_strong0p25,primary,0.5,0.25,1.0,0.0,-0.001098617898678822,-0.001098617898678822,0.0,-0.001098617898678822,1.183045984936509,2.3903539655720176
2021-11-04,000985.CSI,中证全指,two_speed_category_strong0p25,primary,0.5,0.25,1.0,0.0,0.010828450637636822,0.010828450637636822,0.0,0.010828450637636822,1.1958565399864483,2.416237795494694
2021-11-05,000985.CSI,中证全指,two_speed_category_strong0p25,primary,0.416666666667,0.25,1.0,0.0,-0.008207944043850723,-0.008207944043850723,0.0,-0.008207944043850723,1.1860410164217665,2.3964054508726362
2021-11-08,000985.CSI,中证全指,two_speed_category_strong0p25,primary,0.416666666667,0.416666666667,1.0,0.0,0.0038996712430785507,0.0038996712430785507,0.0,0.0038996712430785507,1.1906661864666181,2.405750644296161
2021-11-09,000985.CSI,中证全指,two_speed_category_strong0p25,primary,0.416666666667,0.416666666667,1.0,0.0,0.005361713418747138,0.005361713418747138,0.0,0.005361713418747138,1.1970501973358447,2.4186495898078433
2021-11-10,000985.CSI,中证全指,two_speed_category_strong0p25,primary,0.25,0.416666666667,1.0,0.0,-0.0033096322821536406,-0.0033096322821536406,0.0,-0.0033096322821536406,1.1930884013593837,2.4106447490461975
2021-11-11,000985.CSI,中证全指,two_speed_category_strong0p25,primary,0.25,0.416666666667,1.0,0.0,0.01222427549713756,0.01222427549713756,0.0,0.01222427549713756,1.2076730426700402,2.440113134584266
2021-11-12,000985.CSI,中证全指,two_speed_category_strong0p25,primary,0.25,0.416666666667,1.0,0.0,0.002557312016211455,0.002557312016211455,0.0,0.002557312016211455,1.210761439453715,2.446353265224254
2021-11-15,000985.CSI,中证全指,two_speed_category_strong0p25,primary,0.25,0.25,1.0,0.0,-0.0026183678373233876,-0.0026183678373233876,0.0,-0.0026183678373233876,1.2075912206419779,2.4399478125158596
2021-11-16,000985.CSI,中证全指,two_speed_category_strong0p25,primary,0.25,0.25,1.0,0.0,-0.004174355427245979,-0.004174355427245979,0.0,-0.004174355427245979,1.2025503056761964,2.429762603122487
2021-11-17,000985.CSI,中证全指,two_speed_category_strong0p25,primary,0.166666666667,0.25,1.0,0.0,0.007575212899149308,0.007575212899149308,0.0,0.007575212899149308,1.2116598802636307,2.448168572135531
2021-11-18,000985.CSI,中证全指,two_speed_category_strong0p25,primary,0.166666666667,0.25,1.0,0.0,-0.006480866592863177,-0.006480866592863177,0.0,-0.006480866592863177,1.2038072742237176,2.43230231822268
2021-11-19,000985.CSI,中证全指,two_speed_category_strong0p25,primary,0.25,0.25,1.0,0.0,0.011345892452061301,0.011345892452061301,0.0,0.011345892452061301,1.2174655420900689,2.459898958736134
2021-11-22,000985.CSI,中证全指,two_speed_category_strong0p25,primary,0.25,0.25,1.0,0.0,0.01042304151601714,0.01042304151601714,0.0,0.01042304151601714,1.230155235979594,2.485538587708248
2021-11-23,000985.CSI,中证全指,two_speed_category_strong0p25,primary,0.25,0.25,1.0,0.0,-0.00017702012637677011,-0.00017702012637677011,0.0,-0.00017702012637677011,1.2299374737442579,2.4850985973533373
2021-11-24,000985.CSI,中证全指,two_speed_category_strong0p25,primary,0.25,0.25,1.0,0.0,-0.0002632435724102544,-0.0002632435724102544,0.0,-0.0002632435724102544,1.2296137006098282,2.484444411120778
2021-11-25,000985.CSI,中证全指,two_speed_category_strong0p25,primary,0.25,0.25,1.0,0.0,-0.0024770728172534007,-0.0024770728172534007,0.0,-0.0024770728172534007,1.2265678579363253,2.478290261404014
2021-11-26,000985.CSI,中证全指,two_speed_category_strong0p25,primary,0.083333333333,0.25,1.0,0.0,-0.0036145996556816717,-0.0036145996556816717,0.0,-0.0036145996556816717,1.2221343061793584,2.469332234278464
2021-11-29,000985.CSI,中证全指,two_speed_category_strong0p25,primary,0.083333333333,0.083333333333,1.0,0.0,0.0018695486777939863,0.0018695486777939863,0.0,0.0018695486777939863,1.2244191457555627,2.4739487710920933
2021-11-30,000985.CSI,中证全指,two_speed_category_strong0p25,primary,0.083333333333,0.083333333333,1.0,0.0,0.0007551041339781683,0.0007551041339781683,0.0,0.0007551041339781683,1.2253437097142448,2.475816860036395
2021-12-01,000985.CSI,中证全指,two_speed_category_strong0p25,primary,0.0,0.083333333333,1.0,0.0,0.0025632578368384173,0.0025632578368384173,0.0,0.0025632578368384173,1.2284845815809904,2.48216301700546
2021-12-02,000985.CSI,中证全指,two_speed_category_strong0p25,primary,0.0,0.083333333333,1.0,0.0,-0.003309580490754249,-0.003309580490754249,0.0,-0.003309580490754249,1.2244188129765976,2.4739480987095073
2021-12-03,000985.CSI,中证全指,two_speed_category_strong0p25,primary,0.0,0.083333333333,1.0,0.0,0.008221537587644434,0.008221537587644434,0.0,0.008221537587644434,1.2344854182705036,2.494287755992929
2021-12-06,000985.CSI,中证全指,two_speed_category_strong0p25,primary,0.083333333333,0.083333333333,1.0,0.0,-0.008024950360558614,-0.008024950360558614,0.0,-0.008024950360558614,1.2245787340680494,2.474271220566137
2021-12-07,000985.CSI,中证全指,two_speed_category_strong0p25,primary,0.083333333333,0.083333333333,1.0,0.0,-0.003070228678603737,-0.003070228678603737,0.0,-0.003070228678603737,1.2208189973195054,2.4666746421061108
2021-12-08,000985.CSI,中证全指,two_speed_category_strong0p25,primary,0.083333333333,0.083333333333,1.0,0.0,0.015462631257501247,0.015462631257501247,0.0,0.015462631257501247,1.2396960713072094,2.5048159225292266
2021-12-09,000985.CSI,中证全指,two_speed_category_strong0p25,primary,0.083333333333,0.083333333333,1.0,0.0,0.009166415846846743,0.009166415846846743,0.0,0.009166415846846743,1.2510596410205135,2.5277761068949327
2021-12-10,000985.CSI,中证全指,two_speed_category_strong0p25,primary,-0.25,0.083333333333,0.0,1.0,-0.0010754618800383753,-0.0,0.0005,-0.0005,1.2497141740669415,2.5265122188414852
2021-12-13,000985.CSI,中证全指,two_speed_category_strong0p25,primary,-0.083333333333,-0.083333333333,0.0,0.0,0.005768028970374317,0.0,0.0,0.0,1.2569225616276472,2.5265122188414852
2021-12-14,000985.CSI,中证全指,two_speed_category_strong0p25,primary,-0.083333333333,-0.083333333333,0.0,0.0,-0.003531427285277222,-0.0,0.0,-0.0,1.2524838309980348,2.5265122188414852
2021-12-15,000985.CSI,中证全指,two_speed_category_strong0p25,primary,-0.25,-0.083333333333,0.0,0.0,-0.004963618436757189,-0.0,0.0,-0.0,1.2462669791627528,2.5265122188414852
2021-12-16,000985.CSI,中证全指,two_speed_category_strong0p25,primary,-0.25,-0.083333333333,0.0,0.0,0.0065427391764907306,0.0,0.0,0.0,1.2544209789516876,2.5265122188414852
2021-12-17,000985.CSI,中证全指,two_speed_category_strong0p25,primary,-0.416666666667,-0.083333333333,0.0,0.0,-0.013258492478998463,-0.0,0.0,-0.0,1.2377892478367587,2.5265122188414852
2021-12-20,000985.CSI,中证全指,two_speed_category_strong0p25,primary,-0.333333333333,-0.333333333333,0.0,0.0,-0.015294022165965537,-0.0,0.0,-0.0,1.2188584716435495,2.5265122188414852
2021-12-21,000985.CSI,中证全指,two_speed_category_strong0p25,primary,-0.416666666667,-0.333333333333,0.0,0.0,0.009991404998977105,0.0,0.0,0.0,1.2310365802701746,2.5265122188414852
2021-12-22,000985.CSI,中证全指,two_speed_category_strong0p25,primary,-0.416666666667,-0.333333333333,0.0,0.0,0.003228769008521093,0.0,0.0,0.0,1.2350113130289067,2.5265122188414852
2021-12-23,000985.CSI,中证全指,two_speed_category_strong0p25,primary,-0.416666666667,-0.333333333333,0.0,0.0,0.003574932859174762,0.0,0.0,0.0,1.2394263955533062,2.5265122188414852
2021-12-24,000985.CSI,中证全指,two_speed_category_strong0p25,primary,-0.416666666667,-0.333333333333,0.0,0.0,-0.010491231528806377,-0.0,0.0,-0.0,1.2264232862746425,2.5265122188414852
2021-12-27,000985.CSI,中证全指,two_speed_category_strong0p25,primary,-0.416666666667,-0.416666666667,0.0,0.0,8.808408383864652e-05,0.0,0.0,0.0,1.2265313146462125,2.5265122188414852
2021-12-28,000985.CSI,中证全指,two_speed_category_strong0p25,primary,-0.416666666667,-0.416666666667,0.0,0.0,0.007165723000226887,0.0,0.0,0.0,1.2353202982980713,2.5265122188414852
2021-12-29,000985.CSI,中证全指,two_speed_category_strong0p25,primary,-0.416666666667,-0.416666666667,0.0,0.0,-0.009109987644743245,-0.0,0.0,-0.0,1.2240665456432753,2.5265122188414852
2021-12-30,000985.CSI,中证全指,two_speed_category_strong0p25,primary,-0.416666666667,-0.416666666667,0.0,0.0,0.008489718115483935,0.0,0.0,0.0,1.2344585255703808,2.5265122188414852
2021-12-31,000985.CSI,中证全指,two_speed_category_strong0p25,primary,-0.583333333333,-0.416666666667,0.0,0.0,0.005817458842955592,0.0,0.0,0.0,1.2416399372362221,2.5265122188414852
2022-01-04,000985.CSI,中证全指,two_speed_category_strong0p25,primary,-0.583333333333,-0.583333333333,0.0,0.0,-0.0018522730769494622,-0.0,0.0,-0.0,1.2393400810092143,2.5265122188414852
2022-01-05,000985.CSI,中证全指,two_speed_category_strong0p25,primary,-0.5,-0.583333333333,0.0,0.0,-0.015131565345063436,-0.0,0.0,-0.0,1.2205869255886672,2.5265122188414852
2022-01-06,000985.CSI,中证全指,two_speed_category_strong0p25,primary,-0.583333333333,-0.583333333333,0.0,0.0,-0.0022228726543314092,-0.0,0.0,-0.0,1.2178737162895417,2.5265122188414852
2022-01-07,000985.CSI,中证全指,two_speed_category_strong0p25,primary,-0.583333333333,-0.583333333333,0.0,0.0,-0.00750051378762806,-0.0,0.0,-0.0,1.2087390376889222,2.5265122188414852
2022-01-10,000985.CSI,中证全指,two_speed_category_strong0p25,primary,-0.583333333333,-0.583333333333,0.0,0.0,0.004821983405742136,0.0,0.0,0.0,1.214567557270531,2.5265122188414852
2022-01-11,000985.CSI,中证全指,two_speed_category_strong0p25,primary,-0.583333333333,-0.583333333333,0.0,0.0,-0.008929323371205888,-0.0,0.0,-0.0,1.2037222907954868,2.5265122188414852
2022-01-12,000985.CSI,中证全指,two_speed_category_strong0p25,primary,-0.583333333333,-0.583333333333,0.0,0.0,0.012062962261962129,0.0,0.0,0.0,1.2182427473632353,2.5265122188414852
2022-01-13,000985.CSI,中证全指,two_speed_category_strong0p25,primary,-0.416666666667,-0.583333333333,0.0,0.0,-0.015101736608797878,-0.0,0.0,-0.0,1.1998451662669776,2.5265122188414852
2022-01-14,000985.CSI,中证全指,two_speed_category_strong0p25,primary,-0.5,-0.583333333333,0.0,0.0,-0.003921907499430999,-0.0,0.0,-0.0,1.195139484511239,2.5265122188414852
2022-01-17,000985.CSI,中证全指,two_speed_category_strong0p25,primary,-0.25,-0.25,0.0,0.0,0.011812935797983926,0.0,0.0,0.0,1.209257590511406,2.5265122188414852
2022-01-18,000985.CSI,中证全指,two_speed_category_strong0p25,primary,-0.25,-0.25,0.0,0.0,0.0015863316146340622,0.0,0.0,0.0,1.2111758740574705,2.5265122188414852
2022-01-19,000985.CSI,中证全指,two_speed_category_strong0p25,primary,-0.25,-0.25,0.0,0.0,-0.006733845880938505,-0.0,0.0,-0.0,1.2030200023868565,2.5265122188414852
2022-01-20,000985.CSI,中证全指,two_speed_category_strong0p25,primary,-0.25,-0.25,0.0,0.0,-0.004771636998402995,-0.0,0.0,-0.0,1.1972796276336486,2.5265122188414852
2022-01-21,000985.CSI,中证全指,two_speed_category_strong0p25,primary,-0.25,-0.25,0.0,0.0,-0.010683319749016928,-0.0,0.0,-0.0,1.1844887065426544,2.5265122188414852
2022-01-24,000985.CSI,中证全指,two_speed_category_strong0p25,primary,-0.333333333333,-0.333333333333,0.0,0.0,0.0016455613163028904,0.0,0.0,0.0,1.1864378553377386,2.5265122188414852
2022-01-25,000985.CSI,中证全指,two_speed_category_strong0p25,primary,-0.666666666667,-0.333333333333,0.0,0.0,-0.030242258911984732,-0.0,0.0,-0.0,1.1505572945336349,2.5265122188414852
2022-01-26,000985.CSI,中证全指,two_speed_category_strong0p25,primary,-0.666666666667,-0.333333333333,0.0,0.0,0.006610398705495069,0.0,0.0,0.0,1.1581629369840178,2.5265122188414852
2022-01-27,000985.CSI,中证全指,two_speed_category_strong0p25,primary,-0.666666666667,-0.333333333333,0.0,0.0,-0.024279892961102445,-0.0,0.0,-0.0,1.1300428648425298,2.5265122188414852
2022-01-28,000985.CSI,中证全指,two_speed_category_strong0p25,primary,-0.666666666667,-0.333333333333,0.0,0.0,-0.005031011135929853,-0.0,0.0,-0.0,1.124357606605429,2.5265122188414852
2022-02-07,000985.CSI,中证全指,two_speed_category_strong0p25,primary,-0.75,-0.75,0.0,0.0,0.01452718268133002,0.0,0.0,0.0,1.1406913549557292,2.5265122188414852
2022-02-08,000985.CSI,中证全指,two_speed_category_strong0p25,primary,-0.75,-0.75,0.0,0.0,0.0011012610823308844,0.0,0.0,0.0,1.1419475539518933,2.5265122188414852
2022-02-09,000985.CSI,中证全指,two_speed_category_strong0p25,primary,-0.416666666667,-0.75,0.0,0.0,0.012786915969725365,0.0,0.0,0.0,1.1565495413661095,2.5265122188414852
2022-02-10,000985.CSI,中证全指,two_speed_category_strong0p25,primary,-0.416666666667,-0.75,0.0,0.0,-0.002948862890257198,-0.0,0.0,-0.0,1.153139035342831,2.5265122188414852
2022-02-11,000985.CSI,中证全指,two_speed_category_strong0p25,primary,-0.333333333333,-0.75,0.0,0.0,-0.0131160752631162,-0.0,0.0,-0.0,1.1380143769664373,2.5265122188414852
2022-02-14,000985.CSI,中证全指,two_speed_category_strong0p25,primary,-0.083333333333,-0.083333333333,0.0,0.0,-0.007115070909827437,-0.0,0.0,-0.0,1.1299173239779179,2.5265122188414852
2022-02-15,000985.CSI,中证全指,two_speed_category_strong0p25,primary,-0.083333333333,-0.083333333333,0.0,0.0,0.010722304312479336,0.0,0.0,0.0,1.1420326413735513,2.5265122188414852
2022-02-16,000985.CSI,中证全指,two_speed_category_strong0p25,primary,-0.083333333333,-0.083333333333,0.0,0.0,0.005686147047310186,0.0,0.0,0.0,1.1485264069052294,2.5265122188414852
2022-02-17,000985.CSI,中证全指,two_speed_category_strong0p25,primary,-0.083333333333,-0.083333333333,0.0,0.0,0.0018787925037213604,0.0,0.0,0.0,1.150684249708849,2.5265122188414852
2022-02-18,000985.CSI,中证全指,two_speed_category_strong0p25,primary,-0.083333333333,-0.083333333333,0.0,0.0,0.005765166488009843,0.0,0.0,0.0,1.1573181359835512,2.5265122188414852
2022-02-21,000985.CSI,中证全指,two_speed_category_strong0p25,primary,0.083333333333,0.083333333333,1.0,1.0,0.0031905434516241726,0.0031905434516241726,0.0005,0.0026905434516241726,1.1610106097837594,2.533309909747338
2022-02-22,000985.CSI,中证全指,two_speed_category_strong0p25,primary,0.083333333333,0.083333333333,1.0,0.0,-0.011375540819098195,-0.011375540819098195,0.0,-0.011375540819098195,1.1478034862007582,2.5044921394615813
2022-02-23,000985.CSI,中证全指,two_speed_category_strong0p25,primary,0.083333333333,0.083333333333,1.0,0.0,0.014983071537910009,0.014983071537910009,0.0,0.014983071537910009,1.1650011079459668,2.5420171243532677
2022-02-24,000985.CSI,中证全指,two_speed_category_strong0p25,primary,0.083333333333,0.083333333333,1.0,0.0,-0.021061389287658883,-0.021061389287658883,0.0,-0.021061389287658883,1.140464566090963,2.4884787121213683
2022-02-25,000985.CSI,中证全指,two_speed_category_strong0p25,primary,0.083333333333,0.083333333333,1.0,0.0,0.00973806282959222,0.00973806282959222,0.0,0.00973806282959222,1.1515704816904804,2.512711674170109
2022-02-28,000985.CSI,中证全指,two_speed_category_strong0p25,primary,0.25,0.25,1.0,0.0,0.0032383097185322285,0.0032383097185322285,0.0,0.0032383097185322285,1.1552996235729136,2.5208486128044436
2022-03-01,000985.CSI,中证全指,two_speed_category_strong0p25,primary,0.25,0.25,1.0,0.0,0.006104136187092157,0.006104136187092157,0.0,0.006104136187092157,1.1623517298120989,2.536236216044044
2022-03-02,000985.CSI,中证全指,two_speed_category_strong0p25,primary,0.166666666667,0.25,1.0,0.0,-0.004290998503073018,-0.004290998503073018,0.0,-0.004290998503073018,1.157364080279431,2.5253532302375596
2022-03-03,000985.CSI,中证全指,two_speed_category_strong0p25,primary,0.166666666667,0.25,1.0,0.0,-0.005763179365511184,-0.005763179365511184,0.0,-0.005763179365511184,1.1506939834935808,2.5107991666104277
2022-03-04,000985.CSI,中证全指,two_speed_category_strong0p25,primary,0.166666666667,0.25,1.0,0.0,-0.012230728413460845,-0.012230728413460845,0.0,-0.012230728413460845,1.1366201578944675,2.4800902639028717
2022-03-07,000985.CSI,中证全指,two_speed_category_strong0p25,primary,0.083333333333,0.083333333333,1.0,0.0,-0.025932660665347718,-0.025932660665347718,0.0,-0.025932660665347718,1.1071445730343963,2.415774924669646
2022-03-08,000985.CSI,中证全指,two_speed_category_strong0p25,primary,0.083333333333,0.083333333333,1.0,0.0,-0.02595951278368802,-0.02595951278368802,0.0,-0.02595951278368802,1.078403639337319,2.3530625846301714
2022-03-09,000985.CSI,中证全指,two_speed_category_strong0p25,primary,0.083333333333,0.083333333333,1.0,0.0,-0.010983285003168586,-0.010983285003168586,0.0,-0.010983285003168586,1.0665592248180231,2.3272182276328857
2022-03-10,000985.CSI,中证全指,two_speed_category_strong0p25,primary,0.0,0.083333333333,1.0,0.0,0.018034744726743712,0.018034744726743712,0.0,0.018034744726743712,1.08579434817357,2.3691890142916696
2022-03-11,000985.CSI,中证全指,two_speed_category_strong0p25,primary,-0.083333333333,0.083333333333,1.0,0.0,0.005289134358156922,0.005289134358156922,0.0,0.005289134358156922,1.0915372603663873,2.381719973308128
2022-03-14,000985.CSI,中证全指,two_speed_category_strong0p25,primary,-0.083333333333,-0.083333333333,0.0,1.0,-0.028523713407520024,-0.0,0.0005,-0.0005,1.060402564378067,2.3805291133214737
2022-03-15,000985.CSI,中证全指,two_speed_category_strong0p25,primary,-0.083333333333,-0.083333333333,0.0,0.0,-0.047929634553821265,-0.0,0.0,-0.0,1.0095778569874914,2.3805291133214737
2022-03-16,000985.CSI,中证全指,two_speed_category_strong0p25,primary,-0.25,-0.083333333333,0.0,0.0,0.038511888998179034,0.0,0.0,0.0,1.048458607350813,2.3805291133214737
2022-03-17,000985.CSI,中证全指,two_speed_category_strong0p25,primary,-0.25,-0.083333333333,0.0,0.0,0.01877577497255012,0.0,0.0,0.0,1.0681442302304653,2.3805291133214737
2022-03-18,000985.CSI,中证全指,two_speed_category_strong0p25,primary,-0.25,-0.083333333333,0.0,0.0,0.008471457483705924,0.0,0.0,0.0,1.0771929686633286,2.3805291133214737
2022-03-21,000985.CSI,中证全指,two_speed_category_strong0p25,primary,-0.25,-0.25,0.0,0.0,0.004142637820717665,0.0,0.0,0.0,1.0816553889955245,2.3805291133214737
2022-03-22,000985.CSI,中证全指,two_speed_category_strong0p25,primary,-0.333333333333,-0.25,0.0,0.0,-0.00171689970089961,-0.0,0.0,-0.0,1.0797982951816816,2.3805291133214737
2022-03-23,000985.CSI,中证全指,two_speed_category_strong0p25,primary,-0.333333333333,-0.25,0.0,0.0,0.004854029422269646,0.0,0.0,0.0,1.08503966787661,2.3805291133214737
2022-03-24,000985.CSI,中证全指,two_speed_category_strong0p25,primary,-0.333333333333,-0.25,0.0,0.0,-0.008041666236970668,-0.0,0.0,-0.0,1.076314141013673,2.3805291133214737
2022-03-25,000985.CSI,中证全指,two_speed_category_strong0p25,primary,-0.416666666667,-0.25,0.0,0.0,-0.013883553588510678,-0.0,0.0,-0.0,1.0613710759588377,2.3805291133214737
2022-03-28,000985.CSI,中证全指,two_speed_category_strong0p25,primary,-0.416666666667,-0.416666666667,0.0,0.0,-0.004825606775657354,-0.0,0.0,-0.0,1.056249316503204,2.3805291133214737
2022-03-29,000985.CSI,中证全指,two_speed_category_strong0p25,primary,-0.416666666667,-0.416666666667,0.0,0.0,-0.0049878085658029425,-0.0,0.0,-0.0,1.050980947114726,2.3805291133214737
2022-03-30,000985.CSI,中证全指,two_speed_category_strong0p25,primary,-0.5,-0.416666666667,0.0,0.0,0.024071026007654206,0.0,0.0,0.0,1.0762791368262736,2.3805291133214737
2022-03-31,000985.CSI,中证全指,two_speed_category_strong0p25,primary,-0.5,-0.416666666667,0.0,0.0,-0.0077548540546723554,-0.0,0.0,-0.0,1.0679327491980972,2.3805291133214737
2022-04-01,000985.CSI,中证全指,two_speed_category_strong0p25,primary,-0.666666666667,-0.416666666667,0.0,0.0,0.007081814054042512,0.0,0.0,0.0,1.0754956503501405,2.3805291133214737
2022-04-06,000985.CSI,中证全指,two_speed_category_strong0p25,primary,-0.833333333333,-0.833333333333,0.0,0.0,-0.0006622923821583138,-0.0,0.0,-0.0,1.0747833577738692,2.3805291133214737
2022-04-07,000985.CSI,中证全指,two_speed_category_strong0p25,primary,-0.833333333333,-0.833333333333,0.0,0.0,-0.017616399309050346,-0.0,0.0,-0.0,1.0558495449726029,2.3805291133214737
2022-04-08,000985.CSI,中证全指,two_speed_category_strong0p25,primary,-0.833333333333,-0.833333333333,0.0,0.0,0.00029082911630462505,0.0,0.0,0.0,1.0561566167627179,2.3805291133214737
2022-04-11,000985.CSI,中证全指,two_speed_category_strong0p25,primary,-0.833333333333,-0.833333333333,0.0,0.0,-0.03186862851632255,-0.0,0.0,-0.0,1.0224983538880508,2.3805291133214737
2022-04-12,000985.CSI,中证全指,two_speed_category_strong0p25,primary,-0.833333333333,-0.833333333333,0.0,0.0,0.017453186406437338,0.0,0.0,0.0,1.0403442082587342,2.3805291133214737
2022-04-13,000985.CSI,中证全指,two_speed_category_strong0p25,primary,-0.833333333333,-0.833333333333,0.0,0.0,-0.013784466163438314,-0.0,0.0,-0.0,1.0260036187216626,2.3805291133214737
2022-04-14,000985.CSI,中证全指,two_speed_category_strong0p25,primary,-0.833333333333,-0.833333333333,0.0,0.0,0.012249429685234459,0.0,0.0,0.0,1.0385715779059896,2.3805291133214737
2022-04-15,000985.CSI,中证全指,two_speed_category_strong0p25,primary,-0.833333333333,-0.833333333333,0.0,0.0,-0.007155115777510157,-0.0,0.0,-0.0,1.0311404780228408,2.3805291133214737
2022-04-18,000985.CSI,中证全指,two_speed_category_strong0p25,primary,-0.75,-0.75,0.0,0.0,-9.893661793491937e-05,-0.0,0.0,-0.0,1.0310384604713294,2.3805291133214737
2022-04-19,000985.CSI,中证全指,two_speed_category_strong0p25,primary,-0.75,-0.75,0.0,0.0,-0.001953066925090674,-0.0,0.0,-0.0,1.0290247733556865,2.3805291133214737
2022-04-20,000985.CSI,中证全指,two_speed_category_strong0p25,primary,-0.75,-0.75,0.0,0.0,-0.016231416650254515,-0.0,0.0,-0.0,1.0123222435159167,2.3805291133214737
2022-04-21,000985.CSI,中证全指,two_speed_category_strong0p25,primary,-0.75,-0.75,0.0,0.0,-0.027922818294510376,-0.0,0.0,-0.0,0.9840553534547307,2.3805291133214737
2022-04-22,000985.CSI,中证全指,two_speed_category_strong0p25,primary,-0.75,-0.75,0.0,0.0,-0.002625770860753329,-0.0,0.0,-0.0,0.981471449582261,2.3805291133214737
2022-04-25,000985.CSI,中证全指,two_speed_category_strong0p25,primary,-0.75,-0.75,0.0,0.0,-0.06061108166693541,-0.0,0.0,-0.0,0.9219834033978651,2.3805291133214737
2022-04-26,000985.CSI,中证全指,two_speed_category_strong0p25,primary,-0.416666666667,-0.75,0.0,0.0,-0.0184129654209767,-0.0,0.0,-0.0,0.9050069548723858,2.3805291133214737
2022-04-27,000985.CSI,中证全指,two_speed_category_strong0p25,primary,-0.416666666667,-0.75,0.0,0.0,0.03508766406129693,0.0,0.0,0.0,0.9367615348780854,2.3805291133214737
2022-04-28,000985.CSI,中证全指,two_speed_category_strong0p25,primary,-0.416666666667,-0.75,0.0,0.0,-0.0005734305112323757,-0.0,0.0,-0.0,0.9362243672322375,2.3805291133214737
2022-04-29,000985.CSI,中证全指,two_speed_category_strong0p25,primary,-0.25,-0.75,0.0,0.0,0.03235897516556774,0.0,0.0,0.0,0.9665196282809048,2.3805291133214737
2022-05-05,000985.CSI,中证全指,two_speed_category_strong0p25,primary,0.166666666667,0.166666666667,1.0,1.0,0.006417894192769946,0.006417894192769946,0.0005,0.005917894192769946,0.9727226489904469,2.3946168327369186
2022-05-06,000985.CSI,中证全指,two_speed_category_strong0p25,primary,0.166666666667,0.166666666667,1.0,0.0,-0.020589320992939086,-0.020589320992939086,0.0,-0.020589320992939086,0.9526949501332805,2.345313298112603
2022-05-09,000985.CSI,中证全指,two_speed_category_strong0p25,primary,0.166666666667,0.166666666667,1.0,0.0,0.001503661009366608,0.001503661009366608,0.0,0.001503661009366608,0.9541274803836164,2.348839854273724
2022-05-10,000985.CSI,中证全指,two_speed_category_strong0p25,primary,0.166666666667,0.166666666667,1.0,0.0,0.014011601630739001,0.014011601630739001,0.0,0.014011601630739001,0.9674963345436923,2.3817508626062107
2022-05-11,000985.CSI,中证全指,two_speed_category_strong0p25,primary,0.166666666667,0.166666666667,1.0,0.0,0.011210931563853999,0.011210931563853999,0.0,0.011210931563853999,0.9783428697385412,2.4084525085290394
2022-05-12,000985.CSI,中证全指,two_speed_category_strong0p25,primary,0.333333333333,0.166666666667,1.0,0.0,0.00013754635333373955,0.00013754635333373955,0.0,0.00013754635333373955,0.9784774372325838,2.408783782388765
2022-05-13,000985.CSI,中证全指,two_speed_category_strong0p25,primary,0.333333333333,0.166666666667,1.0,0.0,0.007370939215466166,0.007370939215466166,0.0,0.007370939215466166,0.9856897349461303,2.426538781231953
2022-05-16,000985.CSI,中证全指,two_speed_category_strong0p25,primary,0.333333333333,0.333333333333,1.0,0.0,-0.003669696894565977,-0.003669696894565977,0.0,-0.003669696894565977,0.9820725523867929,2.417634119401922
2022-05-17,000985.CSI,中证全指,two_speed_category_strong0p25,primary,0.5,0.333333333333,1.0,0.0,0.008076134337806185,0.008076134337806185,0.0,0.008076134337806185,0.9900039022493409,2.437159257329876
2022-05-18,000985.CSI,中证全指,two_speed_category_strong0p25,primary,0.5,0.333333333333,1.0,0.0,-0.0009396136711952163,-0.0009396136711952163,0.0,-0.0009396136711952163,0.9890736810482508,2.434869269172809
2022-05-19,000985.CSI,中证全指,two_speed_category_strong0p25,primary,0.5,0.333333333333,1.0,0.0,0.0048535762820125505,0.0048535762820125505,0.0,0.0048535762820125505,0.9938742256077494,2.4466870929074673
2022-05-20,000985.CSI,中证全指,two_speed_category_strong0p25,primary,0.5,0.333333333333,1.0,0.0,0.01647263439163016,0.01647263439163016,0.0,0.01647263439163016,1.0102459523574505,2.4869904748596525
2022-05-23,000985.CSI,中证全指,two_speed_category_strong0p25,primary,0.5,0.5,1.0,0.0,0.0023192093927382196,0.0023192093927382196,0.0,0.0023192093927382196,1.0125889242591337,2.4927583265285973
2022-05-24,000985.CSI,中证全指,two_speed_category_strong0p25,primary,0.5,0.5,1.0,0.0,-0.03171199515779288,-0.03171199515779288,0.0,-0.03171199515779288,0.9804777091961934,2.4137079865481748
2022-05-25,000985.CSI,中证全指,two_speed_category_strong0p25,primary,0.666666666667,0.5,1.0,0.0,0.011667617106525974,0.011667617106525974,0.0,0.011667617106525974,0.9919175476885783,2.4418702071421827
2022-05-26,000985.CSI,中证全指,two_speed_category_strong0p25,primary,0.666666666667,0.5,1.0,0.0,0.0048272687055797014,0.0048272687055797014,0.0,0.0048272687055797014,0.9967058002250507,2.4536577707762075
2022-05-27,000985.CSI,中证全指,two_speed_category_strong0p25,primary,0.666666666667,0.5,1.0,0.0,0.0006541312277767997,0.0006541312277767997,0.0,0.0006541312277767997,0.9973577766138843,2.4552627849463495
2022-05-30,000985.CSI,中证全指,two_speed_category_strong0p25,primary,0.833333333333,0.833333333333,1.0,0.0,0.008211428358362305,0.008211428358362305,0.0,0.008211428358362305,1.0055475085442047,2.4754239994058898
2022-05-31,000985.CSI,中证全指,two_speed_category_strong0p25,primary,0.833333333333,0.833333333333,1.0,0.0,0.0139256701069439,0.0139256701069439,0.0,0.0139256701069439,1.0195504314250508,2.509895937396428
2022-06-01,000985.CSI,中证全指,two_speed_category_strong0p25,primary,0.833333333333,0.833333333333,1.0,0.0,0.0005606493324166184,0.0005606493324166184,0.0,0.0005606493324166184,1.0201220416937944,2.511303108878164
2022-06-02,000985.CSI,中证全指,two_speed_category_strong0p25,primary,0.833333333333,0.833333333333,1.0,0.0,0.005395899548577887,0.005395899548577887,0.0,0.005395899548577887,1.0256265177580643,2.524853848189702
2022-06-06,000985.CSI,中证全指,two_speed_category_strong0p25,primary,0.833333333333,0.833333333333,1.0,0.0,0.019536570387088004,0.019536570387088004,0.0,0.019536570387088004,1.0456637424131088,2.5741808331119698
2022-06-07,000985.CSI,中证全指,two_speed_category_strong0p25,primary,0.833333333333,0.833333333333,1.0,0.0,0.000754841232423642,0.000754841232423642,0.0,0.000754841232423642,1.0464530525211326,2.5761239309445174
2022-06-08,000985.CSI,中证全指,two_speed_category_strong0p25,primary,0.833333333333,0.833333333333,1.0,0.0,0.006025688214455149,0.006025688214455149,0.0,0.006025688214455149,1.0527586523466899,2.5916468505541856
2022-06-09,000985.CSI,中证全指,two_speed_category_strong0p25,primary,0.833333333333,0.833333333333,1.0,0.0,-0.01335247830573194,-0.01335247830573194,0.0,-0.01335247830573194,1.038701715280059,2.5570419422060424
2022-06-10,000985.CSI,中证全指,two_speed_category_strong0p25,primary,0.75,0.833333333333,1.0,0.0,0.01714437986189976,0.01714437986189976,0.0,0.01714437986189976,1.0565096120500272,2.600880840586033
2022-06-13,000985.CSI,中证全指,two_speed_category_strong0p25,primary,0.75,0.75,1.0,0.0,-0.0042622053902379164,-0.0042622053902379164,0.0,-0.0042622053902379164,1.0520065510867094,2.5897953522479207
2022-06-14,000985.CSI,中证全指,two_speed_category_strong0p25,primary,0.75,0.75,1.0,0.0,0.005149461446901427,0.005149461446901427,0.0,0.005149461446901427,1.0574238182634181,2.603131403569686
2022-06-15,000985.CSI,中证全指,two_speed_category_strong0p25,primary,0.75,0.75,1.0,0.0,0.005482712077247376,0.005482712077247376,0.0,0.005482712077247376,1.06322136860258,2.6174036235546994
2022-06-16,000985.CSI,中证全指,two_speed_category_strong0p25,primary,0.75,0.75,1.0,0.0,-0.0008146183649990757,-0.0008146183649990757,0.0,-0.0008146183649990757,1.0623552489496568,2.6152714384943367
2022-06-17,000985.CSI,中证全指,two_speed_category_strong0p25,primary,0.583333333333,0.75,1.0,0.0,0.011352402208387069,0.011352402208387069,0.0,0.011352402208387069,1.0744155330239245,2.6449610517482314
2022-06-20,000985.CSI,中证全指,two_speed_category_strong0p25,primary,0.583333333333,0.583333333333,1.0,0.0,0.006754654829087325,0.006754654829087325,0.0,0.006754654829087325,1.081672839092511,2.6628268506891706
2022-06-21,000985.CSI,中证全指,two_speed_category_strong0p25,primary,0.333333333333,0.583333333333,1.0,0.0,-0.0044230571512499095,-0.0044230571512499095,0.0,-0.0044230571512499095,1.07688853830625,2.6510490153446895
2022-06-22,000985.CSI,中证全指,two_speed_category_strong0p25,primary,0.333333333333,0.583333333333,1.0,0.0,-0.012866448190269164,-0.012866448190269164,0.0,-0.012866448190269164,1.063032807721438,2.616939430538893
2022-06-23,000985.CSI,中证全指,two_speed_category_strong0p25,primary,0.333333333333,0.583333333333,1.0,0.0,0.019039229394729684,0.019039229394729684,0.0,0.019039229394729684,1.08327213320177,2.666763940669036
2022-06-24,000985.CSI,中证全指,two_speed_category_strong0p25,primary,0.416666666667,0.583333333333,1.0,0.0,0.011796477603167821,0.011796477603167821,0.0,0.011796477603167821,1.0960509286592206,2.6982223617680736
2022-06-27,000985.CSI,中证全指,two_speed_category_strong0p25,primary,0.416666666667,0.416666666667,1.0,0.0,0.010029756867645068,0.010029756867645068,0.0,0.010029756867645068,1.1070440529882293,2.7252848760314503
2022-06-28,000985.CSI,中证全指,two_speed_category_strong0p25,primary,0.416666666667,0.416666666667,1.0,0.0,0.011920159673438624,0.011920159673438624,0.0,0.011920159673438624,1.1202401948653795,2.7577707069093527
2022-06-29,000985.CSI,中证全指,two_speed_category_strong0p25,primary,0.083333333333,0.416666666667,1.0,0.0,-0.01941701679872665,-0.01941701679872665,0.0,-0.01941701679872665,1.0984884721830697,2.7042230267662575
2022-06-30,000985.CSI,中证全指,two_speed_category_strong0p25,primary,0.083333333333,0.416666666667,1.0,0.0,0.013121391148819717,0.013121391148819717,0.0,0.013121391148819717,1.112902169099053,2.7397061948541026
2022-07-01,000985.CSI,中证全指,two_speed_category_strong0p25,primary,0.083333333333,0.416666666667,1.0,0.0,-0.002745069764324759,-0.002745069764324759,0.0,-0.002745069764324759,1.1098471750040078,2.7321855102154755
2022-07-04,000985.CSI,中证全指,two_speed_category_strong0p25,primary,0.083333333333,0.083333333333,1.0,0.0,0.008512031447444945,0.008512031447444945,0.0,0.008512031447444945,1.1192942290594998,2.755441959198683
2022-07-05,000985.CSI,中证全指,two_speed_category_strong0p25,primary,0.25,0.083333333333,1.0,0.0,-0.0032242309408136993,-0.0032242309408136993,0.0,-0.0032242309408136993,1.115685365974292,2.7465577779782184
2022-07-06,000985.CSI,中证全指,two_speed_category_strong0p25,primary,0.25,0.083333333333,1.0,0.0,-0.013107295742095126,-0.013107295742095126,0.0,-0.013107295742095126,1.1010617479273392,2.7105578329095064
2022-07-07,000985.CSI,中证全指,two_speed_category_strong0p25,primary,0.25,0.083333333333,1.0,0.0,0.006646743487273898,0.006646743487273898,0.0,0.006646743487273898,1.1083802229294617,2.728574215532277
2022-07-08,000985.CSI,中证全指,two_speed_category_strong0p25,primary,0.25,0.083333333333,1.0,0.0,-0.003858784164547324,-0.003858784164547324,0.0,-0.003858784164547324,1.104103222876924,2.7180452365575887
2022-07-11,000985.CSI,中证全指,two_speed_category_strong0p25,primary,0.25,0.25,1.0,0.0,-0.01454969376516535,-0.01454969376516535,0.0,-0.01454969376516535,1.0880388590989327,2.6784985107258095
2022-07-12,000985.CSI,中证全指,two_speed_category_strong0p25,primary,0.166666666667,0.25,1.0,0.0,-0.012134758356868391,-0.012134758356868391,0.0,-0.012134758356868391,1.0748357704608844,2.64599557853892
2022-07-13,000985.CSI,中证全指,two_speed_category_strong0p25,primary,-0.083333333333,0.25,1.0,0.0,0.005237773714545035,0.005237773714545035,0.0,0.005237773714545035,1.0804655170068571,2.6598547046289935
2022-07-14,000985.CSI,中证全指,two_speed_category_strong0p25,primary,-0.083333333333,0.25,1.0,0.0,0.0040151117425542004,0.0040151117425542004,0.0,0.0040151117425542004,1.0848037067916163,2.6705343184870376
2022-07-15,000985.CSI,中证全指,two_speed_category_strong0p25,primary,-0.25,0.25,0.0,1.0,-0.01580159763190292,-0.0,0.0005,-0.0005,1.0676620751072985,2.6691990513277943
2022-07-18,000985.CSI,中证全指,two_speed_category_strong0p25,primary,-0.25,-0.25,0.0,0.0,0.015019864745496214,0.0,0.0,0.0,1.083698215069306,2.6691990513277943
2022-07-19,000985.CSI,中证全指,two_speed_category_strong0p25,primary,-0.083333333333,-0.25,0.0,0.0,0.0007050107641097814,0.0,0.0,0.0,1.0844622339759764,2.6691990513277943
2022-07-20,000985.CSI,中证全指,two_speed_category_strong0p25,primary,-0.083333333333,-0.25,0.0,0.0,0.007440895298648886,0.0,0.0,0.0,1.0925316039143305,2.6691990513277943
2022-07-21,000985.CSI,中证全指,two_speed_category_strong0p25,primary,-0.083333333333,-0.25,0.0,0.0,-0.008758667946419996,-0.0,0.0,-0.0,1.0829624823746753,2.6691990513277943
2022-07-22,000985.CSI,中证全指,two_speed_category_strong0p25,primary,-0.083333333333,-0.25,0.0,0.0,-0.0023017817101393945,-0.0,0.0,-0.0,1.080469739139978,2.6691990513277943
2022-07-25,000985.CSI,中证全指,two_speed_category_strong0p25,primary,-0.083333333333,-0.083333333333,0.0,0.0,-0.008281419541463664,-0.0,0.0,-0.0,1.071521915928304,2.6691990513277943
2022-07-26,000985.CSI,中证全指,two_speed_category_strong0p25,primary,-0.083333333333,-0.083333333333,0.0,0.0,0.009654197047120672,0.0,0.0,0.0,1.081866599644984,2.6691990513277943
2022-07-27,000985.CSI,中证全指,two_speed_category_strong0p25,primary,-0.083333333333,-0.083333333333,0.0,0.0,0.001487943013034121,0.0,0.0,0.0,1.083476355492961,2.6691990513277943
2022-07-28,000985.CSI,中证全指,two_speed_category_strong0p25,primary,-0.083333333333,-0.083333333333,0.0,0.0,0.0028849471475347332,0.0,0.0,0.0,1.0866021275141617,2.6691990513277943
2022-07-29,000985.CSI,中证全指,two_speed_category_strong0p25,primary,0.083333333333,-0.083333333333,0.0,0.0,-0.009456377675822858,-0.0,0.0,-0.0,1.0763268074130352,2.6691990513277943
2022-08-01,000985.CSI,中证全指,two_speed_category_strong0p25,primary,0.083333333333,0.083333333333,1.0,1.0,0.006091700690662227,0.006091700690662227,0.0005,0.005591700690662227,1.0828834681691315,2.684124413506619
2022-08-02,000985.CSI,中证全指,two_speed_category_strong0p25,primary,-0.083333333333,0.083333333333,1.0,0.0,-0.026386038712074344,-0.026386038712074344,0.0,-0.026386038712074344,1.0543104630573554,2.6133010028238095
2022-08-03,000985.CSI,中证全指,two_speed_category_strong0p25,primary,-0.083333333333,0.083333333333,1.0,0.0,-0.008358925049861243,-0.008358925049861243,0.0,-0.008358925049861243,1.0454975609173744,2.591456615608478
2022-08-04,000985.CSI,中证全指,two_speed_category_strong0p25,primary,-0.083333333333,0.083333333333,1.0,0.0,0.008539337448027595,0.008539337448027595,0.0,0.008539337448027595,1.0544254173911376,2.613585938131082
2022-08-05,000985.CSI,中证全指,two_speed_category_strong0p25,primary,-0.25,0.083333333333,0.0,1.0,0.014319285340945287,0.0,0.0005,-0.0005,1.0695240358135065,2.6122791451620166
2022-08-08,000985.CSI,中证全指,two_speed_category_strong0p25,primary,-0.166666666667,-0.166666666667,0.0,0.0,0.005244943013952508,0.0,0.0,0.0,1.0751336284334008,2.6122791451620166
2022-08-09,000985.CSI,中证全指,two_speed_category_strong0p25,primary,0.0,-0.166666666667,0.0,0.0,0.0029301221626767404,0.0,0.0,0.0,1.0782839013059125,2.6122791451620166
2022-08-10,000985.CSI,中证全指,two_speed_category_strong0p25,primary,0.083333333333,-0.166666666667,0.0,0.0,-0.005011259869999285,-0.0,0.0,-0.0,1.0728803404628318,2.6122791451620166
2022-08-11,000985.CSI,中证全指,two_speed_category_strong0p25,primary,0.083333333333,-0.166666666667,0.0,0.0,0.01683807431468254,0.0,0.0,0.0,1.0909455793663068,2.6122791451620166
2022-08-12,000985.CSI,中证全指,two_speed_category_strong0p25,primary,0.083333333333,-0.166666666667,0.0,0.0,-0.003120892602852088,-0.0,0.0,-0.0,1.0875408553775483,2.6122791451620166
2022-08-15,000985.CSI,中证全指,two_speed_category_strong0p25,primary,0.166666666667,0.166666666667,1.0,1.0,0.0024547837789659077,0.0024547837789659077,0.0005,0.0019547837789659077,1.0902105330282919,2.6173855860611104
2022-08-16,000985.CSI,中证全指,two_speed_category_strong0p25,primary,0.166666666667,0.166666666667,1.0,0.0,0.0023614349626412956,0.0023614349626412956,0.0,0.0023614349626412956,1.0927849942976247,2.6235663718947486
2022-08-17,000985.CSI,中证全指,two_speed_category_strong0p25,primary,-0.25,0.166666666667,0.0,1.0,0.005795695675045565,0.0,0.0005,-0.0005,1.09911844356283,2.6222545887088016
2022-08-18,000985.CSI,中证全指,two_speed_category_strong0p25,primary,-0.25,0.166666666667,0.0,0.0,-0.0035648208412842886,-0.0,0.0,-0.0,1.0952002832281773,2.6222545887088016
2022-08-19,000985.CSI,中证全指,two_speed_category_strong0p25,primary,-0.25,0.166666666667,0.0,0.0,-0.010633704936921395,-0.0,0.0,-0.0,1.083554246569496,2.6222545887088016
2022-08-22,000985.CSI,中证全指,two_speed_category_strong0p25,primary,-0.083333333333,-0.083333333333,0.0,0.0,0.007873007185965175,0.0,0.0,0.0,1.0920850769391208,2.6222545887088016
2022-08-23,000985.CSI,中证全指,two_speed_category_strong0p25,primary,-0.083333333333,-0.083333333333,0.0,0.0,-0.0009320779854133932,-0.0,0.0,-0.0,1.0910671684807074,2.6222545887088016
2022-08-24,000985.CSI,中证全指,two_speed_category_strong0p25,primary,-0.25,-0.083333333333,0.0,0.0,-0.025795854350912473,-0.0,0.0,-0.0,1.0629221587155167,2.6222545887088016
2022-08-25,000985.CSI,中证全指,two_speed_category_strong0p25,primary,-0.083333333333,-0.083333333333,0.0,0.0,0.0033348819672307517,0.0,0.0,0.0,1.066466878655187,2.6222545887088016
2022-08-26,000985.CSI,中证全指,two_speed_category_strong0p25,primary,-0.083333333333,-0.083333333333,0.0,0.0,-0.0035345796537059604,-0.0,0.0,-0.0,1.062697366524541,2.6222545887088016
2022-08-29,000985.CSI,中证全指,two_speed_category_strong0p25,primary,-0.166666666667,-0.166666666667,0.0,0.0,0.000641341684690655,0.0,0.0,0.0,1.0633789186439042,2.6222545887088016
2022-08-30,000985.CSI,中证全指,two_speed_category_strong0p25,primary,-0.5,-0.166666666667,0.0,0.0,-0.004620630835028172,-0.0,0.0,-0.0,1.0584654372230993,2.6222545887088016
2022-08-31,000985.CSI,中证全指,two_speed_category_strong0p25,primary,-0.5,-0.166666666667,0.0,0.0,-0.014137554990591661,-0.0,0.0,-0.0,1.043501323898717,2.6222545887088016
2022-09-01,000985.CSI,中证全指,two_speed_category_strong0p25,primary,-0.416666666667,-0.166666666667,0.0,0.0,-0.0066671511382238036,-0.0,0.0,-0.0,1.0365441428593476,2.6222545887088016
2022-09-02,000985.CSI,中证全指,two_speed_category_strong0p25,primary,-0.416666666667,-0.166666666667,0.0,0.0,0.002229086688860349,0.0,0.0,0.0,1.0388546896106114,2.6222545887088016
2022-09-05,000985.CSI,中证全指,two_speed_category_strong0p25,primary,-0.75,-0.75,0.0,0.0,0.000874668010354851,0.0,0.0,0.0,1.039763342575021,2.6222545887088016
2022-09-06,000985.CSI,中证全指,two_speed_category_strong0p25,primary,-0.583333333333,-0.75,0.0,0.0,0.01355478786493336,0.0,0.0,0.0,1.0538571141133595,2.6222545887088016
2022-09-07,000985.CSI,中证全指,two_speed_category_strong0p25,primary,-0.583333333333,-0.75,0.0,0.0,0.0027514628648726003,0.0,0.0,0.0,1.0567567628277241,2.6222545887088016
2022-09-08,000985.CSI,中证全指,two_speed_category_strong0p25,primary,-0.666666666667,-0.75,0.0,0.0,-0.006338780713783354,-0.0,0.0,-0.0,1.0500582134403516,2.6222545887088016
2022-09-09,000985.CSI,中证全指,two_speed_category_strong0p25,primary,-0.666666666667,-0.75,0.0,0.0,0.007683935504752881,0.0,0.0,0.0,1.0581267930286633,2.6222545887088016
2022-09-13,000985.CSI,中证全指,two_speed_category_strong0p25,primary,-0.666666666667,-0.666666666667,0.0,0.0,0.001888483028969823,0.0,0.0,0.0,1.0601250475197963,2.6222545887088016
2022-09-14,000985.CSI,中证全指,two_speed_category_strong0p25,primary,-0.666666666667,-0.666666666667,0.0,0.0,-0.010402863821642683,-0.0,0.0,-0.0,1.0490967110165355,2.6222545887088016
2022-09-15,000985.CSI,中证全指,two_speed_category_strong0p25,primary,-0.666666666667,-0.666666666667,0.0,0.0,-0.01827528378468657,-0.0,0.0,-0.0,1.029924170905127,2.6222545887088016
2022-09-16,000985.CSI,中证全指,two_speed_category_strong0p25,primary,-0.666666666667,-0.666666666667,0.0,0.0,-0.023324030116694372,-0.0,0.0,-0.0,1.0059021885250243,2.6222545887088016
2022-09-19,000985.CSI,中证全指,two_speed_category_strong0p25,primary,-0.666666666667,-0.666666666667,0.0,0.0,-0.005703363836282338,-0.0,0.0,-0.0,1.0001651623601535,2.6222545887088016
2022-09-20,000985.CSI,中证全指,two_speed_category_strong0p25,primary,-0.666666666667,-0.666666666667,0.0,0.0,0.006957217493971601,0.0,0.0,0.0,1.0071235289245866,2.6222545887088016
2022-09-21,000985.CSI,中证全指,two_speed_category_strong0p25,primary,-0.666666666667,-0.666666666667,0.0,0.0,-0.0028348621107877614,-0.0,0.0,-0.0,1.0042684725915554,2.6222545887088016
2022-09-22,000985.CSI,中证全指,two_speed_category_strong0p25,primary,-0.666666666667,-0.666666666667,0.0,0.0,-0.005258527511230682,-0.0,0.0,-0.0,0.998987499199771,2.6222545887088016
2022-09-23,000985.CSI,中证全指,two_speed_category_strong0p25,primary,-0.583333333333,-0.666666666667,0.0,0.0,-0.010913700178015184,-0.0,0.0,-0.0,0.9880848491519195,2.6222545887088016
2022-09-26,000985.CSI,中证全指,two_speed_category_strong0p25,primary,-0.583333333333,-0.583333333333,0.0,0.0,-0.0095430613902997,-0.0,0.0,-0.0,0.9786554947776377,2.6222545887088016
2022-09-27,000985.CSI,中证全指,two_speed_category_strong0p25,primary,-0.583333333333,-0.583333333333,0.0,0.0,0.017692225347798685,0.0,0.0,0.0,0.995970088329105,2.6222545887088016
2022-09-28,000985.CSI,中证全指,two_speed_category_strong0p25,primary,-0.583333333333,-0.583333333333,0.0,0.0,-0.02252922365698473,-0.0,0.0,-0.0,0.9735316554534718,2.6222545887088016
2022-09-29,000985.CSI,中证全指,two_speed_category_strong0p25,primary,-0.583333333333,-0.583333333333,0.0,0.0,-0.0008126712537652736,-0.0,0.0,-0.0,0.9727404942624542,2.6222545887088016
2022-09-30,000985.CSI,中证全指,two_speed_category_strong0p25,primary,-0.416666666667,-0.583333333333,0.0,0.0,-0.009676513191573477,-0.0,0.0,-0.0,0.9633277580377458,2.6222545887088016
2022-10-10,000985.CSI,中证全指,two_speed_category_strong0p25,primary,-0.333333333333,-0.333333333333,0.0,0.0,-0.02029191937035668,-0.0,0.0,-0.0,0.9437799888444174,2.6222545887088016
2022-10-11,000985.CSI,中证全指,two_speed_category_strong0p25,primary,-0.416666666667,-0.333333333333,0.0,0.0,0.004746952117008707,0.0,0.0,0.0,0.9482600672604529,2.6222545887088016
2022-10-12,000985.CSI,中证全指,two_speed_category_strong0p25,primary,-0.5,-0.333333333333,0.0,0.0,0.021206691269062272,0.0,0.0,0.0,0.9683695257496255,2.6222545887088016
2022-10-13,000985.CSI,中证全指,two_speed_category_strong0p25,primary,-0.5,-0.333333333333,0.0,0.0,-0.000952594300972498,-0.0,0.0,-0.0,0.967447062458161,2.6222545887088016
2022-10-14,000985.CSI,中证全指,two_speed_category_strong0p25,primary,-0.416666666667,-0.333333333333,0.0,0.0,0.0237635886267471,0.0,0.0,0.0,0.9904370764685717,2.6222545887088016
2022-10-17,000985.CSI,中证全指,two_speed_category_strong0p25,primary,-0.583333333333,-0.583333333333,0.0,0.0,0.005986244024250409,0.0,0.0,0.0,0.9963660744989777,2.6222545887088016
2022-10-18,000985.CSI,中证全指,two_speed_category_strong0p25,primary,-0.583333333333,-0.583333333333,0.0,0.0,0.0010415561403163132,0.0,0.0,0.0,0.997403845701875,2.6222545887088016
2022-10-19,000985.CSI,中证全指,two_speed_category_strong0p25,primary,-0.583333333333,-0.583333333333,0.0,0.0,-0.012263836833003361,-0.0,0.0,-0.0,0.9851718476815772,2.6222545887088016
2022-10-20,000985.CSI,中证全指,two_speed_category_strong0p25,primary,-0.583333333333,-0.583333333333,0.0,0.0,-0.005223359499567537,-0.0,0.0,-0.0,0.9800259409522831,2.6222545887088016
2022-10-21,000985.CSI,中证全指,two_speed_category_strong0p25,primary,-0.416666666667,-0.583333333333,0.0,0.0,-0.0010726531904658998,-0.0,0.0,-0.0,0.9789747129999813,2.6222545887088016
2022-10-24,000985.CSI,中证全指,two_speed_category_strong0p25,primary,-0.416666666667,-0.416666666667,0.0,0.0,-0.019793657690304167,-0.0,0.0,-0.0,0.9595972226433959,2.6222545887088016
2022-10-25,000985.CSI,中证全指,two_speed_category_strong0p25,primary,-0.416666666667,-0.416666666667,0.0,0.0,-0.0021515517628454273,-0.0,0.0,-0.0,0.9575325995473959,2.6222545887088016
2022-10-26,000985.CSI,中证全指,two_speed_category_strong0p25,primary,-0.416666666667,-0.416666666667,0.0,0.0,0.013600421789494499,0.0,0.0,0.0,0.9705554467784316,2.6222545887088016
2022-10-27,000985.CSI,中证全指,two_speed_category_strong0p25,primary,-0.416666666667,-0.416666666667,0.0,0.0,-0.005509611647404267,-0.0,0.0,-0.0,0.9652080631844095,2.6222545887088016
2022-10-28,000985.CSI,中证全指,two_speed_category_strong0p25,primary,-0.25,-0.416666666667,0.0,0.0,-0.029644903771005815,-0.0,0.0,-0.0,0.9365945630323088,2.6222545887088016
2022-10-31,000985.CSI,中证全指,two_speed_category_strong0p25,primary,-0.25,-0.25,0.0,0.0,-0.0006693991136990096,-0.0,0.0,-0.0,0.9359676074619196,2.6222545887088016
2022-11-01,000985.CSI,中证全指,two_speed_category_strong0p25,primary,-0.166666666667,-0.25,0.0,0.0,0.029842302065716364,0.0,0.0,0.0,0.9638990355275241,2.6222545887088016
2022-11-02,000985.CSI,中证全指,two_speed_category_strong0p25,primary,0.166666666667,-0.25,0.0,0.0,0.01243917554438112,0.0,0.0,0.0,0.9758891448375107,2.6222545887088016
2022-11-03,000985.CSI,中证全指,two_speed_category_strong0p25,primary,0.166666666667,-0.25,0.0,0.0,-0.0019267610021184156,-0.0,0.0,-0.0,0.9740088396908471,2.6222545887088016
2022-11-04,000985.CSI,中证全指,two_speed_category_strong0p25,primary,0.166666666667,-0.25,0.0,0.0,0.026735143403284756,0.0,0.0,0.0,1.0000491056960488,2.6222545887088016
2022-11-07,000985.CSI,中证全指,two_speed_category_strong0p25,primary,0.166666666667,0.166666666667,1.0,1.0,0.0026142039767920178,0.0026142039767920178,0.0005,0.0021142039767920178,1.0026634380451467,2.627798569788411
2022-11-08,000985.CSI,中证全指,two_speed_category_strong0p25,primary,0.166666666667,0.166666666667,1.0,0.0,-0.004301524932988299,-0.004301524932988299,0.0,-0.004301524932988299,0.9983504562669997,2.6164950287215953
2022-11-09,000985.CSI,中证全指,two_speed_category_strong0p25,primary,0.083333333333,0.166666666667,1.0,0.0,-0.005241762132730976,-0.005241762132730976,0.0,-0.005241762132730976,0.9931173406501447,2.6027799841595636
2022-11-10,000985.CSI,中证全指,two_speed_category_strong0p25,primary,0.083333333333,0.166666666667,1.0,0.0,-0.007107220827290317,-0.007107220827290317,0.0,-0.007107220827290317,0.9860590364027328,2.5842814520472905
2022-11-11,000985.CSI,中证全指,two_speed_category_strong0p25,primary,0.25,0.166666666667,1.0,0.0,0.01608825421120219,0.01608825421120219,0.0,0.01608825421120219,1.001923004847633,2.625858029001122
2022-11-14,000985.CSI,中证全指,two_speed_category_strong0p25,primary,0.0,0.0,0.0,1.0,-0.0013273777817265353,-0.0,0.0005,-0.0005,1.0005930745119977,2.6245450999866216
2022-11-15,000985.CSI,中证全指,two_speed_category_strong0p25,primary,0.0,0.0,0.0,0.0,0.019640571868446255,0.0,0.0,0.0,1.0202452947030203,2.6245450999866216
2022-11-16,000985.CSI,中证全指,two_speed_category_strong0p25,primary,0.0,0.0,0.0,0.0,-0.006679257718457787,-0.0,0.0,-0.0,1.013430813443655,2.6245450999866216
2022-11-17,000985.CSI,中证全指,two_speed_category_strong0p25,primary,0.0,0.0,0.0,0.0,-0.0006042189427081235,-0.0,0.0,-0.0,1.0128184793490482,2.6245450999866216
2022-11-18,000985.CSI,中证全指,two_speed_category_strong0p25,primary,0.0,0.0,0.0,0.0,-0.005507813595758915,-0.0,0.0,-0.0,1.0072400639584538,2.6245450999866216
2022-11-21,000985.CSI,中证全指,two_speed_category_strong0p25,primary,0.0,0.0,0.0,0.0,-0.002431957635143145,-0.0,0.0,-0.0,1.004790498794488,2.6245450999866216
2022-11-22,000985.CSI,中证全指,two_speed_category_strong0p25,primary,0.0,0.0,0.0,0.0,-0.006686091238245484,-0.0,0.0,-0.0,0.9980723778442259,2.6245450999866216
2022-11-23,000985.CSI,中证全指,two_speed_category_strong0p25,primary,0.0,0.0,0.0,0.0,-0.001200609778232331,-0.0,0.0,-0.0,0.9968740823880025,2.6245450999866216
2022-11-24,000985.CSI,中证全指,two_speed_category_strong0p25,primary,0.083333333333,0.0,0.0,0.0,-0.0008229141082304325,-0.0,0.0,-0.0,0.9960537406414761,2.6245450999866216
2022-11-25,000985.CSI,中证全指,two_speed_category_strong0p25,primary,0.083333333333,0.0,0.0,0.0,-0.0023264037217114453,-0.0,0.0,-0.0,0.9937365175122231,2.6245450999866216
2022-11-28,000985.CSI,中证全指,two_speed_category_strong0p25,primary,0.083333333333,0.083333333333,1.0,1.0,-0.007254470569319715,-0.007254470569319715,0.0005,-0.007754470569319716,0.9865274851922724,2.604193142250923
2022-11-29,000985.CSI,中证全指,two_speed_category_strong0p25,primary,0.083333333333,0.083333333333,1.0,0.0,0.023658293424442034,0.023658293424442034,0.0,0.023658293424442034,1.009867041908228,2.6658039077442153
2022-11-30,000985.CSI,中证全指,two_speed_category_strong0p25,primary,-0.083333333333,0.083333333333,1.0,0.0,0.0004939205367904265,0.0004939205367904265,0.0,0.0004939205367904265,1.0103658359796543,2.6671206030413064
2022-12-01,000985.CSI,中证全指,two_speed_category_strong0p25,primary,-0.25,0.083333333333,0.0,1.0,0.009176824466520017,0.0,0.0005,-0.0005,1.0196377859034085,2.665787042739786
2022-12-02,000985.CSI,中证全指,two_speed_category_strong0p25,primary,-0.083333333333,0.083333333333,0.0,0.0,-0.001753319680469323,-0.0,0.0,-0.0,1.0178500349064339,2.665787042739786
2022-12-05,000985.CSI,中证全指,two_speed_category_strong0p25,primary,-0.166666666667,-0.166666666667,0.0,0.0,0.012878449062410313,0.0,0.0,0.0,1.030958364734149,2.665787042739786
2022-12-06,000985.CSI,中证全指,two_speed_category_strong0p25,primary,-0.166666666667,-0.166666666667,0.0,0.0,0.0013678461813171339,0.0,0.0,0.0,1.0323685571964474,2.665787042739786
2022-12-07,000985.CSI,中证全指,two_speed_category_strong0p25,primary,-0.166666666667,-0.166666666667,0.0,0.0,-0.0011361053710734481,-0.0,0.0,-0.0,1.0311956777336893,2.665787042739786
2022-12-08,000985.CSI,中证全指,two_speed_category_strong0p25,primary,-0.083333333333,-0.166666666667,0.0,0.0,-0.0020886106369545354,-0.0,0.0,-0.0,1.0290419114723932,2.665787042739786
2022-12-09,000985.CSI,中证全指,two_speed_category_strong0p25,primary,-0.083333333333,-0.166666666667,0.0,0.0,0.005198145794907516,0.0,0.0,0.0,1.034391021357297,2.665787042739786
2022-12-12,000985.CSI,中证全指,two_speed_category_strong0p25,primary,-0.083333333333,-0.083333333333,0.0,0.0,-0.00738241105624593,-0.0,0.0,-0.0,1.0267547216447475,2.665787042739786
2022-12-13,000985.CSI,中证全指,two_speed_category_strong0p25,primary,-0.083333333333,-0.083333333333,0.0,0.0,-0.003958305345295399,-0.0,0.0,-0.0,1.0226905129417538,2.665787042739786
2022-12-14,000985.CSI,中证全指,two_speed_category_strong0p25,primary,-0.25,-0.083333333333,0.0,0.0,-0.0006822121554321825,-0.0,0.0,-0.0,1.0219928210425797,2.665787042739786
2022-12-15,000985.CSI,中证全指,two_speed_category_strong0p25,primary,-0.333333333333,-0.083333333333,0.0,0.0,0.001235312199006966,0.0,0.0,0.0,1.0232553012417112,2.665787042739786
2022-12-16,000985.CSI,中证全指,two_speed_category_strong0p25,primary,-0.5,-0.083333333333,0.0,0.0,-0.0044427753638170975,-0.0,0.0,-0.0,1.0187092077984592,2.665787042739786
2022-12-19,000985.CSI,中证全指,two_speed_category_strong0p25,primary,-0.5,-0.5,0.0,0.0,-0.01858618401576173,-0.0,0.0,-0.0,0.9997752910037662,2.665787042739786
2022-12-20,000985.CSI,中证全指,two_speed_category_strong0p25,primary,-0.583333333333,-0.5,0.0,0.0,-0.011851403762886736,-0.0,0.0,-0.0,0.987926550357923,2.665787042739786
2022-12-21,000985.CSI,中证全指,two_speed_category_strong0p25,primary,-0.583333333333,-0.5,0.0,0.0,-0.0034060800382388345,-0.0,0.0,-0.0,0.9845615934555028,2.665787042739786
2022-12-22,000985.CSI,中证全指,two_speed_category_strong0p25,primary,-0.583333333333,-0.5,0.0,0.0,-0.0064257262776100665,-0.0,0.0,-0.0,0.9782350701525101,2.665787042739786
2022-12-23,000985.CSI,中证全指,two_speed_category_strong0p25,primary,-0.583333333333,-0.5,0.0,0.0,-0.0028766939652913326,-0.0,0.0,-0.0,0.975420987229566,2.665787042739786
2022-12-26,000985.CSI,中证全指,two_speed_category_strong0p25,primary,-0.583333333333,-0.583333333333,0.0,0.0,0.010586524805939357,0.0,0.0,0.0,0.9857473057071057,2.665787042739786
2022-12-27,000985.CSI,中证全指,two_speed_category_strong0p25,primary,-0.583333333333,-0.583333333333,0.0,0.0,0.009002906717846981,0.0,0.0,0.0,0.9946218967477557,2.665787042739786
2022-12-28,000985.CSI,中证全指,two_speed_category_strong0p25,primary,-0.583333333333,-0.583333333333,0.0,0.0,-0.0063992084879685995,-0.0,0.0,-0.0,0.9882571038637681,2.665787042739786
2022-12-29,000985.CSI,中证全指,two_speed_category_strong0p25,primary,-0.416666666667,-0.583333333333,0.0,0.0,-0.003033166282804811,-0.0,0.0,-0.0,0.9852595557375862,2.665787042739786
2022-12-30,000985.CSI,中证全指,two_speed_category_strong0p25,primary,-0.416666666667,-0.583333333333,0.0,0.0,0.004116294860919911,0.0,0.0,0.0,0.989315174583541,2.665787042739786
2023-01-03,000985.CSI,中证全指,two_speed_category_strong0p25,primary,-0.333333333333,-0.333333333333,0.0,0.0,0.012465501789967082,0.0,0.0,0.0,1.0016474846631538,2.665787042739786
2023-01-04,000985.CSI,中证全指,two_speed_category_strong0p25,primary,-0.333333333333,-0.333333333333,0.0,0.0,0.0011529890681469812,0.0,0.0,0.0,1.0028023732631073,2.665787042739786
2023-01-05,000985.CSI,中证全指,two_speed_category_strong0p25,primary,-0.166666666667,-0.333333333333,0.0,0.0,0.013702314854183273,0.0,0.0,0.0,1.0165430871180805,2.665787042739786
2023-01-06,000985.CSI,中证全指,two_speed_category_strong0p25,primary,-0.166666666667,-0.333333333333,0.0,0.0,0.0015763569011972844,0.0,0.0,0.0,1.0181455218288236,2.665787042739786
2023-01-09,000985.CSI,中证全指,two_speed_category_strong0p25,primary,-0.333333333333,-0.333333333333,0.0,0.0,0.006795254442897747,0.0,0.0,0.0,1.0250640797095474,2.665787042739786
2023-01-10,000985.CSI,中证全指,two_speed_category_strong0p25,primary,-0.333333333333,-0.333333333333,0.0,0.0,0.0007504508162943235,0.0,0.0,0.0,1.0258333398849193,2.665787042739786
2023-01-11,000985.CSI,中证全指,two_speed_category_strong0p25,primary,-0.333333333333,-0.333333333333,0.0,0.0,-0.004659520488492497,-0.0,0.0,-0.0,1.021053448419947,2.665787042739786
2023-01-12,000985.CSI,中证全指,two_speed_category_strong0p25,primary,-0.25,-0.333333333333,0.0,0.0,0.0010151101159407983,0.0,0.0,0.0,1.0220899301043542,2.665787042739786
2023-01-13,000985.CSI,中证全指,two_speed_category_strong0p25,primary,-0.25,-0.333333333333,0.0,0.0,0.009144898223100162,0.0,0.0,0.0,1.031436838490014,2.665787042739786
2023-01-16,000985.CSI,中证全指,two_speed_category_strong0p25,primary,-0.166666666667,-0.166666666667,0.0,0.0,0.012962881258307357,0.0,0.0,0.0,1.044807231752804,2.665787042739786
2023-01-17,000985.CSI,中证全指,two_speed_category_strong0p25,primary,0.0,-0.166666666667,0.0,0.0,-0.00027469283333381167,-0.0,0.0,-0.0,1.0445202306940262,2.665787042739786
2023-01-18,000985.CSI,中证全指,two_speed_category_strong0p25,primary,0.25,-0.166666666667,1.0,1.0,0.0007757191869861568,0.0007757191869861568,0.0005,0.0002757191869861568,1.0453304850781708,2.6665220513758885
2023-01-19,000985.CSI,中证全指,two_speed_category_strong0p25,primary,0.25,-0.166666666667,1.0,0.0,0.006645317447763643,0.006645317447763643,0.0,0.006645317447763643,1.05227703798934,2.684241936888743
2023-01-20,000985.CSI,中证全指,two_speed_category_strong0p25,primary,0.25,-0.166666666667,1.0,0.0,0.007399457320949043,0.007399457320949043,0.0,0.007399457320949043,1.0600633170217568,2.704103870539853
2023-01-30,000985.CSI,中证全指,two_speed_category_strong0p25,primary,0.25,0.25,1.0,0.0,0.007072759108868176,0.007072759108868176,0.0,0.007072759108868176,1.0675608895031994,2.7232293458215393
2023-01-31,000985.CSI,中证全指,two_speed_category_strong0p25,primary,0.25,0.25,1.0,0.0,-0.003977397492341717,-0.003977397492341717,0.0,-0.003977397492341717,1.0633147754983672,2.7123979802503975
2023-02-01,000985.CSI,中证全指,two_speed_category_strong0p25,primary,0.25,0.25,1.0,0.0,0.012348903553065504,0.012348903553065504,0.0,0.012348903553065504,1.076445547107546,2.745893121306039
2023-02-02,000985.CSI,中证全指,two_speed_category_strong0p25,primary,0.25,0.25,1.0,0.0,-0.0005844987063297058,-0.0005844987063297058,0.0,-0.0005844987063297058,1.0758163660778273,2.744288150328916
2023-02-03,000985.CSI,中证全指,two_speed_category_strong0p25,primary,0.25,0.25,1.0,0.0,-0.005575540437631754,-0.005575540437631754,0.0,-0.005575540437631754,1.0698181084252942,2.7289872607742436
2023-02-06,000985.CSI,中证全指,two_speed_category_strong0p25,primary,0.25,0.25,1.0,0.0,-0.008448909763345891,-0.008448909763345891,0.0,-0.008448909763345891,1.0607793117640156,2.7059302936626417
2023-02-07,000985.CSI,中证全指,two_speed_category_strong0p25,primary,0.25,0.25,1.0,0.0,0.0033014047288013604,0.0033014047288013604,0.0,0.0033014047288013604,1.064281373600088,2.7148636647299464
2023-02-08,000985.CSI,中证全指,two_speed_category_strong0p25,primary,0.25,0.25,1.0,0.0,-0.005398548322896657,-0.005398548322896657,0.0,-0.005398548322896657,1.058535799175549,2.7002073420458257
2023-02-09,000985.CSI,中证全指,two_speed_category_strong0p25,primary,0.25,0.25,1.0,0.0,0.014025325909878372,0.014025325909878372,0.0,0.014025325909878372,1.0733821087462596,2.738078630042265
2023-02-10,000985.CSI,中证全指,two_speed_category_strong0p25,primary,0.25,0.25,1.0,0.0,-0.004144208094489454,-0.004144208094489454,0.0,-0.004144208094489454,1.0689337899227132,2.726731462420295
2023-02-13,000985.CSI,中证全指,two_speed_category_strong0p25,primary,0.25,0.25,1.0,0.0,0.009476343444805524,0.009476343444805524,0.0,0.009476343444805524,1.0790633736357784,2.7525709062399466
2023-02-14,000985.CSI,中证全指,two_speed_category_strong0p25,primary,0.25,0.25,1.0,0.0,0.0007786231215447525,0.0007786231215447525,0.0,0.0007786231215447525,1.0799035573281033,2.7547141215912365
2023-02-15,000985.CSI,中证全指,two_speed_category_strong0p25,primary,0.25,0.25,1.0,0.0,-0.0021793576106740042,-0.0021793576106740042,0.0,-0.0021793576106740042,1.0775500612916464,2.7487106144051157
2023-02-16,000985.CSI,中证全指,two_speed_category_strong0p25,primary,0.166666666667,0.25,1.0,0.0,-0.01371327282056034,-0.01371327282056034,0.0,-0.01371327282056034,1.0627733233233425,2.7110167958450084
2023-02-17,000985.CSI,中证全指,two_speed_category_strong0p25,primary,0.166666666667,0.25,1.0,0.0,-0.010770830798584874,-0.010770830798584874,0.0,-0.010770830798584874,1.051326371680577,2.6818168926448402
2023-02-20,000985.CSI,中证全指,two_speed_category_strong0p25,primary,0.166666666667,0.166666666667,1.0,0.0,0.019234216087083977,0.019234216087083977,0.0,0.019234216087083977,1.0715478102915312,2.733399538263963
2023-02-21,000985.CSI,中证全指,two_speed_category_strong0p25,primary,0.0,0.166666666667,1.0,0.0,0.003739054391677099,0.003739054391677099,0.0,0.003739054391677099,1.0755543858374939,2.743619867811717
2023-02-22,000985.CSI,中证全指,two_speed_category_strong0p25,primary,-0.166666666667,0.166666666667,1.0,0.0,-0.0042318301681676385,-0.0042318301681676385,0.0,-0.0042318301681676385,1.0710028223400017,2.7320093344851273
2023-02-23,000985.CSI,中证全指,two_speed_category_strong0p25,primary,-0.166666666667,0.166666666667,1.0,0.0,-0.0019543527348693246,-0.0019543527348693246,0.0,-0.0019543527348693246,1.0689097050451086,2.7266700245705877
2023-02-24,000985.CSI,中证全指,two_speed_category_strong0p25,primary,-0.166666666667,0.166666666667,1.0,0.0,-0.006560953721097884,-0.006560953721097884,0.0,-0.006560953721097884,1.0618966379382753,2.708780468726675
2023-02-27,000985.CSI,中证全指,two_speed_category_strong0p25,primary,-0.5,-0.5,0.0,1.0,-0.0056793184731653845,-0.0,0.0005,-0.0005,1.0558657887458403,2.707426078492312
2023-02-28,000985.CSI,中证全指,two_speed_category_strong0p25,primary,-0.5,-0.5,0.0,0.0,0.007617777627370925,0.0,0.0,0.0,1.0639091395288547,2.707426078492312
2023-03-01,000985.CSI,中证全指,two_speed_category_strong0p25,primary,-0.5,-0.5,0.0,0.0,0.010689169533947052,0.0,0.0,0.0,1.0752814446899943,2.707426078492312
2023-03-02,000985.CSI,中证全指,two_speed_category_strong0p25,primary,-0.583333333333,-0.5,0.0,0.0,-0.0030441112079807597,-0.0,0.0,-0.0,1.0720081683924798,2.707426078492312
2023-03-03,000985.CSI,中证全指,two_speed_category_strong0p25,primary,-0.666666666667,-0.5,0.0,0.0,0.001470894324237193,0.0,0.0,0.0,1.0735849791229042,2.707426078492312
2023-03-06,000985.CSI,中证全指,two_speed_category_strong0p25,primary,-0.833333333333,-0.833333333333,0.0,0.0,-0.001382717340923656,-0.0,0.0,-0.0,1.0721005145553157,2.707426078492312
2023-03-07,000985.CSI,中证全指,two_speed_category_strong0p25,primary,-0.833333333333,-0.833333333333,0.0,0.0,-0.01717567840425105,-0.0,0.0,-0.0,1.0536864609002816,2.707426078492312
2023-03-08,000985.CSI,中证全指,two_speed_category_strong0p25,primary,-0.833333333333,-0.833333333333,0.0,0.0,0.0010550676794995884,0.0,0.0,0.0,1.0547981714295038,2.707426078492312
2023-03-09,000985.CSI,中证全指,two_speed_category_strong0p25,primary,-0.833333333333,-0.833333333333,0.0,0.0,-0.0019341351738638712,-0.0,0.0,-0.0,1.0527580491848147,2.707426078492312
2023-03-10,000985.CSI,中证全指,two_speed_category_strong0p25,primary,-0.916666666667,-0.833333333333,0.0,0.0,-0.013462805567196923,-0.0,0.0,-0.0,1.038584972259338,2.707426078492312
2023-03-13,000985.CSI,中证全指,two_speed_category_strong0p25,primary,-0.75,-0.75,0.0,0.0,0.007512727613824488,0.0,0.0,0.0,1.046387578259734,2.707426078492312
2023-03-14,000985.CSI,中证全指,two_speed_category_strong0p25,primary,-0.916666666667,-0.75,0.0,0.0,-0.008194290331348775,-0.0,0.0,-0.0,1.0378131746443569,2.707426078492312
2023-03-15,000985.CSI,中证全指,two_speed_category_strong0p25,primary,-0.916666666667,-0.75,0.0,0.0,0.0035252702822785587,0.0,0.0,0.0,1.0414717465874879,2.707426078492312
2023-03-16,000985.CSI,中证全指,two_speed_category_strong0p25,primary,-0.916666666667,-0.75,0.0,0.0,-0.013914947584892534,-0.0,0.0,-0.0,1.0269797218225765,2.707426078492312
2023-03-17,000985.CSI,中证全指,two_speed_category_strong0p25,primary,-0.916666666667,-0.75,0.0,0.0,0.006068252709461763,0.0,0.0,0.0,1.0332116943020886,2.707426078492312
2023-03-20,000985.CSI,中证全指,two_speed_category_strong0p25,primary,-0.666666666667,-0.666666666667,0.0,0.0,-0.0038769623127136166,-0.0,0.0,-0.0,1.0292059715022244,2.707426078492312
2023-03-21,000985.CSI,中证全指,two_speed_category_strong0p25,primary,-0.666666666667,-0.666666666667,0.0,0.0,0.012397799668677933,0.0,0.0,0.0,1.041965860954716,2.707426078492312
2023-03-22,000985.CSI,中证全指,two_speed_category_strong0p25,primary,-0.5,-0.666666666667,0.0,0.0,0.004852240759497084,0.0,0.0,0.0,1.047021730175245,2.707426078492312
2023-03-23,000985.CSI,中证全指,two_speed_category_strong0p25,primary,-0.5,-0.666666666667,0.0,0.0,0.006277238734850199,0.0,0.0,0.0,1.053594135536131,2.707426078492312
2023-03-24,000985.CSI,中证全指,two_speed_category_strong0p25,primary,-0.333333333333,-0.666666666667,0.0,0.0,-0.0010540743955109733,-0.0,0.0,-0.0,1.0524835689346017,2.707426078492312
2023-03-27,000985.CSI,中证全指,two_speed_category_strong0p25,primary,-0.166666666667,-0.166666666667,0.0,0.0,-0.0009327046795502003,-0.0,0.0,-0.0,1.0515019125847067,2.707426078492312
2023-03-28,000985.CSI,中证全指,two_speed_category_strong0p25,primary,-0.166666666667,-0.166666666667,0.0,0.0,-0.005655491479853225,-0.0,0.0,-0.0,1.0455551524770346,2.707426078492312
2023-03-29,000985.CSI,中证全指,two_speed_category_strong0p25,primary,-0.166666666667,-0.166666666667,0.0,0.0,-0.001031166503800196,-0.0,0.0,-0.0,1.0444770110259245,2.707426078492312
2023-03-30,000985.CSI,中证全指,two_speed_category_strong0p25,primary,-0.166666666667,-0.166666666667,0.0,0.0,0.0037412570667552103,0.0,0.0,0.0,1.0483846680244886,2.707426078492312
2023-03-31,000985.CSI,中证全指,two_speed_category_strong0p25,primary,-0.166666666667,-0.166666666667,0.0,0.0,0.006625462157057838,0.0,0.0,0.0,1.0553307009685244,2.707426078492312
2023-04-03,000985.CSI,中证全指,two_speed_category_strong0p25,primary,-0.166666666667,-0.166666666667,0.0,0.0,0.010830906266542595,0.0,0.0,0.0,1.0667608888709192,2.707426078492312
2023-04-04,000985.CSI,中证全指,two_speed_category_strong0p25,primary,-0.083333333333,-0.166666666667,0.0,0.0,-0.0007249586336064429,-0.0,0.0,-0.0,1.0659875313545386,2.707426078492312
2023-04-06,000985.CSI,中证全指,two_speed_category_strong0p25,primary,-0.083333333333,-0.166666666667,0.0,0.0,-0.00028917534784556054,-0.0,0.0,-0.0,1.0656792740393601,2.707426078492312
2023-04-07,000985.CSI,中证全指,two_speed_category_strong0p25,primary,-0.083333333333,-0.166666666667,0.0,0.0,0.007616951845667019,0.0,0.0,0.0,1.0737965017526434,2.707426078492312
2023-04-10,000985.CSI,中证全指,two_speed_category_strong0p25,primary,-0.083333333333,-0.083333333333,0.0,0.0,-0.008028264455622547,-0.0,0.0,-0.0,1.065175779465051,2.707426078492312
2023-04-11,000985.CSI,中证全指,two_speed_category_strong0p25,primary,-0.083333333333,-0.083333333333,0.0,0.0,0.0006651552064937949,0.0,0.0,0.0,1.065884286680593,2.707426078492312
2023-04-12,000985.CSI,中证全指,two_speed_category_strong0p25,primary,-0.083333333333,-0.083333333333,0.0,0.0,0.0029035072731882217,0.0,0.0,0.0,1.0689790894593472,2.707426078492312
2023-04-13,000985.CSI,中证全指,two_speed_category_strong0p25,primary,-0.083333333333,-0.083333333333,0.0,0.0,-0.006596055597121286,-0.0,0.0,-0.0,1.0619280439531131,2.707426078492312
2023-04-14,000985.CSI,中证全指,two_speed_category_strong0p25,primary,-0.083333333333,-0.083333333333,0.0,0.0,0.005106011932438426,0.0,0.0,0.0,1.0673502612169288,2.707426078492312
2023-04-17,000985.CSI,中证全指,two_speed_category_strong0p25,primary,-0.083333333333,-0.083333333333,0.0,0.0,0.007093707178901232,0.0,0.0,0.0,1.0749217314273254,2.707426078492312
2023-04-18,000985.CSI,中证全指,two_speed_category_strong0p25,primary,-0.083333333333,-0.083333333333,0.0,0.0,-0.00019279366534652453,-0.0,0.0,-0.0,1.074714493326763,2.707426078492312
2023-04-19,000985.CSI,中证全指,two_speed_category_strong0p25,primary,-0.083333333333,-0.083333333333,0.0,0.0,-0.006410909441651458,-0.0,0.0,-0.0,1.0678245960344148,2.707426078492312
2023-04-20,000985.CSI,中证全指,two_speed_category_strong0p25,primary,-0.083333333333,-0.083333333333,0.0,0.0,-0.002078457191475591,-0.0,0.0,-0.0,1.0656051683235526,2.707426078492312
2023-04-21,000985.CSI,中证全指,two_speed_category_strong0p25,primary,-0.25,-0.083333333333,0.0,0.0,-0.023398036657348964,-0.0,0.0,-0.0,1.0406720995328576,2.707426078492312
2023-04-24,000985.CSI,中证全指,two_speed_category_strong0p25,primary,-0.416666666667,-0.416666666667,0.0,0.0,-0.008889492904783913,-0.0,0.0,-0.0,1.0314210522878537,2.707426078492312
2023-04-25,000985.CSI,中证全指,two_speed_category_strong0p25,primary,-0.416666666667,-0.416666666667,0.0,0.0,-0.011487358966709271,-0.0,0.0,-0.0,1.0195727484144022,2.707426078492312
2023-04-26,000985.CSI,中证全指,two_speed_category_strong0p25,primary,-0.416666666667,-0.416666666667,0.0,0.0,0.002657472297750596,0.0,0.0,0.0,1.022282234748855,2.707426078492312
2023-04-27,000985.CSI,中证全指,two_speed_category_strong0p25,primary,-0.416666666667,-0.416666666667,0.0,0.0,0.0034880060424049564,0.0,0.0,0.0,1.025847961360702,2.707426078492312
2023-04-28,000985.CSI,中证全指,two_speed_category_strong0p25,primary,0.0,-0.416666666667,0.0,0.0,0.01348913546575492,0.0,0.0,0.0,1.039685763478765,2.707426078492312
2023-05-04,000985.CSI,中证全指,two_speed_category_strong0p25,primary,0.166666666667,0.166666666667,1.0,1.0,0.00234422017485314,0.00234422017485314,0.0005,0.00184422017485314,1.0421230158210195,2.712419168288191
2023-05-05,000985.CSI,中证全指,two_speed_category_strong0p25,primary,0.25,0.166666666667,1.0,0.0,-0.0067739229244210275,-0.0067739229244210275,0.0,-0.0067739229244210275,1.0350637548340826,2.6940454499034847
2023-05-08,000985.CSI,中证全指,two_speed_category_strong0p25,primary,0.25,0.25,1.0,0.0,0.009065277043728948,0.009065277043728948,0.0,0.009065277043728948,1.044446894529576,2.718467718275257
2023-05-09,000985.CSI,中证全指,two_speed_category_strong0p25,primary,0.333333333333,0.25,1.0,0.0,-0.011218359722920068,-0.011218359722920068,0.0,-0.011218359722920068,1.0327299135552563,2.6879709695164995
2023-05-10,000985.CSI,中证全指,two_speed_category_strong0p25,primary,0.166666666667,0.25,1.0,0.0,-0.002753153018163923,-0.002753153018163923,0.0,-0.002753153018163923,1.0298866500768036,2.680570574129038
2023-05-11,000985.CSI,中证全指,two_speed_category_strong0p25,primary,0.166666666667,0.25,1.0,0.0,-0.00025120710781012523,-0.00025120710781012523,0.0,-0.00025120710781012523,1.0296279352300655,2.67989719574783
2023-05-12,000985.CSI,中证全指,two_speed_category_strong0p25,primary,0.166666666667,0.25,1.0,0.0,-0.012443986878599489,-0.012443986878599489,0.0,-0.012443986878599489,1.016815258714223,2.6465485902079484
2023-05-15,000985.CSI,中证全指,two_speed_category_strong0p25,primary,0.166666666667,0.166666666667,1.0,0.0,0.012167477877540911,0.012167477877540911,0.0,0.012167477877540911,1.0291873358801744,2.6787504116311407
2023-05-16,000985.CSI,中证全指,two_speed_category_strong0p25,primary,0.083333333333,0.166666666667,1.0,0.0,-0.007099346349013769,-0.007099346349013769,0.0,-0.007099346349013769,1.0218807785247424,2.659733034676408
2023-05-17,000985.CSI,中证全指,two_speed_category_strong0p25,primary,0.0,0.166666666667,1.0,0.0,0.0007442401731383441,0.0007442401731383441,0.0,0.0007442401731383441,1.0226413032522783,2.6617125148506373
2023-05-18,000985.CSI,中证全指,two_speed_category_strong0p25,primary,0.333333333333,0.166666666667,1.0,0.0,0.0015254058208544752,0.0015254058208544752,0.0,0.0015254058208544752,1.0242012462489056,2.6657727066142316
2023-05-19,000985.CSI,中证全指,two_speed_category_strong0p25,primary,0.25,0.166666666667,1.0,0.0,-0.0014984295305882078,-0.0014984295305882078,0.0,-0.0014984295305882078,1.022666552856261,2.6617782340688048
2023-05-22,000985.CSI,中证全指,two_speed_category_strong0p25,primary,0.25,0.25,1.0,0.0,0.0035572670679009377,0.0035572670679009377,0.0,0.0035572670679009377,1.0263044509061805,2.671246890122913
2023-05-23,000985.CSI,中证全指,two_speed_category_strong0p25,primary,0.333333333333,0.25,1.0,0.0,-0.012265456220720283,-0.012265456220720283,0.0,-0.012265456220720283,1.0137163585944604,2.6384828283373754
2023-05-24,000985.CSI,中证全指,two_speed_category_strong0p25,primary,0.333333333333,0.25,1.0,0.0,-0.008273360689137199,-0.008273360689137199,0.0,-0.008273360689137199,1.0053295175233297,2.6166537082264454
2023-05-25,000985.CSI,中证全指,two_speed_category_strong0p25,primary,0.25,0.25,1.0,0.0,-0.0019883853107623972,-0.0019883853107623972,0.0,-0.0019883853107623972,1.0033305350782105,2.611450792429656
2023-05-26,000985.CSI,中证全指,two_speed_category_strong0p25,primary,0.25,0.25,1.0,0.0,0.0037158509682837515,0.0037158509682837515,0.0,0.0037158509682837515,1.0070587618184894,2.621154554385331
2023-05-29,000985.CSI,中证全指,two_speed_category_strong0p25,primary,0.25,0.25,1.0,0.0,-0.003513946604856044,-0.003513946604856044,0.0,-0.003513946604856044,1.0035200111015068,2.6119439572381458
2023-05-30,000985.CSI,中证全指,two_speed_category_strong0p25,primary,0.083333333333,0.25,1.0,0.0,0.003381630917683065,0.003381630917683065,0.0,0.003381630917683065,1.0069135453975613,2.6207765876791975
2023-05-31,000985.CSI,中证全指,two_speed_category_strong0p25,primary,0.083333333333,0.25,1.0,0.0,-0.005461765811275776,-0.005461765811275776,0.0,-0.005461765811275776,1.0014140194203984,2.6064625197136193
2023-06-01,000985.CSI,中证全指,two_speed_category_strong0p25,primary,0.0,0.25,1.0,0.0,0.002122499592298377,0.002122499592298377,0.0,0.002122499592298377,1.0035395202683401,2.6119947353490525
2023-06-02,000985.CSI,中证全指,two_speed_category_strong0p25,primary,0.166666666667,0.25,1.0,0.0,0.010888962772379163,0.010888962772379163,0.0,0.010888962772379163,1.0144670247451533,2.640436648783919
2023-06-05,000985.CSI,中证全指,two_speed_category_strong0p25,primary,0.166666666667,0.166666666667,1.0,0.0,-0.001166445408206318,-0.001166445408206318,0.0,-0.001166445408206318,1.0132837043423626,2.637356723579285
2023-06-06,000985.CSI,中证全指,two_speed_category_strong0p25,primary,0.25,0.166666666667,1.0,0.0,-0.014885246596159196,-0.014885246596159196,0.0,-0.014885246596159196,0.9982007265313568,2.598099018386769
2023-06-07,000985.CSI,中证全指,two_speed_category_strong0p25,primary,0.5,0.166666666667,1.0,0.0,-0.0009534842179411696,-0.0009534842179411696,0.0,-0.0009534842179411696,0.9972489578922717,2.595621771976089
2023-06-08,000985.CSI,中证全指,two_speed_category_strong0p25,primary,0.5,0.166666666667,1.0,0.0,0.0009330167550087864,0.0009330167550087864,0.0,0.0009330167550087864,0.9981794078789002,2.598043530579008
2023-06-09,000985.CSI,中证全指,two_speed_category_strong0p25,primary,0.5,0.166666666667,1.0,0.0,0.005784183288247036,0.005784183288247036,0.0,0.005784183288247036,1.0039530605286258,2.6130710905507213
2023-06-12,000985.CSI,中证全指,two_speed_category_strong0p25,primary,0.5,0.5,1.0,0.0,0.003699003677748447,0.003699003677748447,0.0,0.003699003677748447,1.007666686591808,2.6227368501248867
2023-06-13,000985.CSI,中证全指,two_speed_category_strong0p25,primary,0.583333333333,0.5,1.0,0.0,0.004426631651671231,0.004426631651671231,0.0,0.004426631651671231,1.01212725584101,2.634346740079654
2023-06-14,000985.CSI,中证全指,two_speed_category_strong0p25,primary,0.5,0.5,1.0,0.0,0.0008639410936925884,0.0008639410936925884,0.0,0.0008639410936925884,1.0130016741693773,2.636622660483444
2023-06-15,000985.CSI,中证全指,two_speed_category_strong0p25,primary,0.666666666667,0.5,1.0,0.0,0.010514837034870439,0.010514837034870439,0.0,0.010514837034870439,1.0236532216893193,2.6643463180808737
2023-06-16,000985.CSI,中证全指,two_speed_category_strong0p25,primary,0.416666666667,0.5,1.0,0.0,0.008891747780573,0.008891747780573,0.0,0.008891747780573,1.0327552879513517,2.688037013541347
2023-06-19,000985.CSI,中证全指,two_speed_category_strong0p25,primary,0.5,0.5,1.0,0.0,-0.003139976197685579,-0.003139976197685579,0.0,-0.003139976197685579,1.0295124609291506,2.6795966413003294
2023-06-20,000985.CSI,中证全指,two_speed_category_strong0p25,primary,0.5,0.5,1.0,0.0,-0.0017118151264713388,-0.0017118151264713388,0.0,-0.0017118151264713388,1.0277501259256414,2.6750096672369095
2023-06-21,000985.CSI,中证全指,two_speed_category_strong0p25,primary,0.5,0.5,1.0,0.0,-0.017888668288724485,-0.017888668288724485,0.0,-0.017888668288724485,1.0093650448392628,2.6271573066305773
2023-06-26,000985.CSI,中证全指,two_speed_category_strong0p25,primary,0.416666666667,0.416666666667,1.0,0.0,-0.016947703506801526,-0.016947703506801526,0.0,-0.016947703506801526,0.9922586253291975,2.582633023532075
2023-06-27,000985.CSI,中证全指,two_speed_category_strong0p25,primary,0.416666666667,0.416666666667,1.0,0.0,0.012062084578824406,0.012062084578824406,0.0,0.012062084578824406,1.0042273327919864,2.613784961497984
2023-06-28,000985.CSI,中证全指,two_speed_category_strong0p25,primary,0.416666666667,0.416666666667,1.0,0.0,-0.002628822622654181,-0.002628822622654181,0.0,-0.002628822622654181,1.0015873972612552,2.6069137844604446
2023-06-29,000985.CSI,中证全指,two_speed_category_strong0p25,primary,0.416666666667,0.416666666667,1.0,0.0,0.0006342059117352417,0.0006342059117352417,0.0,0.0006342059117352417,1.0022226099097178,2.6085671045939334
2023-06-30,000985.CSI,中证全指,two_speed_category_strong0p25,primary,0.583333333333,0.416666666667,1.0,0.0,0.008552109419950327,0.008552109419950327,0.0,0.008552109419950327,1.0107937273328138,2.630875855901704
2023-07-03,000985.CSI,中证全指,two_speed_category_strong0p25,primary,0.583333333333,0.583333333333,1.0,0.0,0.00838547371954168,0.00838547371954168,0.0,0.00838547371954168,1.0192697115692406,2.652936996250744
2023-07-04,000985.CSI,中证全指,two_speed_category_strong0p25,primary,0.416666666667,0.583333333333,1.0,0.0,0.0028656840653769056,0.0028656840653769056,0.0,0.0028656840653769056,1.0221906165400059,2.6605394755273486
2023-07-05,000985.CSI,中证全指,two_speed_category_strong0p25,primary,0.416666666667,0.583333333333,1.0,0.0,-0.007473739027941684,-0.007473739027941684,0.0,-0.007473739027941684,1.014551030635175,2.6406552978137205
2023-07-06,000985.CSI,中证全指,two_speed_category_strong0p25,primary,0.333333333333,0.583333333333,1.0,0.0,-0.004300570474425003,-0.004300570474425003,0.0,-0.004300570474425003,1.010187882428028,2.629298973606809
2023-07-07,000985.CSI,中证全指,two_speed_category_strong0p25,primary,0.333333333333,0.583333333333,1.0,0.0,-0.005314002251811112,-0.005314002251811112,0.0,-0.005314002251811112,1.0048197417460532,2.615326872940378
2023-07-10,000985.CSI,中证全指,two_speed_category_strong0p25,primary,0.333333333333,0.333333333333,1.0,0.0,0.0029370114213544962,0.0029370114213544962,0.0,0.0029370114213544962,1.0077709088039637,2.623008117836779
2023-07-11,000985.CSI,中证全指,two_speed_category_strong0p25,primary,0.416666666667,0.333333333333,1.0,0.0,0.007053203305670719,0.007053203305670719,0.0,0.007053203305670719,1.0148789219092986,2.6415087273643065
2023-07-12,000985.CSI,中证全指,two_speed_category_strong0p25,primary,0.333333333333,0.333333333333,1.0,0.0,-0.0100631535716319,-0.0100631535716319,0.0,-0.0100631535716319,1.0046660394615132,2.6149268193800337
2023-07-13,000985.CSI,中证全指,two_speed_category_strong0p25,primary,0.416666666667,0.333333333333,1.0,0.0,0.012628688064138194,0.012628688064138194,0.0,0.012628688064138194,1.0173536534825058,2.6479499144925334
2023-07-14,000985.CSI,中证全指,two_speed_category_strong0p25,primary,0.416666666667,0.333333333333,1.0,0.0,-0.000345154512507273,-0.000345154512507273,0.0,-0.000345154512507273,1.0170025092781907,2.647035962630653
2023-07-17,000985.CSI,中证全指,two_speed_category_strong0p25,primary,0.5,0.5,1.0,0.0,-0.00549384566988198,-0.00549384566988198,0.0,-0.00549384566988198,1.0114152544463335,2.632493555569333
2023-07-18,000985.CSI,中证全指,two_speed_category_strong0p25,primary,0.5,0.5,1.0,0.0,-0.002325905301357678,-0.002325905301357678,0.0,-0.002325905301357678,1.0090627983441427,2.6263706248526444
2023-07-19,000985.CSI,中证全指,two_speed_category_strong0p25,primary,0.5,0.5,1.0,0.0,-0.001499741289938239,-0.001499741289938239,0.0,-0.001499741289938239,1.0075494652013253,2.622431748383872
2023-07-20,000985.CSI,中证全指,two_speed_category_strong0p25,primary,0.5,0.5,1.0,0.0,-0.009782416178704234,-0.009782416178704234,0.0,-0.009782416178704234,0.997693197012095,2.5967780296209337
2023-07-21,000985.CSI,中证全指,two_speed_category_strong0p25,primary,0.416666666667,0.5,1.0,0.0,-0.0011219942625089185,-0.0011219942625089185,0.0,-0.0011219942625089185,0.9965737909693033,2.59386445957069
2023-07-24,000985.CSI,中证全指,two_speed_category_strong0p25,primary,0.416666666667,0.416666666667,1.0,0.0,-0.0024417914721478473,-0.0024417914721478473,0.0,-0.0024417914721478473,0.9941403655851484,2.5875307834534027
2023-07-25,000985.CSI,中证全指,two_speed_category_strong0p25,primary,0.416666666667,0.416666666667,1.0,0.0,0.022153706901830716,0.022153706901830716,0.0,0.022153706901830716,1.0161642598636007,2.6448541820294937
2023-07-26,000985.CSI,中证全指,two_speed_category_strong0p25,primary,0.416666666667,0.416666666667,1.0,0.0,-0.0037214008785901864,-0.0037214008785901864,0.0,-0.0037214008785901864,1.0123827052941523,2.6350116193527464
2023-07-27,000985.CSI,中证全指,two_speed_category_strong0p25,primary,0.25,0.416666666667,1.0,0.0,-0.0042030538596128375,-0.0042030538596128375,0.0,-0.0042030538596128375,1.0081276062572604,2.6239365235959013
2023-07-28,000985.CSI,中证全指,two_speed_category_strong0p25,primary,0.333333333333,0.416666666667,1.0,0.0,0.015977660913222946,0.015977660913222946,0.0,0.015977660913222946,1.024235127307298,2.6658608916277378
2023-07-31,000985.CSI,中证全指,two_speed_category_strong0p25,primary,0.0,0.0,0.0,1.0,0.007193819919778521,0.0,0.0005,-0.0005,1.0316032903686583,2.664527961181924
2023-08-01,000985.CSI,中证全指,two_speed_category_strong0p25,primary,0.0,0.0,0.0,0.0,-0.002331840514270267,-0.0,0.0,-0.0,1.0291977560215222,2.664527961181924
2023-08-02,000985.CSI,中证全指,two_speed_category_strong0p25,primary,0.0,0.0,0.0,0.0,-0.0044605517172501274,-0.0,0.0,-0.0,1.0246069662035104,2.664527961181924
2023-08-03,000985.CSI,中证全指,two_speed_category_strong0p25,primary,-0.25,0.0,0.0,0.0,0.004532523596177507,0.0,0.0,0.0,1.0292510214546358,2.664527961181924
2023-08-04,000985.CSI,中证全指,two_speed_category_strong0p25,primary,-0.25,0.0,0.0,0.0,0.00377413165448659,0.0,0.0,0.0,1.0331355503151203,2.664527961181924
2023-08-07,000985.CSI,中证全指,two_speed_category_strong0p25,primary,-0.25,-0.25,0.0,0.0,-0.0065389090332521604,-0.0,0.0,-0.0,1.0263799709325907,2.664527961181924
2023-08-08,000985.CSI,中证全指,two_speed_category_strong0p25,primary,-0.083333333333,-0.25,0.0,0.0,-0.003370652409373287,-0.0,0.0,-0.0,1.0229204008106343,2.664527961181924
2023-08-09,000985.CSI,中证全指,two_speed_category_strong0p25,primary,-0.083333333333,-0.25,0.0,0.0,-0.0058534657433635395,-0.0,0.0,-0.0,1.0169327712863014,2.664527961181924
2023-08-10,000985.CSI,中证全指,two_speed_category_strong0p25,primary,-0.083333333333,-0.25,0.0,0.0,0.001925631542086803,0.0,0.0,0.0,1.0188910091068721,2.664527961181924
2023-08-11,000985.CSI,中证全指,two_speed_category_strong0p25,primary,-0.083333333333,-0.25,0.0,0.0,-0.020462339115217443,-0.0,0.0,-0.0,0.9980421157570812,2.664527961181924
2023-08-14,000985.CSI,中证全指,two_speed_category_strong0p25,primary,-0.083333333333,-0.083333333333,0.0,0.0,-0.001993817882934512,-0.0,0.0,-0.0,0.996052201538763,2.664527961181924
2023-08-15,000985.CSI,中证全指,two_speed_category_strong0p25,primary,-0.083333333333,-0.083333333333,0.0,0.0,-0.0050209905368434615,-0.0,0.0,-0.0,0.9910510328606347,2.664527961181924
2023-08-16,000985.CSI,中证全指,two_speed_category_strong0p25,primary,-0.083333333333,-0.083333333333,0.0,0.0,-0.008846121494668124,-0.0,0.0,-0.0,0.9822840750165331,2.664527961181924
2023-08-17,000985.CSI,中证全指,two_speed_category_strong0p25,primary,-0.083333333333,-0.083333333333,0.0,0.0,0.006939162022776113,0.0,0.0,0.0,0.9891003033654656,2.664527961181924
2023-08-18,000985.CSI,中证全指,two_speed_category_strong0p25,primary,0.083333333333,-0.083333333333,0.0,0.0,-0.01511982581342941,-0.0,0.0,-0.0,0.9741452790665696,2.664527961181924
2023-08-21,000985.CSI,中证全指,two_speed_category_strong0p25,primary,-0.083333333333,-0.083333333333,0.0,0.0,-0.011449228415529422,-0.0,0.0,-0.0,0.9629920672566268,2.664527961181924
2023-08-22,000985.CSI,中证全指,two_speed_category_strong0p25,primary,-0.083333333333,-0.083333333333,0.0,0.0,0.006767792449958732,0.0,0.0,0.0,0.9695093976987763,2.664527961181924
2023-08-23,000985.CSI,中证全指,two_speed_category_strong0p25,primary,-0.083333333333,-0.083333333333,0.0,0.0,-0.017575566125823894,-0.0,0.0,-0.0,0.9524697211699138,2.664527961181924
2023-08-24,000985.CSI,中证全指,two_speed_category_strong0p25,primary,-0.166666666667,-0.083333333333,0.0,0.0,0.00455314618448921,0.0,0.0,0.0,0.9568064550467001,2.664527961181924
2023-08-25,000985.CSI,中证全指,two_speed_category_strong0p25,primary,-0.166666666667,-0.083333333333,0.0,0.0,-0.01093512632094551,-0.0,0.0,-0.0,0.9463436555960684,2.664527961181924
2023-08-28,000985.CSI,中证全指,two_speed_category_strong0p25,primary,-0.333333333333,-0.333333333333,0.0,0.0,0.010557829381153683,0.0,0.0,0.0,0.9563349904477889,2.664527961181924
2023-08-29,000985.CSI,中证全指,two_speed_category_strong0p25,primary,-0.166666666667,-0.333333333333,0.0,0.0,0.02006485350871179,0.0,0.0,0.0,0.9755237119363791,2.664527961181924
2023-08-30,000985.CSI,中证全指,two_speed_category_strong0p25,primary,-0.166666666667,-0.333333333333,0.0,0.0,0.0022092122909544987,0.0,0.0,0.0,0.9776788509109066,2.664527961181924
2023-08-31,000985.CSI,中证全指,two_speed_category_strong0p25,primary,-0.166666666667,-0.333333333333,0.0,0.0,-0.006034195675932774,-0.0,0.0,-0.0,0.9717793454162891,2.664527961181924
2023-09-01,000985.CSI,中证全指,two_speed_category_strong0p25,primary,-0.083333333333,-0.333333333333,0.0,0.0,0.0038483950363412678,0.0,0.0,0.0,0.975519136225608,2.664527961181924
2023-09-04,000985.CSI,中证全指,two_speed_category_strong0p25,primary,-0.083333333333,-0.083333333333,0.0,0.0,0.014835493301771363,0.0,0.0,0.0,0.9899914438368328,2.664527961181924
2023-09-05,000985.CSI,中证全指,two_speed_category_strong0p25,primary,-0.25,-0.083333333333,0.0,0.0,-0.006453971869976316,-0.0,0.0,-0.0,0.9836020669067926,2.664527961181924
2023-09-06,000985.CSI,中证全指,two_speed_category_strong0p25,primary,-0.333333333333,-0.083333333333,0.0,0.0,0.0007740494866419478,0.0,0.0,0.0,0.9843634235817418,2.664527961181924
2023-09-07,000985.CSI,中证全指,two_speed_category_strong0p25,primary,0.166666666667,-0.083333333333,0.0,0.0,-0.015320605349593674,-0.0,0.0,-0.0,0.969282380048471,2.664527961181924
2023-09-08,000985.CSI,中证全指,two_speed_category_strong0p25,primary,0.166666666667,-0.083333333333,0.0,0.0,-0.0011930332471729033,-0.0,0.0,-0.0,0.9681259939431743,2.664527961181924
2023-09-11,000985.CSI,中证全指,two_speed_category_strong0p25,primary,0.166666666667,0.166666666667,1.0,1.0,0.009487950373920473,0.009487950373920473,0.0005,0.008987950373920472,0.9773115253294096,2.6884766062669505
2023-09-12,000985.CSI,中证全指,two_speed_category_strong0p25,primary,0.166666666667,0.166666666667,1.0,0.0,-0.001160652126543149,-0.001160652126543149,0.0,-0.001160652126543149,0.9761772066292409,2.6853562201767254
2023-09-13,000985.CSI,中证全指,two_speed_category_strong0p25,primary,0.166666666667,0.166666666667,1.0,0.0,-0.008974899798257496,-0.008974899798257496,0.0,-0.008974899798257496,0.9674161140144005,2.661255417178012
2023-09-14,000985.CSI,中证全指,two_speed_category_strong0p25,primary,0.166666666667,0.166666666667,1.0,0.0,-0.0031114736356222528,-0.0031114736356222528,0.0,-0.0031114736356222528,0.9644060242809686,2.6529749911098057
2023-09-15,000985.CSI,中证全指,two_speed_category_strong0p25,primary,0.166666666667,0.166666666667,1.0,0.0,-0.0025288015457872737,-0.0025288015457872737,0.0,-0.0025288015457872737,0.9619672328360003,2.6462661438513524
2023-09-18,000985.CSI,中证全指,two_speed_category_strong0p25,primary,0.166666666667,0.166666666667,1.0,0.0,0.004225476844480491,0.004225476844480491,0.0,0.004225476844480491,0.9660320031034978,2.657447880166529
2023-09-19,000985.CSI,中证全指,two_speed_category_strong0p25,primary,0.083333333333,0.166666666667,1.0,0.0,-0.005335913260901659,-0.005335913260901659,0.0,-0.005335913260901659,0.9608773401276824,2.6432679687825935
2023-09-20,000985.CSI,中证全指,two_speed_category_strong0p25,primary,0.083333333333,0.166666666667,1.0,0.0,-0.00581495950145694,-0.00581495950145694,0.0,-0.00581495950145694,0.9552898773089723,2.6278974725926245
2023-09-21,000985.CSI,中证全指,two_speed_category_strong0p25,primary,0.083333333333,0.166666666667,1.0,0.0,-0.007749285161445019,-0.007749285161445019,0.0,-0.007749285161445019,0.9478870636378632,2.6075331457024635
2023-09-22,000985.CSI,中证全指,two_speed_category_strong0p25,primary,0.083333333333,0.166666666667,1.0,0.0,0.0180845928898552,0.0180845928898552,0.0,0.0180845928898552,0.9650292152893143,2.654689321089296
2023-09-25,000985.CSI,中证全指,two_speed_category_strong0p25,primary,-0.083333333333,-0.083333333333,0.0,1.0,-0.0053290222232719175,-0.0,0.0005,-0.0005,0.9598865531549309,2.6533619764287515
2023-09-26,000985.CSI,中证全指,two_speed_category_strong0p25,primary,-0.083333333333,-0.083333333333,0.0,0.0,-0.004881269998214033,-0.0,0.0,-0.0,0.9552010877213266,2.6533619764287515
2023-09-27,000985.CSI,中证全指,two_speed_category_strong0p25,primary,-0.083333333333,-0.083333333333,0.0,0.0,0.003566430472373483,0.0,0.0,0.0,0.9586077459878203,2.6533619764287515
2023-09-28,000985.CSI,中证全指,two_speed_category_strong0p25,primary,-0.25,-0.083333333333,0.0,0.0,0.002696560524943603,0.0,0.0,0.0,0.9611926897945562,2.6533619764287515
2023-10-09,000985.CSI,中证全指,two_speed_category_strong0p25,primary,-0.25,-0.25,0.0,0.0,-0.002562334428265922,-0.0,0.0,-0.0,0.958729792673298,2.6533619764287515
2023-10-10,000985.CSI,中证全指,two_speed_category_strong0p25,primary,-0.083333333333,-0.25,0.0,0.0,-0.004838109383410449,-0.0,0.0,-0.0,0.9540913530672103,2.6533619764287515
2023-10-11,000985.CSI,中证全指,two_speed_category_strong0p25,primary,-0.083333333333,-0.25,0.0,0.0,0.002287069540046094,0.0,0.0,0.0,0.9562734263392316,2.6533619764287515
2023-10-12,000985.CSI,中证全指,two_speed_category_strong0p25,primary,-0.166666666667,-0.25,0.0,0.0,0.008083307541782991,0.0,0.0,0.0,0.9640032785383662,2.6533619764287515
2023-10-13,000985.CSI,中证全指,two_speed_category_strong0p25,primary,-0.166666666667,-0.25,0.0,0.0,-0.007506875894688458,-0.0,0.0,-0.0,0.9567666255643059,2.6533619764287515
2023-10-16,000985.CSI,中证全指,two_speed_category_strong0p25,primary,-0.083333333333,-0.083333333333,0.0,0.0,-0.008703775195237351,-0.0,0.0,-0.0,0.9484391439410884,2.6533619764287515
2023-10-17,000985.CSI,中证全指,two_speed_category_strong0p25,primary,0.083333333333,-0.083333333333,0.0,0.0,0.0013508061394726933,0.0,0.0,0.0,0.9497203013596403,2.6533619764287515
2023-10-18,000985.CSI,中证全指,two_speed_category_strong0p25,primary,0.083333333333,-0.083333333333,0.0,0.0,-0.011902519782308829,-0.0,0.0,-0.0,0.9384162366850468,2.6533619764287515
2023-10-19,000985.CSI,中证全指,two_speed_category_strong0p25,primary,0.083333333333,-0.083333333333,0.0,0.0,-0.01595260818736366,-0.0,0.0,-0.0,0.92344605014455,2.6533619764287515
2023-10-20,000985.CSI,中证全指,two_speed_category_strong0p25,primary,0.0,-0.083333333333,0.0,0.0,-0.008385727047512614,-0.0,0.0,-0.0,0.9157022836249341,2.6533619764287515
2023-10-23,000985.CSI,中证全指,two_speed_category_strong0p25,primary,0.25,0.25,1.0,1.0,-0.017163653764556197,-0.017163653764556197,0.0005,-0.017663653764556198,0.8999854866773823,2.606493909165075
2023-10-24,000985.CSI,中证全指,two_speed_category_strong0p25,primary,0.333333333333,0.25,1.0,0.0,0.010721872074560101,0.010721872074560101,0.0,0.010721872074560101,0.9096350159344979,2.6344404034222633
2023-10-25,000985.CSI,中证全指,two_speed_category_strong0p25,primary,0.333333333333,0.25,1.0,0.0,0.008231261319681993,0.008231261319681993,0.0,0.008231261319681993,0.9171224594561879,2.65612517081396
2023-10-26,000985.CSI,中证全指,two_speed_category_strong0p25,primary,0.25,0.25,1.0,0.0,0.0037599319454471036,0.0037599319454471036,0.0,0.0037599319454471036,0.9205707774893842,2.66611202069481
2023-10-27,000985.CSI,中证全指,two_speed_category_strong0p25,primary,0.416666666667,0.25,1.0,0.0,0.014459408606328994,0.014459408606328994,0.0,0.014459408606328994,0.9338816865121492,2.7046624237922816
2023-10-30,000985.CSI,中证全指,two_speed_category_strong0p25,primary,0.416666666667,0.416666666667,1.0,0.0,0.009691143599576346,0.009691143599576346,0.0,0.009691143599576346,0.9429320680411529,2.7308736957296307
2023-10-31,000985.CSI,中证全指,two_speed_category_strong0p25,primary,0.25,0.416666666667,1.0,0.0,-0.004073439162374237,-0.004073439162374237,0.0,-0.004073439162374237,0.9390910916277355,2.719749647869948
2023-11-01,000985.CSI,中证全指,two_speed_category_strong0p25,primary,0.25,0.416666666667,1.0,0.0,-0.00047557704884160223,-0.00047557704884160223,0.0,-0.00047557704884160223,0.9386444814577858,2.718456197358826
2023-11-02,000985.CSI,中证全指,two_speed_category_strong0p25,primary,0.25,0.416666666667,1.0,0.0,-0.007796633506973238,-0.007796633506973238,0.0,-0.007796633506973238,0.9313262144425165,2.697261390683259
2023-11-03,000985.CSI,中证全指,two_speed_category_strong0p25,primary,0.416666666667,0.416666666667,1.0,0.0,0.010240535061212475,0.010240535061212475,0.0,0.010240535061212475,0.9408634931949413,2.724882790523806
2023-11-06,000985.CSI,中证全指,two_speed_category_strong0p25,primary,0.416666666667,0.416666666667,1.0,0.0,0.017096612370832487,0.017096612370832487,0.0,0.017096612370832487,0.9569490716319626,2.771469055349344
2023-11-07,000985.CSI,中证全指,two_speed_category_strong0p25,primary,0.416666666667,0.416666666667,1.0,0.0,0.0005665280919451288,0.0005665280919451288,0.0,0.0005665280919451288,0.957491210163603,2.773039170425156
2023-11-08,000985.CSI,中证全指,two_speed_category_strong0p25,primary,0.416666666667,0.416666666667,1.0,0.0,0.00014112824965062387,0.00014112824965062387,0.0,0.00014112824965062387,0.9576263392221492,2.773430524589491
2023-11-09,000985.CSI,中证全指,two_speed_category_strong0p25,primary,0.416666666667,0.416666666667,1.0,0.0,-0.002983929808713426,-0.002983929808713426,0.0,-0.002983929808713426,0.9547688494429352,2.7651548025747723
2023-11-10,000985.CSI,中证全指,two_speed_category_strong0p25,primary,0.416666666667,0.416666666667,1.0,0.0,-0.004931592791673989,-0.004931592791673989,0.0,-0.004931592791673989,0.9500603182673075,2.751518185082532
2023-11-13,000985.CSI,中证全指,two_speed_category_strong0p25,primary,0.416666666667,0.416666666667,1.0,0.0,0.0037987809854465038,0.0037987809854465038,0.0,0.0037987809854465038,0.9536693893393686,2.761970600045134
2023-11-14,000985.CSI,中证全指,two_speed_category_strong0p25,primary,0.416666666667,0.416666666667,1.0,0.0,0.0035000140014516123,0.0035000140014516123,0.0,0.0035000140014516123,0.9570072455548122,2.7716375358168897
2023-11-15,000985.CSI,中证全指,two_speed_category_strong0p25,primary,0.333333333333,0.416666666667,1.0,0.0,0.0060949031827444156,0.0060949031827444156,0.0,0.0060949031827444156,0.9628401120616537,2.7885303982553538
2023-11-16,000985.CSI,中证全指,two_speed_category_strong0p25,primary,0.5,0.416666666667,1.0,0.0,-0.00895736222481891,-0.00895736222481891,0.0,-0.00895736222481891,0.9542156044133322,2.763552521403262
2023-11-17,000985.CSI,中证全指,two_speed_category_strong0p25,primary,0.583333333333,0.416666666667,1.0,0.0,0.0032134990894459037,0.0032134990894459037,0.0,0.0032134990894459037,0.9572819753892495,2.7724331949144276
2023-11-20,000985.CSI,中证全指,two_speed_category_strong0p25,primary,0.583333333333,0.583333333333,1.0,0.0,0.005446346822359338,0.005446346822359338,0.0,0.005446346822359338,0.9624956650340126,2.7875328276357534
2023-11-21,000985.CSI,中证全指,two_speed_category_strong0p25,primary,0.5,0.583333333333,1.0,0.0,-0.0021784587099938912,-0.0021784587099938912,0.0,-0.0021784587099938912,0.9603989079691879,2.7814603024679965
2023-11-22,000985.CSI,中证全指,two_speed_category_strong0p25,primary,0.5,0.583333333333,1.0,0.0,-0.010903837957353502,-0.010903837957353502,0.0,-0.010903837957353502,0.9499268739022726,2.751131710045074
2023-11-23,000985.CSI,中证全指,two_speed_category_strong0p25,primary,0.333333333333,0.583333333333,1.0,0.0,0.007281173104625394,0.007281173104625394,0.0,0.007281173104625394,0.9568434559078907,2.771163176259536
2023-11-24,000985.CSI,中证全指,two_speed_category_strong0p25,primary,0.333333333333,0.583333333333,1.0,0.0,-0.009198783340861993,-0.009198783340861993,0.0,-0.009198783340861993,0.9480416602658723,2.7456718465989494
2023-11-27,000985.CSI,中证全指,two_speed_category_strong0p25,primary,0.333333333333,0.333333333333,1.0,0.0,-0.003646476762099393,-0.003646476762099393,0.0,-0.003646476762099393,0.9445846483822107,2.7356598180139757
2023-11-28,000985.CSI,中证全指,two_speed_category_strong0p25,primary,0.0,0.333333333333,1.0,0.0,0.003937700341428929,0.003937700341428929,0.0,0.003937700341428929,0.9483041396746539,2.7464320266134026
2023-11-29,000985.CSI,中证全指,two_speed_category_strong0p25,primary,0.0,0.333333333333,1.0,0.0,-0.007101832862161039,-0.007101832862161039,0.0,-0.007101832862161039,0.9415694421721891,2.726927325393108
2023-11-30,000985.CSI,中证全指,two_speed_category_strong0p25,primary,-0.166666666667,0.333333333333,1.0,0.0,-0.001093534763150883,-0.001093534763150883,0.0,-0.001093534763150883,0.9405398032552532,2.7239453355662047
2023-12-01,000985.CSI,中证全指,two_speed_category_strong0p25,primary,-0.333333333333,0.333333333333,0.0,1.0,0.001997142131691776,0.0,0.0005,-0.0005,0.9424181949228674,2.7225833628984217
2023-12-04,000985.CSI,中证全指,two_speed_category_strong0p25,primary,-0.666666666667,-0.666666666667,0.0,0.0,-0.003333044149499531,-0.0,0.0,-0.0,0.9392770734718978,2.7225833628984217
2023-12-05,000985.CSI,中证全指,two_speed_category_strong0p25,primary,-0.666666666667,-0.666666666667,0.0,0.0,-0.01877235116088205,-0.0,0.0,-0.0,0.9216446344113177,2.7225833628984217
2023-12-06,000985.CSI,中证全指,two_speed_category_strong0p25,primary,-0.583333333333,-0.666666666667,0.0,0.0,0.0032367289161001622,0.0,0.0,0.0,0.9246277482498854,2.7225833628984217
2023-12-07,000985.CSI,中证全指,two_speed_category_strong0p25,primary,-0.583333333333,-0.666666666667,0.0,0.0,-0.0017368832919926191,-0.0,0.0,-0.0,0.9230217777626374,2.7225833628984217
2023-12-08,000985.CSI,中证全指,two_speed_category_strong0p25,primary,-0.583333333333,-0.666666666667,0.0,0.0,-0.0009489204452606259,-0.0,0.0,-0.0,0.9221459035262977,2.7225833628984217
2023-12-11,000985.CSI,中证全指,two_speed_category_strong0p25,primary,-0.5,-0.5,0.0,0.0,0.008910713778234491,0.0,0.0,0.0,0.930362881734392,2.7225833628984217
2023-12-12,000985.CSI,中证全指,two_speed_category_strong0p25,primary,-0.583333333333,-0.5,0.0,0.0,0.00228258135395909,0.0,0.0,0.0,0.9324865107006546,2.7225833628984217
2023-12-13,000985.CSI,中证全指,two_speed_category_strong0p25,primary,-0.666666666667,-0.5,0.0,0.0,-0.012037360287689425,-0.0,0.0,-0.0,0.9212618346079404,2.7225833628984217
2023-12-14,000985.CSI,中证全指,two_speed_category_strong0p25,primary,-0.5,-0.5,0.0,0.0,-0.004381811862916418,-0.0,0.0,-0.0,0.9172250385722032,2.7225833628984217
2023-12-15,000985.CSI,中证全指,two_speed_category_strong0p25,primary,-0.5,-0.5,0.0,0.0,-0.004536016831690803,-0.0,0.0,-0.0,0.9130644903587914,2.7225833628984217
2023-12-18,000985.CSI,中证全指,two_speed_category_strong0p25,primary,-0.5,-0.5,0.0,0.0,-0.009028429225205081,-0.0,0.0,-0.0,0.9048209522295392,2.7225833628984217
2023-12-19,000985.CSI,中证全指,two_speed_category_strong0p25,primary,-0.5,-0.5,0.0,0.0,0.0009572966307254127,0.0,0.0,0.0,0.9056871342785183,2.7225833628984217
2023-12-20,000985.CSI,中证全指,two_speed_category_strong0p25,primary,-0.75,-0.5,0.0,0.0,-0.01246893960310791,-0.0,0.0,-0.0,0.8943941761018877,2.7225833628984217
2023-12-21,000985.CSI,中证全指,two_speed_category_strong0p25,primary,-0.75,-0.5,0.0,0.0,0.008000220824688986,0.0,0.0,0.0,0.9015495270150186,2.7225833628984217
2023-12-22,000985.CSI,中证全指,two_speed_category_strong0p25,primary,-0.583333333333,-0.5,0.0,0.0,-0.005595957797437157,-0.0,0.0,-0.0,0.8965044939095431,2.7225833628984217
2023-12-25,000985.CSI,中证全指,two_speed_category_strong0p25,primary,-0.416666666667,-0.416666666667,0.0,0.0,0.0009623954694402137,0.0,0.0,0.0,0.8973672857728144,2.7225833628984217
2023-12-26,000985.CSI,中证全指,two_speed_category_strong0p25,primary,-0.416666666667,-0.416666666667,0.0,0.0,-0.010219795234183038,-0.0,0.0,-0.0,0.8881963758623617,2.7225833628984217
2023-12-27,000985.CSI,中证全指,two_speed_category_strong0p25,primary,-0.583333333333,-0.416666666667,0.0,0.0,0.005205031569545104,0.0,0.0,0.0,0.8928194660386808,2.7225833628984217
2023-12-28,000985.CSI,中证全指,two_speed_category_strong0p25,primary,-0.666666666667,-0.416666666667,0.0,0.0,0.02029029653927039,0.0,0.0,0.0,0.9109350377606387,2.7225833628984217
2023-12-29,000985.CSI,中证全指,two_speed_category_strong0p25,primary,-0.583333333333,-0.416666666667,0.0,0.0,0.009631710982594077,0.0,0.0,0.0,0.9197089007682676,2.7225833628984217
2024-01-02,000985.CSI,中证全指,two_speed_category_strong0p25,primary,-0.583333333333,-0.583333333333,0.0,0.0,-0.007038603203029847,-0.0,0.0,-0.0,0.913235434753465,2.7225833628984217
2024-01-03,000985.CSI,中证全指,two_speed_category_strong0p25,primary,-0.583333333333,-0.583333333333,0.0,0.0,-0.003190192292691796,-0.0,0.0,-0.0,0.9103220381081015,2.7225833628984217
2024-01-04,000985.CSI,中证全指,two_speed_category_strong0p25,primary,-0.583333333333,-0.583333333333,0.0,0.0,-0.007499249056090673,-0.0,0.0,-0.0,0.9034953064230808,2.7225833628984217
2024-01-05,000985.CSI,中证全指,two_speed_category_strong0p25,primary,-0.583333333333,-0.583333333333,0.0,0.0,-0.011789681496463533,-0.0,0.0,-0.0,0.892843384526803,2.7225833628984217
2024-01-08,000985.CSI,中证全指,two_speed_category_strong0p25,primary,-0.5,-0.5,0.0,0.0,-0.017160504283976197,-0.0,0.0,-0.0,0.877521741801711,2.7225833628984217
2024-01-09,000985.CSI,中证全指,two_speed_category_strong0p25,primary,-0.5,-0.5,0.0,0.0,0.002829025153390008,0.0,0.0,0.0,0.8800042728819147,2.7225833628984217
2024-01-10,000985.CSI,中证全指,two_speed_category_strong0p25,primary,-0.666666666667,-0.5,0.0,0.0,-0.006393792076363258,-0.0,0.0,-0.0,0.8743777085347966,2.7225833628984217
2024-01-11,000985.CSI,中证全指,two_speed_category_strong0p25,primary,-0.333333333333,-0.5,0.0,0.0,0.01145752762835861,0.0,0.0,0.0,0.8843959152879549,2.7225833628984217
2024-01-12,000985.CSI,中证全指,two_speed_category_strong0p25,primary,-0.333333333333,-0.5,0.0,0.0,-0.00519430986355629,-0.0,0.0,-0.0,0.8798020888618858,2.7225833628984217
2024-01-15,000985.CSI,中证全指,two_speed_category_strong0p25,primary,-0.166666666667,-0.166666666667,0.0,0.0,-0.0015898970921413014,-0.0,0.0,-0.0,0.8784032940791444,2.7225833628984217
2024-01-16,000985.CSI,中证全指,two_speed_category_strong0p25,primary,-0.083333333333,-0.166666666667,0.0,0.0,0.0011979798926433638,0.0,0.0,0.0,0.8794556035630829,2.7225833628984217
2024-01-17,000985.CSI,中证全指,two_speed_category_strong0p25,primary,-0.333333333333,-0.166666666667,0.0,0.0,-0.02388519094795527,-0.0,0.0,-0.0,0.8584496385417295,2.7225833628984217
2024-01-18,000985.CSI,中证全指,two_speed_category_strong0p25,primary,-0.416666666667,-0.166666666667,0.0,0.0,0.004744704358599083,0.0,0.0,0.0,0.8625227282833563,2.7225833628984217
2024-01-19,000985.CSI,中证全指,two_speed_category_strong0p25,primary,-0.416666666667,-0.166666666667,0.0,0.0,-0.007061624699843727,-0.0,0.0,-0.0,0.8564319164811339,2.7225833628984217
2024-01-22,000985.CSI,中证全指,two_speed_category_strong0p25,primary,-0.416666666667,-0.416666666667,0.0,0.0,-0.03664257130169135,-0.0,0.0,-0.0,0.8250500489164299,2.7225833628984217
2024-01-23,000985.CSI,中证全指,two_speed_category_strong0p25,primary,-0.416666666667,-0.416666666667,0.0,0.0,0.0076175290770039705,0.0,0.0,0.0,0.8313348916540343,2.7225833628984217
2024-01-24,000985.CSI,中证全指,two_speed_category_strong0p25,primary,-0.333333333333,-0.416666666667,0.0,0.0,0.013968359204464376,0.0,0.0,0.0,0.8429472760398623,2.7225833628984217
2024-01-25,000985.CSI,中证全指,two_speed_category_strong0p25,primary,-0.333333333333,-0.416666666667,0.0,0.0,0.02686886950939904,0.0,0.0,0.0,0.8655963164030808,2.7225833628984217
2024-01-26,000985.CSI,中证全指,two_speed_category_strong0p25,primary,-0.333333333333,-0.416666666667,0.0,0.0,-0.004579022101052099,-0.0,0.0,-0.0,0.8616327317396818,2.7225833628984217
2024-01-29,000985.CSI,中证全指,two_speed_category_strong0p25,primary,-0.333333333333,-0.333333333333,0.0,0.0,-0.018539817336257314,-0.0,0.0,-0.0,0.8456582182822877,2.7225833628984217
2024-01-30,000985.CSI,中证全指,two_speed_category_strong0p25,primary,-0.333333333333,-0.333333333333,0.0,0.0,-0.023215303099186735,-0.0,0.0,-0.0,0.8260260064265462,2.7225833628984217
2024-01-31,000985.CSI,中证全指,two_speed_category_strong0p25,primary,-0.333333333333,-0.333333333333,0.0,0.0,-0.024401729922768567,-0.0,0.0,-0.0,0.8058695429085425,2.7225833628984217
2024-02-01,000985.CSI,中证全指,two_speed_category_strong0p25,primary,-0.333333333333,-0.333333333333,0.0,0.0,-0.004556552766483257,-0.0,0.0,-0.0,0.802197555813378,2.7225833628984217
2024-02-02,000985.CSI,中证全指,two_speed_category_strong0p25,primary,-0.333333333333,-0.333333333333,0.0,0.0,-0.02367214949545271,-0.0,0.0,-0.0,0.783207815347277,2.7225833628984217
2024-02-05,000985.CSI,中证全指,two_speed_category_strong0p25,primary,-0.333333333333,-0.333333333333,0.0,0.0,-0.026367939412058505,-0.0,0.0,-0.0,0.7625562391251494,2.7225833628984217
2024-02-06,000985.CSI,中证全指,two_speed_category_strong0p25,primary,0.0,-0.333333333333,0.0,0.0,0.044020655321650004,0.0,0.0,0.0,0.7961244644910512,2.7225833628984217
2024-02-07,000985.CSI,中证全指,two_speed_category_strong0p25,primary,0.0,-0.333333333333,0.0,0.0,0.017566629118194843,0.0,0.0,0.0,0.810109687690687,2.7225833628984217
2024-02-08,000985.CSI,中证全指,two_speed_category_strong0p25,primary,0.0,-0.333333333333,0.0,0.0,0.02320716308323445,0.0,0.0,0.0,0.8289100353282329,2.7225833628984217
2024-02-19,000985.CSI,中证全指,two_speed_category_strong0p25,primary,0.333333333333,0.333333333333,1.0,1.0,0.014079352660612443,0.014079352660612443,0.0005,0.013579352660612443,0.8405805520395399,2.759554282531136
2024-02-20,000985.CSI,中证全指,two_speed_category_strong0p25,primary,0.416666666667,0.333333333333,1.0,0.0,0.004064942985020803,0.004064942985020803,0.0,0.004064942985020803,0.8439974640578979,2.770771713353695
2024-02-21,000985.CSI,中证全指,two_speed_category_strong0p25,primary,0.583333333333,0.333333333333,1.0,0.0,0.010390058829405913,0.010390058829405913,0.0,0.010390058829405913,0.8527666473613289,2.799560194458294
2024-02-22,000985.CSI,中证全指,two_speed_category_strong0p25,primary,0.75,0.333333333333,1.0,0.0,0.012333580839564151,0.012333580839564151,0.0,0.012333580839564151,0.863284313743844,2.834088796431871
2024-02-23,000985.CSI,中证全指,two_speed_category_strong0p25,primary,0.75,0.333333333333,1.0,0.0,0.008900254771057714,0.008900254771057714,0.0,0.008900254771057714,0.8709677640760218,2.859312908763915
2024-02-26,000985.CSI,中证全指,two_speed_category_strong0p25,primary,0.833333333333,0.833333333333,1.0,0.0,-0.0012618654503546711,-0.0012618654503546711,0.0,-0.0012618654503546711,0.8698687199461617,2.8557048405925927
2024-02-27,000985.CSI,中证全指,two_speed_category_strong0p25,primary,0.833333333333,0.833333333333,1.0,0.0,0.019096600683041087,0.019096600683041087,0.0,0.019096600683041087,0.8864802555376416,2.9102390956020168
2024-02-28,000985.CSI,中证全指,two_speed_category_strong0p25,primary,0.833333333333,0.833333333333,1.0,0.0,-0.0295584876867514,-0.0295584876867514,0.0,-0.0295584876867514,0.860277239819784,2.824216829129162
2024-02-29,000985.CSI,中证全指,two_speed_category_strong0p25,primary,0.833333333333,0.833333333333,1.0,0.0,0.027850884833039213,0.027850884833039213,0.0,0.027850884833039213,0.8842367221504897,2.9028737667807696
2024-03-01,000985.CSI,中证全指,two_speed_category_strong0p25,primary,0.833333333333,0.833333333333,1.0,0.0,0.008255385017496009,0.008255385017496009,0.0,0.008255385017496009,0.8915364367384506,2.926838107382734
2024-03-04,000985.CSI,中证全指,two_speed_category_strong0p25,primary,0.833333333333,0.833333333333,1.0,0.0,0.0024255198374021347,0.0024255198374021347,0.0,0.0024255198374021347,0.8936988760515265,2.9339372112730553
2024-03-05,000985.CSI,中证全指,two_speed_category_strong0p25,primary,0.833333333333,0.833333333333,1.0,0.0,-0.002379924619158147,-0.002379924619158147,0.0,-0.002379924619158147,0.8915719400942975,2.9269546618728826
2024-03-06,000985.CSI,中证全指,two_speed_category_strong0p25,primary,0.75,0.833333333333,1.0,0.0,0.000317612172326065,0.000317612172326065,0.0,0.000317612172326065,0.8918551141949759,2.92788429830134
2024-03-07,000985.CSI,中证全指,two_speed_category_strong0p25,primary,0.75,0.833333333333,1.0,0.0,-0.008996169808275778,-0.008996169808275778,0.0,-0.008996169808275778,0.8838318341432987,2.9015445539748366
2024-03-08,000985.CSI,中证全指,two_speed_category_strong0p25,primary,0.75,0.833333333333,1.0,0.0,0.008509128018403977,0.008509128018403977,0.0,0.008509128018403977,0.8913524723667648,2.926234168035711
2024-03-11,000985.CSI,中证全指,two_speed_category_strong0p25,primary,0.75,0.75,1.0,0.0,0.015525737435427178,0.015525737435427178,0.0,0.015525737435427178,0.90519137681515,2.9716661114032092
2024-03-12,000985.CSI,中证全指,two_speed_category_strong0p25,primary,0.666666666667,0.75,1.0,0.0,0.0037294153494060733,0.0037294153494060733,0.0,0.0037294153494060733,0.9085672114299945,2.982748688612386
2024-03-13,000985.CSI,中证全指,two_speed_category_strong0p25,primary,0.666666666667,0.75,1.0,0.0,-0.0022986283932627805,-0.0022986283932627805,0.0,-0.0022986283932627805,0.906478753040614,2.9758924577867742
2024-03-14,000985.CSI,中证全指,two_speed_category_strong0p25,primary,0.666666666667,0.75,1.0,0.0,-0.0043000712380274475,-0.0043000712380274475,0.0,-0.0043000712380274475,0.902580829826781,2.9630959082215824
2024-03-15,000985.CSI,中证全指,two_speed_category_strong0p25,primary,0.666666666667,0.75,1.0,0.0,0.007470656547282406,0.007470656547282406,0.0,0.007470656547282406,0.909323701212578,2.9852321800685635
2024-03-18,000985.CSI,中证全指,two_speed_category_strong0p25,primary,0.666666666667,0.666666666667,1.0,0.0,0.013411977594180557,0.013411977594180557,0.0,0.013411977594180557,0.9215195303190984,3.02527004718107
2024-03-19,000985.CSI,中证全指,two_speed_category_strong0p25,primary,0.666666666667,0.666666666667,1.0,0.0,-0.00662724833198769,-0.00662724833198769,0.0,-0.00662724833198769,0.9154123915488971,3.005220831307077
2024-03-20,000985.CSI,中证全指,two_speed_category_strong0p25,primary,0.666666666667,0.666666666667,1.0,0.0,0.005274056231531432,0.005274056231531432,0.0,0.005274056231531432,0.9202403279769666,3.02107053495956
2024-03-21,000985.CSI,中证全指,two_speed_category_strong0p25,primary,0.5,0.666666666667,1.0,0.0,-0.0008713503319688343,-0.0008713503319688343,0.0,-0.0008713503319688343,0.9194384762616928,3.0184381241460216
2024-03-22,000985.CSI,中证全指,two_speed_category_strong0p25,primary,0.5,0.666666666667,1.0,0.0,-0.011267466211524524,-0.011267466211524524,0.0,-0.011267466211524524,0.9090787342968386,2.984427974570629
2024-03-25,000985.CSI,中证全指,two_speed_category_strong0p25,primary,0.333333333333,0.333333333333,1.0,0.0,-0.01413792305843875,-0.01413792305843875,0.0,-0.01413792305843875,0.896226249097287,2.942234361492697
2024-03-26,000985.CSI,中证全指,two_speed_category_strong0p25,primary,0.333333333333,0.333333333333,1.0,0.0,0.0011473984396199732,0.0011473984396199732,0.0,0.0011473984396199732,0.8972545776970476,2.94561027660807
2024-03-27,000985.CSI,中证全指,two_speed_category_strong0p25,primary,0.0,0.333333333333,1.0,0.0,-0.02141999833750463,-0.02141999833750463,0.0,-0.02141999833750463,0.8780353861344584,2.8825153093801887
2024-03-28,000985.CSI,中证全指,two_speed_category_strong0p25,primary,0.0,0.333333333333,1.0,0.0,0.012798303426281743,0.012798303426281743,0.0,0.012798303426281743,0.8892727494252197,2.919406614940539
2024-03-29,000985.CSI,中证全指,two_speed_category_strong0p25,primary,-0.166666666667,0.333333333333,1.0,0.0,0.008197571346377996,0.008197571346377996,0.0,0.008197571346377996,0.8965626262350227,2.943338658955602
2024-04-01,000985.CSI,中证全指,two_speed_category_strong0p25,primary,-0.333333333333,-0.333333333333,0.0,1.0,0.019014075701508704,0.0,0.0005,-0.0005,0.9136099358813988,2.9418669896261243
2024-04-02,000985.CSI,中证全指,two_speed_category_strong0p25,primary,-0.333333333333,-0.333333333333,0.0,0.0,-0.004064851216460608,-0.0,0.0,-0.0,0.9098962474221608,2.9418669896261243
2024-04-03,000985.CSI,中证全指,two_speed_category_strong0p25,primary,-0.333333333333,-0.333333333333,0.0,0.0,-0.004809112929326509,-0.0,0.0,-0.0,0.9055204536143372,2.9418669896261243
2024-04-08,000985.CSI,中证全指,two_speed_category_strong0p25,primary,-0.166666666667,-0.166666666667,0.0,0.0,-0.01385429888779044,-0.0,0.0,-0.0,0.8929751026009566,2.9418669896261243
2024-04-09,000985.CSI,中证全指,two_speed_category_strong0p25,primary,-0.333333333333,-0.166666666667,0.0,0.0,0.005134903032684157,0.0,0.0,0.0,0.8975604431634137,2.9418669896261243
2024-04-10,000985.CSI,中证全指,two_speed_category_strong0p25,primary,-0.333333333333,-0.166666666667,0.0,0.0,-0.013202556608471028,-0.0,0.0,-0.0,0.8857103506030244,2.9418669896261243
2024-04-11,000985.CSI,中证全指,two_speed_category_strong0p25,primary,-0.333333333333,-0.166666666667,0.0,0.0,0.0016173565665966727,0.0,0.0,0.0,0.8871428600546748,2.9418669896261243
2024-04-12,000985.CSI,中证全指,two_speed_category_strong0p25,primary,-0.166666666667,-0.166666666667,0.0,0.0,-0.0070339110505877045,-0.0,0.0,-0.0,0.8809027760878863,2.9418669896261243
2024-04-15,000985.CSI,中证全指,two_speed_category_strong0p25,primary,-0.416666666667,-0.416666666667,0.0,0.0,0.003312385022047115,0.0,0.0,0.0,0.8838206652492795,2.9418669896261243
2024-04-16,000985.CSI,中证全指,two_speed_category_strong0p25,primary,-0.25,-0.416666666667,0.0,0.0,-0.028935594392666242,-0.0,0.0,-0.0,0.8582467889637699,2.9418669896261243
2024-04-17,000985.CSI,中证全指,two_speed_category_strong0p25,primary,-0.25,-0.416666666667,0.0,0.0,0.030307960070155238,0.0,0.0,0.0,0.8842584983740228,2.9418669896261243
2024-04-18,000985.CSI,中证全指,two_speed_category_strong0p25,primary,-0.25,-0.416666666667,0.0,0.0,0.00042768318984931497,0.0,0.0,0.0,0.8846366808692587,2.9418669896261243
2024-04-19,000985.CSI,中证全指,two_speed_category_strong0p25,primary,-0.416666666667,-0.416666666667,0.0,0.0,-0.0063740413452069156,-0.0,0.0,-0.0,0.8789979700899114,2.9418669896261243
2024-04-22,000985.CSI,中证全指,two_speed_category_strong0p25,primary,-0.416666666667,-0.416666666667,0.0,0.0,-0.005162132041953482,-0.0,0.0,-0.0,0.8744604665036982,2.9418669896261243
2024-04-23,000985.CSI,中证全指,two_speed_category_strong0p25,primary,-0.416666666667,-0.416666666667,0.0,0.0,-0.0049251230127201895,-0.0,0.0,-0.0,0.8701536411364068,2.9418669896261243
2024-04-24,000985.CSI,中证全指,two_speed_category_strong0p25,primary,-0.583333333333,-0.416666666667,0.0,0.0,0.010267310569502808,0.0,0.0,0.0,0.879087778813138,2.9418669896261243
2024-04-25,000985.CSI,中证全指,two_speed_category_strong0p25,primary,-0.583333333333,-0.416666666667,0.0,0.0,0.0018951175690955502,0.0,0.0,0.0,0.880753753507544,2.9418669896261243
2024-04-26,000985.CSI,中证全指,two_speed_category_strong0p25,primary,-0.583333333333,-0.416666666667,0.0,0.0,0.016692718734230283,0.0,0.0,0.0,0.895455928188963,2.9418669896261243
2024-04-29,000985.CSI,中证全指,two_speed_category_strong0p25,primary,-0.416666666667,-0.416666666667,0.0,0.0,0.01751330850390831,0.0,0.0,0.0,0.9111383241109899,2.9418669896261243
2024-04-30,000985.CSI,中证全指,two_speed_category_strong0p25,primary,-0.416666666667,-0.416666666667,0.0,0.0,-0.006133196930497964,-0.0,0.0,-0.0,0.9055501333382934,2.9418669896261243
2024-05-06,000985.CSI,中证全指,two_speed_category_strong0p25,primary,-0.416666666667,-0.416666666667,0.0,0.0,0.017062797481677272,0.0,0.0,0.0,0.9210013518729505,2.9418669896261243
2024-05-07,000985.CSI,中证全指,two_speed_category_strong0p25,primary,-0.416666666667,-0.416666666667,0.0,0.0,0.0016726770488311171,0.0,0.0,0.0,0.9225418896961708,2.9418669896261243
2024-05-08,000985.CSI,中证全指,two_speed_category_strong0p25,primary,-0.25,-0.416666666667,0.0,0.0,-0.010755779985286651,-0.0,0.0,-0.0,0.9126192321033882,2.9418669896261243
2024-05-09,000985.CSI,中证全指,two_speed_category_strong0p25,primary,-0.25,-0.416666666667,0.0,0.0,0.012252710871229588,0.0,0.0,0.0,0.9238012916898747,2.9418669896261243
2024-05-10,000985.CSI,中证全指,two_speed_category_strong0p25,primary,-0.25,-0.416666666667,0.0,0.0,-0.003732185803460464,-0.0,0.0,-0.0,0.9203534936238112,2.9418669896261243
2024-05-13,000985.CSI,中证全指,two_speed_category_strong0p25,primary,-0.25,-0.25,0.0,0.0,-0.005609465606548958,-0.0,0.0,-0.0,0.9151908023554614,2.9418669896261243
2024-05-14,000985.CSI,中证全指,two_speed_category_strong0p25,primary,-0.083333333333,-0.25,0.0,0.0,0.00123229812851533,0.0,0.0,0.0,0.9163185902684384,2.9418669896261243
2024-05-15,000985.CSI,中证全指,two_speed_category_strong0p25,primary,-0.083333333333,-0.25,0.0,0.0,-0.008854776075019721,-0.0,0.0,-0.0,0.9082047943382336,2.9418669896261243
2024-05-16,000985.CSI,中证全指,two_speed_category_strong0p25,primary,-0.166666666667,-0.25,0.0,0.0,0.0019475133908291031,0.0,0.0,0.0,0.9099735353368226,2.9418669896261243
2024-05-17,000985.CSI,中证全指,two_speed_category_strong0p25,primary,-0.333333333333,-0.25,0.0,0.0,0.011351292629030896,0.0,0.0,0.0,0.9203029112211046,2.9418669896261243
2024-05-20,000985.CSI,中证全指,two_speed_category_strong0p25,primary,-0.333333333333,-0.333333333333,0.0,0.0,0.004366760908693035,0.0,0.0,0.0,0.9243216539979814,2.9418669896261243
2024-05-21,000985.CSI,中证全指,two_speed_category_strong0p25,primary,-0.25,-0.333333333333,0.0,0.0,-0.006655468386986496,-0.0,0.0,-0.0,0.9181698604503907,2.9418669896261243
2024-05-22,000985.CSI,中证全指,two_speed_category_strong0p25,primary,-0.25,-0.333333333333,0.0,0.0,0.00138564293605703,0.0,0.0,0.0,0.9194421160316243,2.9418669896261243
2024-05-23,000985.CSI,中证全指,two_speed_category_strong0p25,primary,-0.25,-0.333333333333,0.0,0.0,-0.016383134500162932,-0.0,0.0,-0.0,0.9043787721795638,2.9418669896261243
2024-05-24,000985.CSI,中证全指,two_speed_category_strong0p25,primary,-0.25,-0.333333333333,0.0,0.0,-0.010605853661071918,-0.0,0.0,-0.0,0.8947870632676475,2.9418669896261243
2024-05-27,000985.CSI,中证全指,two_speed_category_strong0p25,primary,-0.25,-0.25,0.0,0.0,0.009559630516287276,0.0,0.0,0.0,0.9033408969832399,2.9418669896261243
2024-05-28,000985.CSI,中证全指,two_speed_category_strong0p25,primary,-0.25,-0.25,0.0,0.0,-0.008720017564688098,-0.0,0.0,-0.0,0.8954637484946449,2.9418669896261243
2024-05-29,000985.CSI,中证全指,two_speed_category_strong0p25,primary,-0.5,-0.25,0.0,0.0,0.001356208152564653,0.0,0.0,0.0,0.8966781837306795,2.9418669896261243
2024-05-30,000985.CSI,中证全指,two_speed_category_strong0p25,primary,-0.333333333333,-0.25,0.0,0.0,-0.005276782913664846,-0.0,0.0,-0.0,0.8919466076117134,2.9418669896261243
2024-05-31,000985.CSI,中证全指,two_speed_category_strong0p25,primary,-0.416666666667,-0.25,0.0,0.0,-8.525173243956186e-05,-0.0,0.0,-0.0,0.891870567618171,2.9418669896261243
2024-06-03,000985.CSI,中证全指,two_speed_category_strong0p25,primary,-0.416666666667,-0.416666666667,0.0,0.0,-0.005497852982000118,-0.0,0.0,-0.0,0.8869671943584333,2.9418669896261243
2024-06-04,000985.CSI,中证全指,two_speed_category_strong0p25,primary,-0.5,-0.416666666667,0.0,0.0,0.005012152673436798,0.0,0.0,0.0,0.8914128093528877,2.9418669896261243
2024-06-05,000985.CSI,中证全指,two_speed_category_strong0p25,primary,-0.5,-0.416666666667,0.0,0.0,-0.010690869946994197,-0.0,0.0,-0.0,0.8818828309390112,2.9418669896261243
2024-06-06,000985.CSI,中证全指,two_speed_category_strong0p25,primary,-0.5,-0.416666666667,0.0,0.0,-0.01176505881609613,-0.0,0.0,-0.0,0.8715074275641084,2.9418669896261243
2024-06-07,000985.CSI,中证全指,two_speed_category_strong0p25,primary,-0.333333333333,-0.416666666667,0.0,0.0,0.000625267827030207,0.0,0.0,0.0,0.8720523531195821,2.9418669896261243
2024-06-11,000985.CSI,中证全指,two_speed_category_strong0p25,primary,-0.5,-0.5,0.0,0.0,-0.0019324682426482553,-0.0,0.0,-0.0,0.8703671396412518,2.9418669896261243
2024-06-12,000985.CSI,中证全指,two_speed_category_strong0p25,primary,-0.5,-0.5,0.0,0.0,0.003932806144179013,0.0,0.0,0.0,0.8737901248757244,2.9418669896261243
2024-06-13,000985.CSI,中证全指,two_speed_category_strong0p25,primary,-0.416666666667,-0.5,0.0,0.0,-0.005819889252056898,-0.0,0.0,-0.0,0.8687047631194067,2.9418669896261243
2024-06-14,000985.CSI,中证全指,two_speed_category_strong0p25,primary,-0.5,-0.5,0.0,0.0,0.0028857987728772017,0.0,0.0,0.0,0.8712116702588093,2.9418669896261243
2024-06-17,000985.CSI,中证全指,two_speed_category_strong0p25,primary,-0.5,-0.5,0.0,0.0,-0.0015828466047793643,-0.0,0.0,-0.0,0.869832675824496,2.9418669896261243
2024-06-18,000985.CSI,中证全指,two_speed_category_strong0p25,primary,-0.416666666667,-0.5,0.0,0.0,0.006095641378140115,0.0,0.0,0.0,0.8751348638753101,2.9418669896261243
2024-06-19,000985.CSI,中证全指,two_speed_category_strong0p25,primary,-0.416666666667,-0.5,0.0,0.0,-0.007148630477413542,-0.0,0.0,-0.0,0.8688788481155639,2.9418669896261243
2024-06-20,000985.CSI,中证全指,two_speed_category_strong0p25,primary,-0.5,-0.5,0.0,0.0,-0.012821532307495387,-0.0,0.0,-0.0,0.8577384898931508,2.9418669896261243
2024-06-21,000985.CSI,中证全指,two_speed_category_strong0p25,primary,-0.333333333333,-0.5,0.0,0.0,-0.0011715315268653326,-0.0,0.0,-0.0,0.8567336222104351,2.9418669896261243
2024-06-24,000985.CSI,中证全指,two_speed_category_strong0p25,primary,-0.333333333333,-0.333333333333,0.0,0.0,-0.017947077713676318,-0.0,0.0,-0.0,0.841357757312705,2.9418669896261243
2024-06-25,000985.CSI,中证全指,two_speed_category_strong0p25,primary,0.0,-0.333333333333,0.0,0.0,-0.005586633333373836,-0.0,0.0,-0.0,0.8366574000204092,2.9418669896261243
2024-06-26,000985.CSI,中证全指,two_speed_category_strong0p25,primary,0.0,-0.333333333333,0.0,0.0,0.014739280039981706,0.0,0.0,0.0,0.848989127736833,2.9418669896261243
2024-06-27,000985.CSI,中证全指,two_speed_category_strong0p25,primary,0.083333333333,-0.333333333333,0.0,0.0,-0.013978242924650996,-0.0,0.0,-0.0,0.83712175146894,2.9418669896261243
2024-06-28,000985.CSI,中证全指,two_speed_category_strong0p25,primary,0.083333333333,-0.333333333333,0.0,0.0,0.003749007858175668,0.0,0.0,0.0,0.8402601274934468,2.9418669896261243
2024-07-01,000985.CSI,中证全指,two_speed_category_strong0p25,primary,0.25,0.25,1.0,1.0,0.007541966612355067,0.007541966612355067,0.0005,0.007041966612355066,0.8465973413206956,2.962583518745061
2024-07-02,000985.CSI,中证全指,two_speed_category_strong0p25,primary,0.25,0.25,1.0,0.0,-0.003628382094029825,-0.003628382094029825,0.0,-0.003628382094029825,0.8435255626865944,2.9518341337535787
2024-07-03,000985.CSI,中证全指,two_speed_category_strong0p25,primary,0.25,0.25,1.0,0.0,-0.005624671863525665,-0.005624671863525665,0.0,-0.005624671863525665,0.8387810081879865,2.93523103535566
2024-07-04,000985.CSI,中证全指,two_speed_category_strong0p25,primary,0.25,0.25,1.0,0.0,-0.013126504222479185,-0.013126504222479185,0.0,-0.013126504222479185,0.8277707457422716,2.896701712776112
2024-07-05,000985.CSI,中证全指,two_speed_category_strong0p25,primary,0.333333333333,0.25,1.0,0.0,0.0023935162895039053,0.0023935162895039053,0.0,0.0023935162895039053,0.8297520285061806,2.9036350155114756
2024-07-08,000985.CSI,中证全指,two_speed_category_strong0p25,primary,0.333333333333,0.333333333333,1.0,0.0,-0.015364243935108046,-0.015364243935108046,0.0,-0.015364243935108046,0.8170035159345609,2.8590228588346362
2024-07-09,000985.CSI,中证全指,two_speed_category_strong0p25,primary,0.333333333333,0.333333333333,1.0,0.0,0.015509668190352599,0.015509668190352599,0.0,0.015509668190352599,0.8296749693770574,2.9033653547237948
2024-07-10,000985.CSI,中证全指,two_speed_category_strong0p25,primary,0.333333333333,0.333333333333,1.0,0.0,-0.0048348061521343855,-0.0048348061521343855,0.0,-0.0048348061521343855,0.8256636517308413,2.8893281460448823
2024-07-11,000985.CSI,中证全指,two_speed_category_strong0p25,primary,0.333333333333,0.333333333333,1.0,0.0,0.01813699004609237,0.01813699004609237,0.0,0.01813699004609237,0.8406387051637039,2.941731861869593
2024-07-12,000985.CSI,中证全指,two_speed_category_strong0p25,primary,0.333333333333,0.333333333333,1.0,0.0,-0.001224928266271852,-0.001224928266271852,0.0,-0.001224928266271852,0.8396089830520267,2.938128451360196
2024-07-15,000985.CSI,中证全指,two_speed_category_strong0p25,primary,0.333333333333,0.333333333333,1.0,0.0,-0.005096094050668576,-0.005096094050668576,0.0,-0.005096094050668576,0.8353302567086074,2.9231554724391193
2024-07-16,000985.CSI,中证全指,two_speed_category_strong0p25,primary,0.416666666667,0.333333333333,1.0,0.0,0.004180252362350423,0.004180252362350423,0.0,0.004180252362350423,0.8388221479875563,2.9353750000083005
2024-07-17,000985.CSI,中证全指,two_speed_category_strong0p25,primary,0.416666666667,0.333333333333,1.0,0.0,-0.004794679525343293,-0.004794679525343293,0.0,-0.004794679525343293,0.8348002646091959,2.9213008175965562
2024-07-18,000985.CSI,中证全指,two_speed_category_strong0p25,primary,0.416666666667,0.333333333333,1.0,0.0,0.0037885336445659945,0.0037885336445659945,0.0,0.0037885336445659945,0.8379629334981604,2.932368264029919
2024-07-19,000985.CSI,中证全指,two_speed_category_strong0p25,primary,0.583333333333,0.333333333333,1.0,0.0,0.003427094876431891,0.003427094876431891,0.0,0.003427094876431891,0.8408347119741918,2.9424177682833874
2024-07-22,000985.CSI,中证全指,two_speed_category_strong0p25,primary,0.583333333333,0.583333333333,1.0,0.0,-0.002441617361495396,-0.002441617361495396,0.0,-0.002441617361495396,0.8387817153432876,2.935233509975574
2024-07-23,000985.CSI,中证全指,two_speed_category_strong0p25,primary,0.583333333333,0.583333333333,1.0,0.0,-0.023148390026897392,-0.023148390026897392,0.0,-0.023148390026897392,0.8193652690490911,2.86728757986664
2024-07-24,000985.CSI,中证全指,two_speed_category_strong0p25,primary,0.416666666667,0.583333333333,1.0,0.0,-0.010041794336044796,-0.010041794336044796,0.0,-0.010041794336044796,0.8111373715312021,2.8384948676873236
2024-07-25,000985.CSI,中证全指,two_speed_category_strong0p25,primary,0.416666666667,0.583333333333,1.0,0.0,-0.002267262510905921,-0.002267262510905921,0.0,-0.002267262510905921,0.8092983101775346,2.8320592546864174
2024-07-26,000985.CSI,中证全指,two_speed_category_strong0p25,primary,0.416666666667,0.583333333333,1.0,0.0,0.009385821481167733,0.009385821481167733,0.0,0.009385821481167733,0.8168942396418717,2.858640457274993
2024-07-29,000985.CSI,中证全指,two_speed_category_strong0p25,primary,0.416666666667,0.416666666667,1.0,0.0,-0.0033575002742116666,-0.0033575002742116666,0.0,-0.0033575002742116666,0.8141515170082722,2.8490425711558194
2024-07-30,000985.CSI,中证全指,two_speed_category_strong0p25,primary,0.333333333333,0.416666666667,1.0,0.0,-0.0020401654654126355,-0.0020401654654126355,0.0,-0.0020401654654126355,0.8124905131996586,2.843230052892657
2024-07-31,000985.CSI,中证全指,two_speed_category_strong0p25,primary,0.333333333333,0.416666666667,1.0,0.0,0.029216107212190368,0.029216107212190368,0.0,0.029216107212190368,0.8362283231421874,2.9262981669468906
2024-08-01,000985.CSI,中证全指,two_speed_category_strong0p25,primary,0.333333333333,0.416666666667,1.0,0.0,-0.004314673201838981,-0.004314673201838981,0.0,-0.004314673201838981,0.832620271205707,2.913672146665374
2024-08-02,000985.CSI,中证全指,two_speed_category_strong0p25,primary,0.166666666667,0.416666666667,1.0,0.0,-0.011770430370177332,-0.011770430370177332,0.0,-0.011770430370177332,0.8228199722786821,2.8793769715415243
2024-08-05,000985.CSI,中证全指,two_speed_category_strong0p25,primary,0.166666666667,0.166666666667,1.0,0.0,-0.01823670306070191,-0.01823670306070191,0.0,-0.01823670306070191,0.8078144487718207,2.8268666287116986
2024-08-06,000985.CSI,中证全指,two_speed_category_strong0p25,primary,0.166666666667,0.166666666667,1.0,0.0,0.007394704097519966,0.007394704097519966,0.0,0.007394704097519966,0.8137879975861896,2.8477704709541753
2024-08-07,000985.CSI,中证全指,two_speed_category_strong0p25,primary,0.083333333333,0.166666666667,1.0,0.0,-0.0001404149207236971,-0.0001404149207236971,0.0,-0.0001404149207236971,0.8136737296090226,2.8473706014892572
2024-08-08,000985.CSI,中证全指,two_speed_category_strong0p25,primary,0.083333333333,0.166666666667,1.0,0.0,-0.0006944025165559475,-0.0006944025165559475,0.0,-0.0006944025165559475,0.8131087125235267,2.845393380178016
2024-08-09,000985.CSI,中证全指,two_speed_category_strong0p25,primary,0.083333333333,0.166666666667,1.0,0.0,-0.005281699327747469,-0.005281699327747469,0.0,-0.005281699327747469,0.8088141167832056,2.8303648678747524
2024-08-12,000985.CSI,中证全指,two_speed_category_strong0p25,primary,0.083333333333,0.083333333333,1.0,0.0,-0.003469601431319469,-0.003469601431319469,0.0,-0.003469601431319469,0.8060078541659432,2.8205446298780177
2024-08-13,000985.CSI,中证全指,two_speed_category_strong0p25,primary,0.083333333333,0.083333333333,1.0,0.0,0.003968871741924618,0.003968871741924618,0.0,0.003968871741924618,0.8092067959621118,2.8317390097563777
2024-08-14,000985.CSI,中证全指,two_speed_category_strong0p25,primary,0.083333333333,0.083333333333,1.0,0.0,-0.008258283574892888,-0.008258283574892888,0.0,-0.008258283574892888,0.8025241367703262,2.8083537060037234
2024-08-15,000985.CSI,中证全指,two_speed_category_strong0p25,primary,0.083333333333,0.083333333333,1.0,0.0,0.009297238095410831,0.009297238095410831,0.0,0.009297238095410831,0.809985394747194,2.834463639064569
2024-08-16,000985.CSI,中证全指,two_speed_category_strong0p25,primary,0.166666666667,0.083333333333,1.0,0.0,-0.0019942190424024897,-0.0019942190424024897,0.0,-0.0019942190424024897,0.8083701064489213,2.8288110977005494
2024-08-19,000985.CSI,中证全指,two_speed_category_strong0p25,primary,0.166666666667,0.166666666667,1.0,0.0,0.0014912622222522653,0.0014912622222522653,0.0,0.0014912622222522653,0.8095755982502666,2.833029596824438
2024-08-20,000985.CSI,中证全指,two_speed_category_strong0p25,primary,0.333333333333,0.166666666667,1.0,0.0,-0.012129600884422942,-0.012129600884422942,0.0,-0.012129600884422942,0.799755769357723,2.7986660785212
2024-08-21,000985.CSI,中证全指,two_speed_category_strong0p25,primary,0.25,0.166666666667,1.0,0.0,-0.0035639288200394192,-0.0035639288200394192,0.0,-0.0035639288200394192,0.7969054967223161,2.788691831826292
2024-08-22,000985.CSI,中证全指,two_speed_category_strong0p25,primary,0.25,0.166666666667,1.0,0.0,-0.007999543575228918,-0.007999543575228918,0.0,-0.007999543575228918,0.7905306164759466,2.7663835699997126
2024-08-23,000985.CSI,中证全指,two_speed_category_strong0p25,primary,0.25,0.166666666667,1.0,0.0,0.001593714825470549,0.001593714825470549,0.0,0.001593714825470549,0.7917904968394127,2.7707923965081593
2024-08-26,000985.CSI,中证全指,two_speed_category_strong0p25,primary,0.25,0.25,1.0,0.0,0.0021129910678321373,0.0021129910678321373,0.0,0.0021129910678321373,0.7934635430868288,2.7766470560927985
2024-08-27,000985.CSI,中证全指,two_speed_category_strong0p25,primary,0.25,0.25,1.0,0.0,-0.009448856173090991,-0.009448856173090991,0.0,-0.009448856173090991,0.7859662201896102,2.750410917416341
2024-08-28,000985.CSI,中证全指,two_speed_category_strong0p25,primary,0.25,0.25,1.0,0.0,-0.0018315802498838352,-0.0018315802498838352,0.0,-0.0018315802498838352,0.784526659983635,2.7453733191009366
2024-08-29,000985.CSI,中证全指,two_speed_category_strong0p25,primary,0.25,0.25,1.0,0.0,0.005567813711193859,0.005567813711193859,0.0,0.005567813711193859,0.788894758277889,2.7606590463093728
2024-08-30,000985.CSI,中证全指,two_speed_category_strong0p25,primary,0.25,0.25,1.0,0.0,0.016277709245154703,0.016277709245154703,0.0,0.016277709245154703,0.8017361577781631,2.805596251590203
2024-09-02,000985.CSI,中证全指,two_speed_category_strong0p25,primary,0.25,0.25,1.0,0.0,-0.017833996983042555,-0.017833996983042555,0.0,-0.017833996983042555,0.7874379975591512,2.7555612565037078
2024-09-03,000985.CSI,中证全指,two_speed_category_strong0p25,primary,0.25,0.25,1.0,0.0,0.0062064730129742784,0.0062064730129742784,0.0,0.0062064730129742784,0.7923252102403926,2.7726635730777955
2024-09-04,000985.CSI,中证全指,two_speed_category_strong0p25,primary,0.25,0.25,1.0,0.0,-0.005810163999096396,-0.005810163999096396,0.0,-0.005810163999096396,0.7877216708282774,2.756553943003893
2024-09-05,000985.CSI,中证全指,two_speed_category_strong0p25,primary,0.25,0.25,1.0,0.0,0.004441164178937473,0.004441164178937473,0.0,0.004441164178937473,0.7912200720957328,2.7687962516328706
2024-09-06,000985.CSI,中证全指,two_speed_category_strong0p25,primary,0.333333333333,0.25,1.0,0.0,-0.012091715564374383,-0.012091715564374383,0.0,-0.012091715564374383,0.7816528640351273,2.7353167549024198
2024-09-09,000985.CSI,中证全指,two_speed_category_strong0p25,primary,0.416666666667,0.416666666667,1.0,0.0,-0.008618471048783216,-0.008618471048783216,0.0,-0.008618471048783216,0.7749162114562421,2.7117425066410417
2024-09-10,000985.CSI,中证全指,two_speed_category_strong0p25,primary,0.583333333333,0.416666666667,1.0,0.0,0.0019254149893732642,0.0019254149893732642,0.0,0.0019254149893732642,0.7764082467452883,2.716963736310649
2024-09-11,000985.CSI,中证全指,two_speed_category_strong0p25,primary,0.5,0.416666666667,1.0,0.0,-0.0024199243717043517,-0.0024199243717043517,0.0,-0.0024199243717043517,0.7745293975065971,2.7103888895481143
2024-09-12,000985.CSI,中证全指,two_speed_category_strong0p25,primary,0.5,0.416666666667,1.0,0.0,-0.003669774634053713,-0.003669774634053713,0.0,-0.003669774634053713,0.7716870491702985,2.7004423731528298
2024-09-13,000985.CSI,中证全指,two_speed_category_strong0p25,primary,0.75,0.416666666667,1.0,0.0,-0.007770273438978181,-0.007770273438978181,0.0,-0.007770273438978181,0.7656908297889271,2.6794591975072293
2024-09-18,000985.CSI,中证全指,two_speed_category_strong0p25,primary,0.75,0.75,1.0,0.0,0.0007397108293480947,0.0007397108293480947,0.0,0.0007397108293480947,0.7662572195876545,2.681441222492422
2024-09-19,000985.CSI,中证全指,two_speed_category_strong0p25,primary,0.75,0.75,1.0,0.0,0.012855407164799493,0.012855407164799493,0.0,0.012855407164799493,0.776107768138421,2.7159122411960395
2024-09-20,000985.CSI,中证全指,two_speed_category_strong0p25,primary,0.833333333333,0.75,1.0,0.0,-0.0009947144372571826,-0.0009947144372571826,0.0,-0.0009947144372571826,0.7753357625365862,2.713210684079398
2024-09-23,000985.CSI,中证全指,two_speed_category_strong0p25,primary,0.75,0.75,1.0,0.0,0.0023498238135115646,0.0023498238135115646,0.0,0.0023498238135115646,0.7771576649748618,2.719586251155922
2024-09-24,000985.CSI,中证全指,two_speed_category_strong0p25,primary,1.0,0.75,1.0,0.0,0.040578379466671866,0.040578379466671866,0.0,0.040578379466671866,0.8086934636096444,2.8299426540476706
2024-09-25,000985.CSI,中证全指,two_speed_category_strong0p25,primary,1.0,0.75,1.0,0.0,0.012697896769634953,0.012697896769634953,0.0,0.012697896769634953,0.8189621697288383,2.8658769737327545
2024-09-26,000985.CSI,中证全指,two_speed_category_strong0p25,primary,0.833333333333,0.75,1.0,0.0,0.040298031754126384,0.040298031754126384,0.0,0.040298031754126384,0.8519647332499992,2.981366175023657
2024-09-27,000985.CSI,中证全指,two_speed_category_strong0p25,primary,1.0,0.75,1.0,0.0,0.048060378836881634,0.048060378836881634,0.0,0.048060378836881634,0.892910481085657,3.1246517628467587
2024-09-30,000985.CSI,中证全指,two_speed_category_strong0p25,primary,1.0,1.0,1.0,0.0,0.09635501553163017,0.09635501553163017,0.0,0.09635501553163017,0.9789468843590208,3.4257276319867938
2024-10-08,000985.CSI,中证全指,two_speed_category_strong0p25,primary,1.0,1.0,1.0,0.0,0.07016240362903425,0.07016240362903425,0.0,0.07016240362903425,1.047632150790804,3.666084916825387
2024-10-09,000985.CSI,中证全指,two_speed_category_strong0p25,primary,0.916666666667,1.0,1.0,0.0,-0.074508804963197,-0.074508804963197,0.0,-0.074508804963197,0.9695743311943573,3.3929293107791256
2024-10-10,000985.CSI,中证全指,two_speed_category_strong0p25,primary,0.833333333333,1.0,1.0,0.0,0.0018554565935324785,0.0018554565935324785,0.0,0.0018554565935324785,0.9713733342800918,3.3992247438402003
2024-10-11,000985.CSI,中证全指,two_speed_category_strong0p25,primary,0.916666666667,1.0,1.0,0.0,-0.033437641510793314,-0.033437641510793314,0.0,-0.033437641510793314,0.9388929009552901,3.2855626854410533
2024-10-14,000985.CSI,中证全指,two_speed_category_strong0p25,primary,0.916666666667,0.916666666667,1.0,0.0,0.025544673705280907,0.025544673705280907,0.0,0.025544673705280907,0.9628766137543976,3.3694913121788916
2024-10-15,000985.CSI,中证全指,two_speed_category_strong0p25,primary,0.916666666667,0.916666666667,1.0,0.0,-0.022644505718546037,-0.022644505718546037,0.0,-0.022644505718546037,0.9410727487679819,3.2931908468916657
2024-10-16,000985.CSI,中证全指,two_speed_category_strong0p25,primary,0.916666666667,0.916666666667,1.0,0.0,-0.002042158085105883,-0.002042158085105883,0.0,-0.002042158085105883,0.9391509294454125,3.286465630577889
2024-10-17,000985.CSI,中证全指,two_speed_category_strong0p25,primary,0.916666666667,0.916666666667,1.0,0.0,-0.007654103511332333,-0.007654103511332333,0.0,-0.007654103511332333,0.9319625710186733,3.2613106824550098
2024-10-18,000985.CSI,中证全指,two_speed_category_strong0p25,primary,0.916666666667,0.916666666667,1.0,0.0,0.03714098091387341,0.03714098091387341,0.0,0.03714098091387341,0.9665765750813222,3.3824389602662825
2024-10-21,000985.CSI,中证全指,two_speed_category_strong0p25,primary,0.916666666667,0.916666666667,1.0,0.0,0.010652236197969955,0.010652236197969955,0.0,0.010652236197969955,0.9768727770625133,3.418469498996255
2024-10-22,000985.CSI,中证全指,two_speed_category_strong0p25,primary,0.916666666667,0.916666666667,1.0,0.0,0.0067358192723787624,0.0067358192723787624,0.0,0.0067358192723787624,0.9834528155409131,3.441495691729633
2024-10-23,000985.CSI,中证全指,two_speed_category_strong0p25,primary,0.916666666667,0.916666666667,1.0,0.0,0.0034601494354138396,0.0034601494354138396,0.0,0.0034601494354138396,0.9868557092453631,3.4534037811043503
2024-10-24,000985.CSI,中证全指,two_speed_category_strong0p25,primary,0.75,0.916666666667,1.0,0.0,-0.008181232564459795,-0.008181232564459795,0.0,-0.008181232564459795,0.9787820131804619,3.4251506816321506
2024-10-25,000985.CSI,中证全指,two_speed_category_strong0p25,primary,0.75,0.916666666667,1.0,0.0,0.013058852223815087,0.013058852223815087,0.0,0.013058852223815087,0.9915637828499138,3.4698792182278844
2024-10-28,000985.CSI,中证全指,two_speed_category_strong0p25,primary,0.75,0.75,1.0,0.0,0.011547320761527313,0.011547320761527313,0.0,0.011547320761527313,1.0030136879059952,3.5099470265645194
2024-10-29,000985.CSI,中证全指,two_speed_category_strong0p25,primary,0.583333333333,0.75,1.0,0.0,-0.012167147815462798,-0.012167147815462798,0.0,-0.012167147815462798,0.9908098721043105,3.4672409822678647
2024-10-30,000985.CSI,中证全指,two_speed_category_strong0p25,primary,0.583333333333,0.75,1.0,0.0,-0.001646056378275751,-0.001646056378275751,0.0,-0.001646056378275751,0.9891789431946746,3.4615337081339836
2024-10-31,000985.CSI,中证全指,two_speed_category_strong0p25,primary,0.583333333333,0.75,1.0,0.0,0.008026209424511155,0.008026209424511155,0.0,0.008026209424511155,0.9971183005510716,3.4893167026054717
2024-11-01,000985.CSI,中证全指,two_speed_category_strong0p25,primary,0.583333333333,0.75,1.0,0.0,-0.014768380821506888,-0.014768380821506888,0.0,-0.014768380821506888,0.9823924777644396,3.4377851447345495
2024-11-04,000985.CSI,中证全指,two_speed_category_strong0p25,primary,0.5,0.5,1.0,0.0,0.01686711348473313,0.01686711348473313,0.0,0.01686711348473313,0.9989626031734405,3.495770656906917
2024-11-05,000985.CSI,中证全指,two_speed_category_strong0p25,primary,0.5,0.5,1.0,0.0,0.029191308514055603,0.029191308514055603,0.0,0.029191308514055603,1.0281236287166806,3.5978167766470697
2024-11-06,000985.CSI,中证全指,two_speed_category_strong0p25,primary,0.25,0.5,1.0,0.0,0.000691897954256282,0.000691897954256282,0.0,0.000691897954256282,1.0288349853521122,3.6003060987146207
2024-11-07,000985.CSI,中证全指,two_speed_category_strong0p25,primary,0.25,0.5,1.0,0.0,0.02529076990463852,0.02529076990463852,0.0,0.02529076990463852,1.0548550142364945,3.691360611843479
2024-11-08,000985.CSI,中证全指,two_speed_category_strong0p25,primary,0.25,0.5,1.0,0.0,-0.004395277525031993,-0.004395277525031993,0.0,-0.004395277525031993,1.0502186337002535,3.675136057509455
2024-11-11,000985.CSI,中证全指,two_speed_category_strong0p25,primary,0.083333333333,0.083333333333,1.0,0.0,0.013632363558529814,0.013632363558529814,0.0,0.013632363558529814,1.0645355959307978,3.725236848372486
2024-11-12,000985.CSI,中证全指,two_speed_category_strong0p25,primary,-0.083333333333,0.083333333333,1.0,0.0,-0.011561435513404827,-0.011561435513404827,0.0,-0.011561435513404827,1.05222803628672,3.6821677627778677
2024-11-13,000985.CSI,中证全指,two_speed_category_strong0p25,primary,-0.083333333333,0.083333333333,1.0,0.0,0.002618860667227496,0.002618860667227496,0.0,0.002618860667227496,1.0549836749039054,3.69181084710194
2024-11-14,000985.CSI,中证全指,two_speed_category_strong0p25,primary,-0.083333333333,0.083333333333,1.0,0.0,-0.024269996742146027,-0.024269996742146027,0.0,-0.024269996742146027,1.0293792245509703,3.6022106098701565
2024-11-15,000985.CSI,中证全指,two_speed_category_strong0p25,primary,-0.083333333333,0.083333333333,1.0,0.0,-0.02053292342353019,-0.02053292342353019,0.0,-0.02053292342353019,1.0082430597594922,3.5282466952622644
2024-11-18,000985.CSI,中证全指,two_speed_category_strong0p25,primary,-0.083333333333,-0.083333333333,0.0,1.0,-0.013814094016439626,-0.0,0.0005,-0.0005,0.9943150953405518,3.5264825719146335
2024-11-19,000985.CSI,中证全指,two_speed_category_strong0p25,primary,-0.083333333333,-0.083333333333,0.0,0.0,0.015423696862811864,0.0,0.0,0.0,1.0096511099572023,3.5264825719146335
2024-11-20,000985.CSI,中证全指,two_speed_category_strong0p25,primary,-0.083333333333,-0.083333333333,0.0,0.0,0.01079561099915427,0.0,0.0,0.0,1.0205509105851647,3.5264825719146335
2024-11-21,000985.CSI,中证全指,two_speed_category_strong0p25,primary,-0.083333333333,-0.083333333333,0.0,0.0,0.0011953195856635457,0.0,0.0,0.0,1.0217707950767538,3.5264825719146335
2024-11-22,000985.CSI,中证全指,two_speed_category_strong0p25,primary,-0.666666666667,-0.083333333333,0.0,0.0,-0.033851224815604875,-0.0,0.0,-0.0,0.9871826021825914,3.5264825719146335
2024-11-25,000985.CSI,中证全指,two_speed_category_strong0p25,primary,-0.666666666667,-0.666666666667,0.0,0.0,0.0005832246292123422,0.0,0.0,0.0,0.9877583513897141,3.5264825719146335
2024-11-26,000985.CSI,中证全指,two_speed_category_strong0p25,primary,-0.583333333333,-0.666666666667,0.0,0.0,-0.00637692512814525,-0.0,0.0,-0.0,0.9814594903382018,3.5264825719146335
2024-11-27,000985.CSI,中证全指,two_speed_category_strong0p25,primary,-0.583333333333,-0.666666666667,0.0,0.0,0.01860197609440517,0.0,0.0,0.0,0.9997165763151001,3.5264825719146335
2024-11-28,000985.CSI,中证全指,two_speed_category_strong0p25,primary,-0.583333333333,-0.666666666667,0.0,0.0,-0.005756253311179238,-0.0,0.0,-0.0,0.9939619544624456,3.5264825719146335
2024-11-29,000985.CSI,中证全指,two_speed_category_strong0p25,primary,-0.583333333333,-0.666666666667,0.0,0.0,0.014005793262403587,0.0,0.0,0.0,1.0078831801073413,3.5264825719146335
2024-12-02,000985.CSI,中证全指,two_speed_category_strong0p25,primary,-0.416666666667,-0.416666666667,0.0,0.0,0.01473580183324108,0.0,0.0,0.0,1.02273514692046,3.5264825719146335
2024-12-03,000985.CSI,中证全指,two_speed_category_strong0p25,primary,-0.416666666667,-0.416666666667,0.0,0.0,0.000775993899261973,0.0,0.0,0.0,1.023528783155031,3.5264825719146335
2024-12-04,000985.CSI,中证全指,two_speed_category_strong0p25,primary,-0.25,-0.416666666667,0.0,0.0,-0.009350813762510568,-0.0,0.0,-0.0,1.0139579561231793,3.5264825719146335
2024-12-05,000985.CSI,中证全指,two_speed_category_strong0p25,primary,-0.25,-0.416666666667,0.0,0.0,0.00473359963865394,0.0,0.0,0.0,1.0187576271378942,3.5264825719146335
2024-12-06,000985.CSI,中证全指,two_speed_category_strong0p25,primary,-0.25,-0.416666666667,0.0,0.0,0.011919971627028847,0.0,0.0,0.0,1.0309011891481972,3.5264825719146335
2024-12-09,000985.CSI,中证全指,two_speed_category_strong0p25,primary,-0.25,-0.25,0.0,0.0,-0.0032937299975043244,-0.0,0.0,-0.0,1.027505678977037,3.5264825719146335
2024-12-10,000985.CSI,中证全指,two_speed_category_strong0p25,primary,-0.25,-0.25,0.0,0.0,0.007607702082047085,0.0,0.0,0.0,1.0353226360703058,3.5264825719146335
2024-12-11,000985.CSI,中证全指,two_speed_category_strong0p25,primary,-0.333333333333,-0.25,0.0,0.0,0.005801024876857408,0.0,0.0,0.0,1.0413285684377234,3.5264825719146335
2024-12-12,000985.CSI,中证全指,two_speed_category_strong0p25,primary,-0.333333333333,-0.25,0.0,0.0,0.00925285414327881,0.0,0.0,0.0,1.050963829796707,3.5264825719146335
2024-12-13,000985.CSI,中证全指,two_speed_category_strong0p25,primary,-0.333333333333,-0.25,0.0,0.0,-0.020905970854992573,-0.0,0.0,-0.0,1.0289924106013257,3.5264825719146335
2024-12-16,000985.CSI,中证全指,two_speed_category_strong0p25,primary,-0.416666666667,-0.416666666667,0.0,0.0,-0.007838170724144944,-0.0,0.0,-0.0,1.0209269924131832,3.5264825719146335
2024-12-17,000985.CSI,中证全指,two_speed_category_strong0p25,primary,-0.416666666667,-0.416666666667,0.0,0.0,-0.0128697248516082,-0.0,0.0,-0.0,1.0077879429272456,3.5264825719146335
2024-12-18,000985.CSI,中证全指,two_speed_category_strong0p25,primary,-0.416666666667,-0.416666666667,0.0,0.0,0.006304834280705052,0.0,0.0,0.0,1.0141418788974945,3.5264825719146335
2024-12-19,000985.CSI,中证全指,two_speed_category_strong0p25,primary,-0.416666666667,-0.416666666667,0.0,0.0,0.0008769295541870559,0.0,0.0,0.0,1.0150312098832386,3.5264825719146335
2024-12-20,000985.CSI,中证全指,two_speed_category_strong0p25,primary,-0.583333333333,-0.416666666667,0.0,0.0,0.0023108370604865147,0.0,0.0,0.0,1.0173767816205872,3.5264825719146335
2024-12-23,000985.CSI,中证全指,two_speed_category_strong0p25,primary,-0.583333333333,-0.583333333333,0.0,0.0,-0.016159091045225726,-0.0,0.0,-0.0,1.0009368975790813,3.5264825719146335
2024-12-24,000985.CSI,中证全指,two_speed_category_strong0p25,primary,-0.583333333333,-0.583333333333,0.0,0.0,0.011475551339129142,0.0,0.0,0.0,1.0124232003344786,3.5264825719146335
2024-12-25,000985.CSI,中证全指,two_speed_category_strong0p25,primary,-0.583333333333,-0.583333333333,0.0,0.0,-0.007800026743488786,-0.0,0.0,-0.0,1.0045262722961412,3.5264825719146335
2024-12-26,000985.CSI,中证全指,two_speed_category_strong0p25,primary,-0.666666666667,-0.583333333333,0.0,0.0,0.005794492623181879,0.0,0.0,0.0,1.0103469923707535,3.5264825719146335
2024-12-27,000985.CSI,中证全指,two_speed_category_strong0p25,primary,-0.583333333333,-0.583333333333,0.0,0.0,0.0013250593974221125,0.0,0.0,0.0,1.0116857621476516,3.5264825719146335
2024-12-30,000985.CSI,中证全指,two_speed_category_strong0p25,primary,-0.75,-0.75,0.0,0.0,-0.0009025979356485081,-0.0,0.0,-0.0,1.0107726166672122,3.5264825719146335
2024-12-31,000985.CSI,中证全指,two_speed_category_strong0p25,primary,-0.666666666667,-0.75,0.0,0.0,-0.02245310595564931,-0.0,0.0,-0.0,0.9880776320081144,3.5264825719146335
2025-01-02,000985.CSI,中证全指,two_speed_category_strong0p25,primary,-0.833333333333,-0.75,0.0,0.0,-0.02643029456770718,-0.0,0.0,-0.0,0.9619624491383774,3.5264825719146335
2025-01-03,000985.CSI,中证全指,two_speed_category_strong0p25,primary,-0.916666666667,-0.75,0.0,0.0,-0.02205099128630794,-0.0,0.0,-0.0,0.9407502235546715,3.5264825719146335
2025-01-06,000985.CSI,中证全指,two_speed_category_strong0p25,primary,-0.916666666667,-0.916666666667,0.0,0.0,-0.002916679148822765,-0.0,0.0,-0.0,0.9380063569933793,3.5264825719146335
2025-01-07,000985.CSI,中证全指,two_speed_category_strong0p25,primary,-0.916666666667,-0.916666666667,0.0,0.0,0.012789175710227196,0.0,0.0,0.0,0.9500026851102777,3.5264825719146335
2025-01-08,000985.CSI,中证全指,two_speed_category_strong0p25,primary,-0.916666666667,-0.916666666667,0.0,0.0,-0.0018770213117834667,-0.0,0.0,-0.0,0.9482195098240742,3.5264825719146335
2025-01-09,000985.CSI,中证全指,two_speed_category_strong0p25,primary,-0.916666666667,-0.916666666667,0.0,0.0,-0.00011495851820242375,-0.0,0.0,-0.0,0.9481105039142942,3.5264825719146335
2025-01-10,000985.CSI,中证全指,two_speed_category_strong0p25,primary,-0.75,-0.916666666667,0.0,0.0,-0.018185562625626206,-0.0,0.0,-0.0,0.9308685809693468,3.5264825719146335
2025-01-13,000985.CSI,中证全指,two_speed_category_strong0p25,primary,-0.75,-0.75,0.0,0.0,-0.0006726676924629915,-0.0,0.0,-0.0,0.9302424157489998,3.5264825719146335
2025-01-14,000985.CSI,中证全指,two_speed_category_strong0p25,primary,-0.75,-0.75,0.0,0.0,0.03569007481551023,0.0,0.0,0.0,0.9634428371636425,3.5264825719146335
2025-01-15,000985.CSI,中证全指,two_speed_category_strong0p25,primary,-0.416666666667,-0.75,0.0,0.0,-0.006067229613731406,-0.0,0.0,-0.0,0.9575974082508659,3.5264825719146335
2025-01-16,000985.CSI,中证全指,two_speed_category_strong0p25,primary,-0.416666666667,-0.75,0.0,0.0,0.003521907215067399,0.0,0.0,0.0,0.9609699774721144,3.5264825719146335
2025-01-17,000985.CSI,中证全指,two_speed_category_strong0p25,primary,0.166666666667,-0.75,0.0,0.0,0.0034050740854569828,0.0,0.0,0.0,0.9642421514393069,3.5264825719146335
2025-01-20,000985.CSI,中证全指,two_speed_category_strong0p25,primary,0.166666666667,0.166666666667,1.0,1.0,0.005923505166851584,0.005923505166851584,0.0005,0.005423505166851583,0.9699538448054538,3.545608468364225
2025-01-21,000985.CSI,中证全指,two_speed_category_strong0p25,primary,0.166666666667,0.166666666667,1.0,0.0,0.001613046962835707,0.001613046962835707,0.0,0.001613046962835707,0.971518425908908,3.5513277013355244
2025-01-22,000985.CSI,中证全指,two_speed_category_strong0p25,primary,0.333333333333,0.166666666667,1.0,0.0,-0.009223073262070391,-0.009223073262070391,0.0,-0.009223073262070391,0.9625580402912989,3.518573545768487
2025-01-23,000985.CSI,中证全指,two_speed_category_strong0p25,primary,0.5,0.166666666667,1.0,0.0,-0.0009380127647179437,-0.0009380127647179437,0.0,-0.0009380127647179437,0.9616551485627237,3.5152730788689572
2025-01-24,000985.CSI,中证全指,two_speed_category_strong0p25,primary,0.416666666667,0.166666666667,1.0,0.0,0.010941803939814143,0.010941803939814143,0.0,0.010941803939814143,0.9721773906560098,3.553736507692848
2025-01-27,000985.CSI,中证全指,two_speed_category_strong0p25,primary,0.416666666667,0.416666666667,1.0,0.0,-0.008890970850099378,-0.008890970850099378,0.0,-0.008890970850099378,0.9635337898145616,3.5221403399940168
2025-02-05,000985.CSI,中证全指,two_speed_category_strong0p25,primary,0.5,0.5,1.0,0.0,0.0014111526432247778,0.0014111526432247778,0.0,0.0014111526432247778,0.9648934830688948,3.527110617644608
2025-02-06,000985.CSI,中证全指,two_speed_category_strong0p25,primary,0.833333333333,0.5,1.0,0.0,0.019264769591301967,0.019264769591301967,0.0,0.019264769591301967,0.9834819337003659,3.595059591016566
2025-02-07,000985.CSI,中证全指,two_speed_category_strong0p25,primary,0.833333333333,0.5,1.0,0.0,0.014266066576387182,0.014266066576387182,0.0,0.014266066576387182,0.9975123524432092,3.6463469504880877
2025-02-10,000985.CSI,中证全指,two_speed_category_strong0p25,primary,0.833333333333,0.833333333333,1.0,0.0,0.009122409349922256,0.009122409349922256,0.0,0.009122409349922256,1.0066120684538,3.679610420002281
2025-02-11,000985.CSI,中证全指,two_speed_category_strong0p25,primary,0.833333333333,0.833333333333,1.0,0.0,-0.004201837808151532,-0.004201837808151532,0.0,-0.004201837808151532,1.0023824478064292,3.664149293820247
2025-02-12,000985.CSI,中证全指,two_speed_category_strong0p25,primary,0.833333333333,0.833333333333,1.0,0.0,0.01179223525667128,0.01179223525667128,0.0,0.01179223525667128,1.0142027774481206,3.707357804308541
2025-02-13,000985.CSI,中证全指,two_speed_category_strong0p25,primary,0.916666666667,0.833333333333,1.0,0.0,-0.006486292807732941,-0.006486292807732941,0.0,-0.006486292807732941,1.007624361267176,3.683310796046762
2025-02-14,000985.CSI,中证全指,two_speed_category_strong0p25,primary,0.916666666667,0.833333333333,1.0,0.0,0.0062775585980432425,0.0062775585980432425,0.0,0.0062775585980432425,1.0139497822398467,3.706432995403751
2025-02-17,000985.CSI,中证全指,two_speed_category_strong0p25,primary,0.916666666667,0.916666666667,1.0,0.0,0.005079704858191869,0.005079704858191869,0.0,0.005079704858191869,1.019100347874653,3.725260581097066
2025-02-18,000985.CSI,中证全指,two_speed_category_strong0p25,primary,0.916666666667,0.916666666667,1.0,0.0,-0.01625303127826494,-0.01625303127826494,0.0,-0.01625303127826494,1.0025368780449555,3.664713804352808
2025-02-19,000985.CSI,中证全指,two_speed_category_strong0p25,primary,0.916666666667,0.916666666667,1.0,0.0,0.01519007483828183,0.01519007483828183,0.0,0.01519007483828183,1.0177654882505958,3.7203810813018117
2025-02-20,000985.CSI,中证全指,two_speed_category_strong0p25,primary,0.916666666667,0.916666666667,1.0,0.0,0.0025123366870802855,0.0025123366870802855,0.0,0.0025123366870802855,1.0203224578255718,3.7297279311822855
2025-02-21,000985.CSI,中证全指,two_speed_category_strong0p25,primary,0.916666666667,0.916666666667,1.0,0.0,0.013740548889339177,0.013740548889339177,0.0,0.013740548889339177,1.034342248440215,3.7809764401646295
2025-02-24,000985.CSI,中证全指,two_speed_category_strong0p25,primary,0.916666666667,0.916666666667,1.0,0.0,-0.00037244272883674157,-0.00037244272883674157,0.0,-0.00037244272883674157,1.0339570151906547,3.779568242981587
2025-02-25,000985.CSI,中证全指,two_speed_category_strong0p25,primary,0.916666666667,0.916666666667,1.0,0.0,-0.008240483994665926,-0.008240483994665926,0.0,-0.008240483994665926,1.0254367089558036,3.7484227713685496
2025-02-26,000985.CSI,中证全指,two_speed_category_strong0p25,primary,0.916666666667,0.916666666667,1.0,0.0,0.011478905586151722,0.011478905586151722,0.0,0.011478905586151722,1.0372076001224815,3.7914505624580706
2025-02-27,000985.CSI,中证全指,two_speed_category_strong0p25,primary,0.916666666667,0.916666666667,1.0,0.0,-0.0007478809138408149,-0.0007478809138408149,0.0,-0.0007478809138408149,1.0364318923546592,3.7886150089466373
2025-02-28,000985.CSI,中证全指,two_speed_category_strong0p25,primary,0.833333333333,0.916666666667,1.0,0.0,-0.027242509502904744,-0.027242509502904744,0.0,-0.027242509502904744,1.0081968866780737,3.685403628562561
2025-03-03,000985.CSI,中证全指,two_speed_category_strong0p25,primary,0.666666666667,0.666666666667,1.0,0.0,0.0011942055286138231,0.0011942055286138231,0.0,0.0011942055286138231,1.009400880974076,3.689804757950964
2025-03-04,000985.CSI,中证全指,two_speed_category_strong0p25,primary,0.666666666667,0.666666666667,1.0,0.0,0.006027513088489478,0.006027513088489478,0.0,0.006027513088489478,1.01548505799568,3.712045104423484
2025-03-05,000985.CSI,中证全指,two_speed_category_strong0p25,primary,0.5,0.666666666667,1.0,0.0,0.004624073541137141,0.004624073541137141,0.0,0.004624073541137141,1.020180735583778,3.729209873974356
2025-03-06,000985.CSI,中证全指,two_speed_category_strong0p25,primary,0.333333333333,0.666666666667,1.0,0.0,0.016502137777032022,0.016502137777032022,0.0,0.016502137777032022,1.0370158986398554,3.790749809114149
2025-03-07,000985.CSI,中证全指,two_speed_category_strong0p25,primary,0.166666666667,0.666666666667,1.0,0.0,-0.004250829101708042,-0.004250829101708042,0.0,-0.004250829101708042,1.0326077212789833,3.7746359795082722
2025-03-10,000985.CSI,中证全指,two_speed_category_strong0p25,primary,0.0,0.0,0.0,1.0,-0.0006438963787678276,-0.0,0.0005,-0.0005,1.031942828906564,3.772748661518518
2025-03-11,000985.CSI,中证全指,two_speed_category_strong0p25,primary,-0.083333333333,0.0,0.0,0.0,0.003739959946607474,0.0,0.0,0.0,1.0358022537538634,3.772748661518518
2025-03-12,000985.CSI,中证全指,two_speed_category_strong0p25,primary,-0.083333333333,0.0,0.0,0.0,-5.280983141575657e-05,-0.0,0.0,-0.0,1.0357475532114626,3.772748661518518
2025-03-13,000985.CSI,中证全指,two_speed_category_strong0p25,primary,-0.083333333333,0.0,0.0,0.0,-0.008816093061700725,-0.0,0.0,-0.0,1.0266163063939215,3.772748661518518
2025-03-14,000985.CSI,中证全指,two_speed_category_strong0p25,primary,-0.083333333333,0.0,0.0,0.0,0.020518754247014437,0.0,0.0,0.0,1.0476811940907962,3.772748661518518
2025-03-17,000985.CSI,中证全指,two_speed_category_strong0p25,primary,-0.083333333333,-0.083333333333,0.0,0.0,0.0011100110393629237,0.0,0.0,0.0,1.04884413178197,3.772748661518518
2025-03-18,000985.CSI,中证全指,two_speed_category_strong0p25,primary,-0.166666666667,-0.083333333333,0.0,0.0,0.0035889508738193854,0.0,0.0,0.0,1.0526083818452292,3.772748661518518
2025-03-19,000985.CSI,中证全指,two_speed_category_strong0p25,primary,-0.25,-0.083333333333,0.0,0.0,-0.003054493603566022,-0.0,0.0,-0.0,1.049393196275823,3.772748661518518
2025-03-20,000985.CSI,中证全指,two_speed_category_strong0p25,primary,-0.333333333333,-0.083333333333,0.0,0.0,-0.0059927319083810104,-0.0,0.0,-0.0,1.043104464184063,3.772748661518518
2025-03-21,000985.CSI,中证全指,two_speed_category_strong0p25,primary,-0.333333333333,-0.083333333333,0.0,0.0,-0.016634669874274977,-0.0,0.0,-0.0,1.0257527657779786,3.772748661518518
2025-03-24,000985.CSI,中证全指,two_speed_category_strong0p25,primary,-0.333333333333,-0.333333333333,0.0,0.0,-0.0026724236272104296,-0.0,0.0,-0.0,1.023011519851037,3.772748661518518
2025-03-25,000985.CSI,中证全指,two_speed_category_strong0p25,primary,-0.333333333333,-0.333333333333,0.0,0.0,-0.0039057986711966697,-0.0,0.0,-0.0,1.019015842816184,3.772748661518518
2025-03-26,000985.CSI,中证全指,two_speed_category_strong0p25,primary,-0.5,-0.333333333333,0.0,0.0,0.0012336143248505849,0.0,0.0,0.0,1.0202729153571317,3.772748661518518
2025-03-27,000985.CSI,中证全指,two_speed_category_strong0p25,primary,-0.5,-0.333333333333,0.0,0.0,0.0002822768215624549,0.0,0.0,0.0,1.020560914752805,3.772748661518518
2025-03-28,000985.CSI,中证全指,two_speed_category_strong0p25,primary,-0.5,-0.333333333333,0.0,0.0,-0.007766158880243568,-0.0,0.0,-0.0,1.012635076541868,3.772748661518518
2025-03-31,000985.CSI,中证全指,two_speed_category_strong0p25,primary,-0.5,-0.5,0.0,0.0,-0.00860213357625439,-0.0,0.0,-0.0,1.0039242543494542,3.772748661518518
2025-04-01,000985.CSI,中证全指,two_speed_category_strong0p25,primary,-0.5,-0.5,0.0,0.0,0.003660409740154247,0.0,0.0,0.0,1.007599028468452,3.772748661518518
2025-04-02,000985.CSI,中证全指,two_speed_category_strong0p25,primary,-0.666666666667,-0.5,0.0,0.0,0.0006259634185945551,0.0,0.0,0.0,1.0082297486008847,3.772748661518518
2025-04-03,000985.CSI,中证全指,two_speed_category_strong0p25,primary,-0.666666666667,-0.5,0.0,0.0,-0.007804186547439196,-0.0,0.0,-0.0,1.0003613355601255,3.772748661518518
2025-04-07,000985.CSI,中证全指,two_speed_category_strong0p25,primary,-0.916666666667,-0.916666666667,0.0,0.0,-0.09242846823010054,-0.0,0.0,-0.0,0.9078994696376855,3.772748661518518
2025-04-08,000985.CSI,中证全指,two_speed_category_strong0p25,primary,-0.75,-0.916666666667,0.0,0.0,0.010263592506622565,0.0,0.0,0.0,0.9172177798310255,3.772748661518518
2025-04-09,000985.CSI,中证全指,two_speed_category_strong0p25,primary,-0.75,-0.916666666667,0.0,0.0,0.017345613118028957,0.0,0.0,0.0,0.9331274845849519,3.772748661518518
2025-04-10,000985.CSI,中证全指,two_speed_category_strong0p25,primary,-0.416666666667,-0.916666666667,0.0,0.0,0.018946172733354416,0.0,0.0,0.0,0.9508066790901388,3.772748661518518
2025-04-11,000985.CSI,中证全指,two_speed_category_strong0p25,primary,-0.166666666667,-0.916666666667,0.0,0.0,0.006903133166059838,0.0,0.0,0.0,0.9573702242110772,3.772748661518518
2025-04-14,000985.CSI,中证全指,two_speed_category_strong0p25,primary,-0.333333333333,-0.333333333333,0.0,0.0,0.008698700447991703,0.0,0.0,0.0,0.965698101009316,3.772748661518518
2025-04-15,000985.CSI,中证全指,two_speed_category_strong0p25,primary,-0.333333333333,-0.333333333333,0.0,0.0,-0.0013051916825426169,-0.0,0.0,-0.0,0.9644376798800314,3.772748661518518
2025-04-16,000985.CSI,中证全指,two_speed_category_strong0p25,primary,-0.333333333333,-0.333333333333,0.0,0.0,-0.005239925264815426,-0.0,0.0,-0.0,0.959384098514888,3.772748661518518
2025-04-17,000985.CSI,中证全指,two_speed_category_strong0p25,primary,-0.333333333333,-0.333333333333,0.0,0.0,0.0011200995266322789,0.0,0.0,0.0,0.9604587041894931,3.772748661518518
2025-04-18,000985.CSI,中证全指,two_speed_category_strong0p25,primary,-0.333333333333,-0.333333333333,0.0,0.0,-0.00022612098906482636,-0.0,0.0,-0.0,0.9602415243173459,3.772748661518518
2025-04-21,000985.CSI,中证全指,two_speed_category_strong0p25,primary,-0.333333333333,-0.333333333333,0.0,0.0,0.011279127513603715,0.0,0.0,0.0,0.9710722109139784,3.772748661518518
2025-04-22,000985.CSI,中证全指,two_speed_category_strong0p25,primary,-0.333333333333,-0.333333333333,0.0,0.0,-0.0007794322081282612,-0.0,0.0,-0.0,0.9703153259563738,3.772748661518518
2025-04-23,000985.CSI,中证全指,two_speed_category_strong0p25,primary,-0.333333333333,-0.333333333333,0.0,0.0,0.0033891268599879343,0.0,0.0,0.0,0.9736038476902306,3.772748661518518
2025-04-24,000985.CSI,中证全指,two_speed_category_strong0p25,primary,-0.333333333333,-0.333333333333,0.0,0.0,-0.004807433902697222,-0.0,0.0,-0.0,0.9689233115450481,3.772748661518518
2025-04-25,000985.CSI,中证全指,two_speed_category_strong0p25,primary,-0.333333333333,-0.333333333333,0.0,0.0,0.0019271539333576282,0.0,0.0,0.0,0.970790575916014,3.772748661518518
2025-04-28,000985.CSI,中证全指,two_speed_category_strong0p25,primary,-0.333333333333,-0.333333333333,0.0,0.0,-0.005924897677744512,-0.0,0.0,-0.0,0.965038741087193,3.772748661518518
2025-04-29,000985.CSI,中证全指,two_speed_category_strong0p25,primary,-0.333333333333,-0.333333333333,0.0,0.0,0.001968317179761314,0.0,0.0,0.0,0.9669382434204101,3.772748661518518
2025-04-30,000985.CSI,中证全指,two_speed_category_strong0p25,primary,-0.166666666667,-0.333333333333,0.0,0.0,0.0038202763523806915,0.0,0.0,0.0,0.9706322147259616,3.772748661518518
2025-05-06,000985.CSI,中证全指,two_speed_category_strong0p25,primary,-0.166666666667,-0.166666666667,0.0,0.0,0.018215130894943865,0.0,0.0,0.0,0.9883124075680443,3.772748661518518
2025-05-07,000985.CSI,中证全指,two_speed_category_strong0p25,primary,0.0,-0.166666666667,0.0,0.0,0.005040234944117872,0.0,0.0,0.0,0.993293734300374,3.772748661518518
2025-05-08,000985.CSI,中证全指,two_speed_category_strong0p25,primary,0.0,-0.166666666667,0.0,0.0,0.006623793841912917,0.0,0.0,0.0,0.9998731072208435,3.772748661518518
2025-05-09,000985.CSI,中证全指,two_speed_category_strong0p25,primary,0.0,-0.166666666667,0.0,0.0,-0.0070833919497333975,-0.0,0.0,-0.0,0.9927906141024005,3.772748661518518
2025-05-12,000985.CSI,中证全指,two_speed_category_strong0p25,primary,0.0,0.0,0.0,0.0,0.012755132236203615,0.0,0.0,0.0,1.0054537896681384,3.772748661518518
2025-05-13,000985.CSI,中证全指,two_speed_category_strong0p25,primary,0.166666666667,0.0,0.0,0.0,-0.0006165423239083978,-0.0,0.0,-0.0,1.004833884852074,3.772748661518518
2025-05-14,000985.CSI,中证全指,two_speed_category_strong0p25,primary,0.166666666667,0.0,0.0,0.0,0.006881735787156007,0.0,0.0,0.0,1.0117488861576074,3.772748661518518
2025-05-15,000985.CSI,中证全指,two_speed_category_strong0p25,primary,0.166666666667,0.0,0.0,0.0,-0.011734253954293394,-0.0,0.0,-0.0,0.9998767677894606,3.772748661518518
2025-05-16,000985.CSI,中证全指,two_speed_category_strong0p25,primary,0.166666666667,0.0,0.0,0.0,-0.000423492622431465,-0.0,0.0,-0.0,0.9994533273549611,3.772748661518518
2025-05-19,000985.CSI,中证全指,two_speed_category_strong0p25,primary,0.166666666667,0.166666666667,1.0,1.0,0.0013906739875353402,0.0013906739875353402,0.0005,0.0008906739875353402,1.0008432410990693,3.7761089506128416
2025-05-20,000985.CSI,中证全指,two_speed_category_strong0p25,primary,0.166666666667,0.166666666667,1.0,0.0,0.006549744230655907,0.006549744230655907,0.0,0.006549744230655907,1.0073985083432488,3.800841498426446
2025-05-21,000985.CSI,中证全指,two_speed_category_strong0p25,primary,0.166666666667,0.166666666667,1.0,0.0,0.0006614545037273434,0.0006614545037273434,0.0,0.0006614545037273434,1.0080648566236408,3.803355582153534
2025-05-22,000985.CSI,中证全指,two_speed_category_strong0p25,primary,0.166666666667,0.166666666667,1.0,0.0,-0.006147246043345822,-0.006147246043345822,0.0,-0.006147246043345822,1.0018680339223252,3.7799754195997037
2025-05-23,000985.CSI,中证全指,two_speed_category_strong0p25,primary,0.25,0.166666666667,1.0,0.0,-0.009415343566983925,-0.009415343566983925,0.0,-0.009415343566983925,0.9924351021741677,3.7443856523494183
2025-05-26,000985.CSI,中证全指,two_speed_category_strong0p25,primary,0.166666666667,0.166666666667,1.0,0.0,0.0009541195637325917,0.0009541195637325917,0.0,0.0009541195637325917,0.993382003920887,3.7479582439544847
2025-05-27,000985.CSI,中证全指,two_speed_category_strong0p25,primary,0.083333333333,0.166666666667,1.0,0.0,-0.003163995035443623,-0.003163995035443623,0.0,-0.003163995035443623,0.9902389481921823,3.736099722677563
2025-05-28,000985.CSI,中证全指,two_speed_category_strong0p25,primary,-0.083333333333,0.166666666667,1.0,0.0,-0.0021116073376101774,-0.0021116073376101774,0.0,-0.0021116073376101774,0.9881479523631923,3.728210547089114
2025-05-29,000985.CSI,中证全指,two_speed_category_strong0p25,primary,-0.083333333333,0.166666666667,1.0,0.0,0.011502939710776428,0.011502939710776428,0.0,0.011502939710776428,0.9995145586845533,3.7710959282413605
2025-05-30,000985.CSI,中证全指,two_speed_category_strong0p25,primary,-0.083333333333,0.166666666667,1.0,0.0,-0.00854369248009157,-0.00854369248009157,0.0,-0.00854369248009157,0.990975013665778,3.738876844317541
2025-06-03,000985.CSI,中证全指,two_speed_category_strong0p25,primary,-0.083333333333,-0.083333333333,0.0,1.0,0.004988767062514166,0.0,0.0005,-0.0005,0.9959187571737284,3.7370074058953824
2025-06-04,000985.CSI,中证全指,two_speed_category_strong0p25,primary,-0.083333333333,-0.083333333333,0.0,0.0,0.00683716491962949,0.0,0.0,0.0,1.0027280179630775,3.7370074058953824
2025-06-05,000985.CSI,中证全指,two_speed_category_strong0p25,primary,-0.083333333333,-0.083333333333,0.0,0.0,0.003933926038855118,0.0,0.0,0.0,1.0066726758228322,3.7370074058953824
2025-06-06,000985.CSI,中证全指,two_speed_category_strong0p25,primary,0.0,-0.083333333333,0.0,0.0,-0.0010776478331425698,-0.0,0.0,-0.0,1.0055878371950477,3.7370074058953824
2025-06-09,000985.CSI,中证全指,two_speed_category_strong0p25,primary,0.0,0.0,0.0,0.0,0.00735596927523785,0.0,0.0,0.0,1.0129849104290074,3.7370074058953824
2025-06-10,000985.CSI,中证全指,two_speed_category_strong0p25,primary,0.0,0.0,0.0,0.0,-0.0069316911722494545,-0.0,0.0,-0.0,1.0059632118677648,3.7370074058953824
2025-06-11,000985.CSI,中证全指,two_speed_category_strong0p25,primary,0.0,0.0,0.0,0.0,0.006132879968816507,0.0,0.0,0.0,1.012132663499195,3.7370074058953824
2025-06-12,000985.CSI,中证全指,two_speed_category_strong0p25,primary,0.083333333333,0.0,0.0,0.0,0.0005313244272378004,0.0,0.0,0.0,1.0126704343069173,3.7370074058953824
2025-06-13,000985.CSI,中证全指,two_speed_category_strong0p25,primary,0.083333333333,0.0,0.0,0.0,-0.011443677520308726,-0.0,0.0,-0.0,1.0010817604223579,3.7370074058953824
2025-06-16,000985.CSI,中证全指,two_speed_category_strong0p25,primary,0.083333333333,0.083333333333,1.0,1.0,0.005200098487547988,0.005200098487547988,0.0005,0.004700098487547988,1.006287484170642,3.754571708751787
2025-06-17,000985.CSI,中证全指,two_speed_category_strong0p25,primary,0.25,0.083333333333,1.0,0.0,-0.0012761701271357673,-0.0012761701271357673,0.0,-0.0012761701271357673,1.0050032901440327,3.7497802364968886
2025-06-18,000985.CSI,中证全指,two_speed_category_strong0p25,primary,0.166666666667,0.083333333333,1.0,0.0,-0.00023317215957108228,-0.00023317215957108228,0.0,-0.00023317215957108228,1.0047689513564937,3.7489058921412277
2025-06-19,000985.CSI,中证全指,two_speed_category_strong0p25,primary,0.25,0.083333333333,1.0,0.0,-0.012167813896853175,-0.012167813896853175,0.0,-0.012167813896853175,0.9925431097470515,3.703289902928837
2025-06-20,000985.CSI,中证全指,two_speed_category_strong0p25,primary,0.25,0.083333333333,1.0,0.0,-0.0036286000200957957,-0.0036286000200957957,0.0,-0.0036286000200957957,0.9889415677990774,3.6898521451126487
2025-06-23,000985.CSI,中证全指,two_speed_category_strong0p25,primary,0.333333333333,0.333333333333,1.0,0.0,0.008268081576800812,0.008268081576800812,0.0,0.008268081576800812,0.9971182173563294,3.7203601436547737
2025-06-24,000985.CSI,中证全指,two_speed_category_strong0p25,primary,0.333333333333,0.333333333333,1.0,0.0,0.01542299364353239,0.01542299364353239,0.0,0.01542299364353239,1.0124967652844665,3.7777392345020124
2025-06-25,000985.CSI,中证全指,two_speed_category_strong0p25,primary,0.166666666667,0.333333333333,1.0,0.0,0.013457768139664816,0.013457768139664816,0.0,0.013457768139664816,1.0261227119938254,3.8285791732120553
2025-06-26,000985.CSI,中证全指,two_speed_category_strong0p25,primary,0.333333333333,0.333333333333,1.0,0.0,-0.0034520472610424235,-0.0034520472610424235,0.0,-0.0034520472610424235,1.0225804878963938,3.8153627369634844
2025-06-27,000985.CSI,中证全指,two_speed_category_strong0p25,primary,0.416666666667,0.333333333333,1.0,0.0,-0.0005896598784628226,-0.0005896598784628226,0.0,-0.0005896598784628226,1.0219775132101823,3.8131129706357147
2025-06-30,000985.CSI,中证全指,two_speed_category_strong0p25,primary,0.416666666667,0.416666666667,1.0,0.0,0.00825571304834849,0.00825571304834849,0.0,0.00825571304834849,1.0304146663011102,3.844592937142219
2025-07-01,000985.CSI,中证全指,two_speed_category_strong0p25,primary,0.5,0.416666666667,1.0,0.0,0.0025405765392634283,0.0025405765392634283,0.0,0.0025405765392634283,1.0330325136280278,3.85436041976134
2025-07-02,000985.CSI,中证全指,two_speed_category_strong0p25,primary,0.5,0.416666666667,1.0,0.0,-0.003962296653445718,-0.003962296653445718,0.0,-0.003962296653445718,1.028939332356379,3.839088300368946
2025-07-03,000985.CSI,中证全指,two_speed_category_strong0p25,primary,0.5,0.416666666667,1.0,0.0,0.005967148995527749,0.005967148995527749,0.0,0.005967148995527749,1.0350791666599082,3.8619967122642347
2025-07-04,000985.CSI,中证全指,two_speed_category_strong0p25,primary,0.5,0.416666666667,1.0,0.0,-0.0014956225531891354,-0.0014956225531891354,0.0,-0.0014956225531891354,1.0335310789139154,3.85622062288103
2025-07-07,000985.CSI,中证全指,two_speed_category_strong0p25,primary,0.5,0.5,1.0,0.0,-0.0006272823657103022,-0.0006272823657103022,0.0,-0.0006272823657103022,1.0328827630936992,3.853801683686008
2025-07-08,000985.CSI,中证全指,two_speed_category_strong0p25,primary,0.5,0.5,1.0,0.0,0.010611533839737675,0.010611533839737675,0.0,0.010611533839737675,1.0438432334867498,3.89469643066408
2025-07-09,000985.CSI,中证全指,two_speed_category_strong0p25,primary,0.5,0.5,1.0,0.0,-0.002051548516343815,-0.002051548516343815,0.0,-0.002051548516343815,1.0417017384497944,3.8867062719801417
2025-07-10,000985.CSI,中证全指,two_speed_category_strong0p25,primary,0.333333333333,0.5,1.0,0.0,0.0035924342986661806,0.0035924342986661806,0.0,0.0035924342986661806,1.0454439835039817,3.900669008900444
2025-07-11,000985.CSI,中证全指,two_speed_category_strong0p25,primary,0.416666666667,0.5,1.0,0.0,0.003834524154197716,0.003834524154197716,0.0,0.003834524154197716,1.0494527637105884,3.915626218432603
2025-07-14,000985.CSI,中证全指,two_speed_category_strong0p25,primary,0.416666666667,0.416666666667,1.0,0.0,0.001420854943122718,0.001420854943122718,0.0,0.001420854943122718,1.0509438838574803,3.921189755300484
2025-07-15,000985.CSI,中证全指,two_speed_category_strong0p25,primary,0.25,0.416666666667,1.0,0.0,-0.0020348177104699827,-0.0020348177104699827,0.0,-0.0020348177104699827,1.048805404629897,3.913210848940285
2025-07-16,000985.CSI,中证全指,two_speed_category_strong0p25,primary,0.166666666667,0.416666666667,1.0,0.0,0.00029226682370575574,0.00029226682370575574,0.0,0.00029226682370575574,1.0491119356541936,3.9143545506455957
2025-07-17,000985.CSI,中证全指,two_speed_category_strong0p25,primary,0.166666666667,0.416666666667,1.0,0.0,0.009256647861030975,0.009256647861030975,0.0,0.009256647861030975,1.058823195409349,3.950588352324146
2025-07-18,000985.CSI,中证全指,two_speed_category_strong0p25,primary,0.166666666667,0.416666666667,1.0,0.0,0.0038570226603469315,0.0038570226603469315,0.0,0.0038570226603469315,1.0629071004673438,3.965825861120763
2025-07-21,000985.CSI,中证全指,two_speed_category_strong0p25,primary,0.166666666667,0.166666666667,1.0,0.0,0.009054304439099381,0.009054304439099381,0.0,0.009054304439099381,1.0725309849454556,4.001733655819804
2025-07-22,000985.CSI,中证全指,two_speed_category_strong0p25,primary,0.166666666667,0.166666666667,1.0,0.0,0.00611636273247762,0.00611636273247762,0.0,0.00611636273247762,1.0790909734912035,4.026209710417561
2025-07-23,000985.CSI,中证全指,two_speed_category_strong0p25,primary,0.333333333333,0.166666666667,1.0,0.0,-0.002852417743556823,-0.002852417743556823,0.0,-0.002852417743556823,1.0760129552515052,4.014725278400285
2025-07-24,000985.CSI,中证全指,two_speed_category_strong0p25,primary,0.333333333333,0.166666666667,1.0,0.0,0.010754549821935688,0.010754549821935688,0.0,0.010754549821935688,1.0875849901878059,4.057901841428226
2025-07-25,000985.CSI,中证全指,two_speed_category_strong0p25,primary,0.333333333333,0.166666666667,1.0,0.0,-0.0015594257104635245,-0.0015594257104635245,0.0,-0.0015594257104635245,1.0858889821917928,4.051573844966166
2025-07-28,000985.CSI,中证全指,two_speed_category_strong0p25,primary,0.333333333333,0.333333333333,1.0,0.0,0.0034192627123557084,0.0034192627123557084,0.0,0.0034192627123557084,1.089601921898359,4.065427240340615
2025-07-29,000985.CSI,中证全指,two_speed_category_strong0p25,primary,0.333333333333,0.333333333333,1.0,0.0,0.004489060752612017,0.004489060752612017,0.0,0.004489060752612017,1.0944932111219237,4.083677190207827
2025-07-30,000985.CSI,中证全指,two_speed_category_strong0p25,primary,0.333333333333,0.333333333333,1.0,0.0,-0.003988754616025547,-0.003988754616025547,0.0,-0.003988754616025547,1.0901275462738524,4.067388403965027
2025-07-31,000985.CSI,中证全指,two_speed_category_strong0p25,primary,0.25,0.333333333333,1.0,0.0,-0.013847708971375217,-0.013847708971375217,0.0,-0.013847708971375217,1.0750317772713727,4.011064393073373
2025-08-01,000985.CSI,中证全指,two_speed_category_strong0p25,primary,0.25,0.333333333333,1.0,0.0,-0.0014811128271722263,-0.0014811128271722263,0.0,-0.0014811128271722263,1.0734395339164382,4.005123554150178
2025-08-04,000985.CSI,中证全指,two_speed_category_strong0p25,primary,0.25,0.25,1.0,0.0,0.007454389701778696,0.007454389701778696,0.0,0.007454389701778696,1.081441370523547,4.034979305926587
2025-08-05,000985.CSI,中证全指,two_speed_category_strong0p25,primary,0.083333333333,0.25,1.0,0.0,0.007751993147120384,0.007751993147120384,0.0,0.007751993147120384,1.089824696616858,4.066258437854903
2025-08-06,000985.CSI,中证全指,two_speed_category_strong0p25,primary,-0.25,0.25,0.0,1.0,0.006145988652778378,0.0,0.0005,-0.0005,1.096522746835783,4.064225308635976
2025-08-07,000985.CSI,中证全指,two_speed_category_strong0p25,primary,-0.5,0.25,0.0,0.0,-0.00018379852252548012,-0.0,0.0,-0.0,1.096321207574999,4.064225308635976
2025-08-08,000985.CSI,中证全指,two_speed_category_strong0p25,primary,-0.333333333333,0.25,0.0,0.0,-0.0023382749001432668,-0.0,0.0,-0.0,1.0937577072128317,4.064225308635976
2025-08-11,000985.CSI,中证全指,two_speed_category_strong0p25,primary,-0.333333333333,-0.333333333333,0.0,0.0,0.00983678181504688,0.0,0.0,0.0,1.1045167631372104,4.064225308635976
2025-08-12,000985.CSI,中证全指,two_speed_category_strong0p25,primary,-0.166666666667,-0.333333333333,0.0,0.0,0.0033676411338388057,0.0,0.0,0.0,1.1082363792217658,4.064225308635976
2025-08-13,000985.CSI,中证全指,two_speed_category_strong0p25,primary,-0.166666666667,-0.333333333333,0.0,0.0,0.010125523133480252,0.0,0.0,0.0,1.11945785231694,4.064225308635976
2025-08-14,000985.CSI,中证全指,two_speed_category_strong0p25,primary,-0.166666666667,-0.333333333333,0.0,0.0,-0.008456586363006502,-0.0,0.0,-0.0,1.1099910603090761,4.064225308635976
2025-08-15,000985.CSI,中证全指,two_speed_category_strong0p25,primary,-0.166666666667,-0.333333333333,0.0,0.0,0.014087999908859894,0.0,0.0,0.0,1.1256286142655456,4.064225308635976
2025-08-18,000985.CSI,中证全指,two_speed_category_strong0p25,primary,0.0,0.0,0.0,0.0,0.013774473518482822,0.0,0.0,0.0,1.141133555804393,4.064225308635976
2025-08-19,000985.CSI,中证全指,two_speed_category_strong0p25,primary,0.0,0.0,0.0,0.0,-0.0005675499234877313,-0.0,0.0,-0.0,1.1404859055421068,4.064225308635976
2025-08-20,000985.CSI,中证全指,two_speed_category_strong0p25,primary,-0.083333333333,0.0,0.0,0.0,0.009663675539854921,0.0,0.0,0.0,1.1515071912910433,4.064225308635976
2025-08-21,000985.CSI,中证全指,two_speed_category_strong0p25,primary,-0.083333333333,0.0,0.0,0.0,-0.0013061637309246255,-0.0,0.0,-0.0,1.15000313436188,4.064225308635976
2025-08-22,000985.CSI,中证全指,two_speed_category_strong0p25,primary,-0.083333333333,0.0,0.0,0.0,0.016496821146642304,0.0,0.0,0.0,1.1689745303875259,4.064225308635976
2025-08-25,000985.CSI,中证全指,two_speed_category_strong0p25,primary,-0.083333333333,-0.083333333333,0.0,0.0,0.018085820590332258,0.0,0.0,0.0,1.1901163940187827,4.064225308635976
2025-08-26,000985.CSI,中证全指,two_speed_category_strong0p25,primary,-0.083333333333,-0.083333333333,0.0,0.0,-0.0010984826116665625,-0.0,0.0,-0.0,1.1888090718540938,4.064225308635976
2025-08-27,000985.CSI,中证全指,two_speed_category_strong0p25,primary,-0.083333333333,-0.083333333333,0.0,0.0,-0.01760589678818647,-0.0,0.0,-0.0,1.1678790220341708,4.064225308635976
2025-08-28,000985.CSI,中证全指,two_speed_category_strong0p25,primary,-0.083333333333,-0.083333333333,0.0,0.0,0.015741124572828058,0.0,0.0,0.0,1.1862627512060033,4.064225308635976
2025-08-29,000985.CSI,中证全指,two_speed_category_strong0p25,primary,-0.083333333333,-0.083333333333,0.0,0.0,0.00357751075173085,0.0,0.0,0.0,1.1905066189528206,4.064225308635976
2025-09-01,000985.CSI,中证全指,two_speed_category_strong0p25,primary,-0.083333333333,-0.083333333333,0.0,0.0,0.007948914589821943,0.0,0.0,0.0,1.1999698543854942,4.064225308635976
2025-09-02,000985.CSI,中证全指,two_speed_category_strong0p25,primary,0.0,-0.083333333333,0.0,0.0,-0.014810717242482618,-0.0,0.0,-0.0,1.1821974401726876,4.064225308635976
2025-09-03,000985.CSI,中证全指,two_speed_category_strong0p25,primary,-0.166666666667,-0.083333333333,0.0,0.0,-0.012027003937086,-0.0,0.0,-0.0,1.1679791469053176,4.064225308635976
2025-09-04,000985.CSI,中证全指,two_speed_category_strong0p25,primary,-0.166666666667,-0.083333333333,0.0,0.0,-0.020216700883904704,-0.0,0.0,-0.0,1.1443664618536946,4.064225308635976
2025-09-05,000985.CSI,中证全指,two_speed_category_strong0p25,primary,-0.166666666667,-0.083333333333,0.0,0.0,0.025532806543875575,0.0,0.0,0.0,1.1735853493395043,4.064225308635976
2025-09-08,000985.CSI,中证全指,two_speed_category_strong0p25,primary,-0.333333333333,-0.333333333333,0.0,0.0,0.006846567497972966,0.0,0.0,0.0,1.1816203806483894,4.064225308635976
2025-09-09,000985.CSI,中证全指,two_speed_category_strong0p25,primary,-0.333333333333,-0.333333333333,0.0,0.0,-0.009060526245891709,-0.0,0.0,-0.0,1.170914278176844,4.064225308635976
2025-09-10,000985.CSI,中证全指,two_speed_category_strong0p25,primary,-0.416666666667,-0.333333333333,0.0,0.0,0.0020345658602261008,0.0,0.0,0.0,1.173296580392474,4.064225308635976
2025-09-11,000985.CSI,中证全指,two_speed_category_strong0p25,primary,-0.416666666667,-0.333333333333,0.0,0.0,0.02271704159687138,0.0,0.0,0.0,1.1999504076147167,4.064225308635976
2025-09-12,000985.CSI,中证全指,two_speed_category_strong0p25,primary,-0.416666666667,-0.333333333333,0.0,0.0,-0.0017455324744161116,-0.0,0.0,-0.0,1.1978558552105363,4.064225308635976
2025-09-15,000985.CSI,中证全指,two_speed_category_strong0p25,primary,-0.416666666667,-0.416666666667,0.0,0.0,0.0008464763967981348,0.0,0.0,0.0,1.1988698119187384,4.064225308635976
2025-09-16,000985.CSI,中证全指,two_speed_category_strong0p25,primary,-0.416666666667,-0.416666666667,0.0,0.0,0.004644578400518462,0.0,0.0,0.0,1.20443805675221,4.064225308635976
2025-09-17,000985.CSI,中证全指,two_speed_category_strong0p25,primary,-0.583333333333,-0.416666666667,0.0,0.0,0.006718899349838825,0.0,0.0,0.0,1.2125305548286436,4.064225308635976
2025-09-18,000985.CSI,中证全指,two_speed_category_strong0p25,primary,-0.416666666667,-0.416666666667,0.0,0.0,-0.010828165969429482,-0.0,0.0,-0.0,1.1994010727379547,4.064225308635976
2025-09-19,000985.CSI,中证全指,two_speed_category_strong0p25,primary,-0.416666666667,-0.416666666667,0.0,0.0,-0.0030542514337190685,-0.0,0.0,-0.0,1.1957378002919405,4.064225308635976
2025-09-22,000985.CSI,中证全指,two_speed_category_strong0p25,primary,-0.416666666667,-0.416666666667,0.0,0.0,0.0050715739506346225,0.0,0.0,0.0,1.2018020729716903,4.064225308635976
2025-09-23,000985.CSI,中证全指,two_speed_category_strong0p25,primary,-0.583333333333,-0.416666666667,0.0,0.0,-0.0062105549494330115,-0.0,0.0,-0.0,1.194338215159157,4.064225308635976
2025-09-24,000985.CSI,中证全指,two_speed_category_strong0p25,primary,-0.583333333333,-0.416666666667,0.0,0.0,0.01385113640115665,0.0,0.0,0.0,1.2108811566864406,4.064225308635976
2025-09-25,000985.CSI,中证全指,two_speed_category_strong0p25,primary,-0.583333333333,-0.416666666667,0.0,0.0,0.001585956641048547,0.0,0.0,0.0,1.212801561698408,4.064225308635976
2025-09-26,000985.CSI,中证全指,two_speed_category_strong0p25,primary,-0.583333333333,-0.416666666667,0.0,0.0,-0.012046947278093079,-0.0,0.0,-0.0,1.1981910052258384,4.064225308635976
2025-09-29,000985.CSI,中证全指,two_speed_category_strong0p25,primary,-0.583333333333,-0.583333333333,0.0,0.0,0.01380895873556387,0.0,0.0,0.0,1.214736775374326,4.064225308635976
2025-09-30,000985.CSI,中证全指,two_speed_category_strong0p25,primary,-0.666666666667,-0.583333333333,0.0,0.0,0.005994555419344572,0.0,0.0,0.0,1.222018582294223,4.064225308635976
2025-10-09,000985.CSI,中证全指,two_speed_category_strong0p25,primary,-0.666666666667,-0.666666666667,0.0,0.0,0.013171937308677828,0.0,0.0,0.0,1.238114934450242,4.064225308635976
2025-10-10,000985.CSI,中证全指,two_speed_category_strong0p25,primary,-0.666666666667,-0.666666666667,0.0,0.0,-0.016328845674793313,-0.0,0.0,-0.0,1.2178979467579472,4.064225308635976
2025-10-13,000985.CSI,中证全指,two_speed_category_strong0p25,primary,-0.75,-0.75,0.0,0.0,-0.0037043718145182147,-0.0,0.0,-0.0,1.2133863999310175,4.064225308635976
2025-10-14,000985.CSI,中证全指,two_speed_category_strong0p25,primary,-0.666666666667,-0.75,0.0,0.0,-0.01587695912476017,-0.0,0.0,-0.0,1.1941215136567729,4.064225308635976
2025-10-15,000985.CSI,中证全指,two_speed_category_strong0p25,primary,-0.666666666667,-0.75,0.0,0.0,0.014831942212988558,0.0,0.0,0.0,1.2118326549426166,4.064225308635976
2025-10-16,000985.CSI,中证全指,two_speed_category_strong0p25,primary,-0.666666666667,-0.75,0.0,0.0,-0.004444496467407966,-0.0,0.0,-0.0,1.2064466689886346,4.064225308635976
2025-10-17,000985.CSI,中证全指,two_speed_category_strong0p25,primary,-0.666666666667,-0.75,0.0,0.0,-0.02553675996118332,-0.0,0.0,-0.0,1.1756379299967026,4.064225308635976
2025-10-20,000985.CSI,中证全指,two_speed_category_strong0p25,primary,-0.666666666667,-0.666666666667,0.0,0.0,0.007907509057954565,0.0,0.0,0.0,1.1849342975770265,4.064225308635976
2025-10-21,000985.CSI,中证全指,two_speed_category_strong0p25,primary,-0.75,-0.666666666667,0.0,0.0,0.016091035961148137,0.0,0.0,0.0,1.2040011179709362,4.064225308635976
2025-10-22,000985.CSI,中证全指,two_speed_category_strong0p25,primary,-0.75,-0.666666666667,0.0,0.0,-0.004129381660496367,-0.0,0.0,-0.0,1.19902933783517,4.064225308635976
2025-10-23,000985.CSI,中证全指,two_speed_category_strong0p25,primary,-0.666666666667,-0.666666666667,0.0,0.0,0.0013623239212767757,0.0,0.0,0.0,1.2006628041844154,4.064225308635976
2025-10-24,000985.CSI,中证全指,two_speed_category_strong0p25,primary,-0.666666666667,-0.666666666667,0.0,0.0,0.01208961252686791,0.0,0.0,0.0,1.2151783522624278,4.064225308635976
2025-10-27,000985.CSI,中证全指,two_speed_category_strong0p25,primary,-0.75,-0.75,0.0,0.0,0.012066396296056547,0.0,0.0,0.0,1.2298411758312153,4.064225308635976
2025-10-28,000985.CSI,中证全指,two_speed_category_strong0p25,primary,-0.583333333333,-0.75,0.0,0.0,-0.0033713103800179223,-0.0,0.0,-0.0,1.225694999509362,4.064225308635976
2025-10-29,000985.CSI,中证全指,two_speed_category_strong0p25,primary,-0.666666666667,-0.75,0.0,0.0,0.011548518413003306,0.0,0.0,0.0,1.239849960779922,4.064225308635976
2025-10-30,000985.CSI,中证全指,two_speed_category_strong0p25,primary,-0.666666666667,-0.75,0.0,0.0,-0.010449249100922597,-0.0,0.0,-0.0,1.2268944596919635,4.064225308635976
2025-10-31,000985.CSI,中证全指,two_speed_category_strong0p25,primary,-0.666666666667,-0.75,0.0,0.0,-0.0054681684168477185,-0.0,0.0,-0.0,1.2201855941566704,4.064225308635976
2025-11-03,000985.CSI,中证全指,two_speed_category_strong0p25,primary,-0.666666666667,-0.666666666667,0.0,0.0,0.0037553644136496533,0.0,0.0,0.0,1.2247678357150142,4.064225308635976
2025-11-04,000985.CSI,中证全指,two_speed_category_strong0p25,primary,-0.75,-0.666666666667,0.0,0.0,-0.010316642997238556,-0.0,0.0,-0.0,1.212132343199442,4.064225308635976
2025-11-05,000985.CSI,中证全指,two_speed_category_strong0p25,primary,-0.75,-0.666666666667,0.0,0.0,0.0034318201991421216,0.0,0.0,0.0,1.2162921634588673,4.064225308635976
2025-11-06,000985.CSI,中证全指,two_speed_category_strong0p25,primary,-0.583333333333,-0.666666666667,0.0,0.0,0.012111280916740297,0.0,0.0,0.0,1.2310230195273475,4.064225308635976
2025-11-07,000985.CSI,中证全指,two_speed_category_strong0p25,primary,-0.666666666667,-0.666666666667,0.0,0.0,-0.00256398559561688,-0.0,0.0,-0.0,1.2278666942374066,4.064225308635976
2025-11-10,000985.CSI,中证全指,two_speed_category_strong0p25,primary,-0.5,-0.5,0.0,0.0,0.003909832043561767,0.0,0.0,0.0,1.2326674467837582,4.064225308635976
2025-11-11,000985.CSI,中证全指,two_speed_category_strong0p25,primary,-0.5,-0.5,0.0,0.0,-0.0052332338799098155,-0.0,0.0,-0.0,1.2262166097385874,4.064225308635976
2025-11-12,000985.CSI,中证全指,two_speed_category_strong0p25,primary,-0.5,-0.5,0.0,0.0,-0.004074092116268635,-0.0,0.0,-0.0,1.2212208903160138,4.064225308635976
2025-11-13,000985.CSI,中证全指,two_speed_category_strong0p25,primary,-0.5,-0.5,0.0,0.0,0.013007709926454059,0.0,0.0,0.0,1.2371061774133705,4.064225308635976
2025-11-14,000985.CSI,中证全指,two_speed_category_strong0p25,primary,-0.5,-0.5,0.0,0.0,-0.012756418466450481,-0.0,0.0,-0.0,1.2213251333268547,4.064225308635976
2025-11-17,000985.CSI,中证全指,two_speed_category_strong0p25,primary,-0.5,-0.5,0.0,0.0,-0.0013624876548130604,-0.0,0.0,-0.0,1.2196610929101839,4.064225308635976
2025-11-18,000985.CSI,中证全指,two_speed_category_strong0p25,primary,-0.5,-0.5,0.0,0.0,-0.009298657793141873,-0.0,0.0,-0.0,1.2083198817836027,4.064225308635976
2025-11-19,000985.CSI,中证全指,two_speed_category_strong0p25,primary,-0.5,-0.5,0.0,0.0,-0.002807285750988431,-0.0,0.0,-0.0,1.2049277825968356,4.064225308635976
2025-11-20,000985.CSI,中证全指,two_speed_category_strong0p25,primary,-0.5,-0.5,0.0,0.0,-0.00647337033914519,-0.0,0.0,-0.0,1.1971278388281612,4.064225308635976
2025-11-21,000985.CSI,中证全指,two_speed_category_strong0p25,primary,-0.5,-0.5,0.0,0.0,-0.031326702707037746,-0.0,0.0,-0.0,1.1596257709188729,4.064225308635976
2025-11-24,000985.CSI,中证全指,two_speed_category_strong0p25,primary,-0.5,-0.5,0.0,0.0,0.005956244491614138,0.0,0.0,0.0,1.1665327855292422,4.064225308635976
2025-11-25,000985.CSI,中证全指,two_speed_category_strong0p25,primary,-0.416666666667,-0.5,0.0,0.0,0.012059974412541363,0.0,0.0,0.0,1.1806011410741155,4.064225308635976
2025-11-26,000985.CSI,中证全指,two_speed_category_strong0p25,primary,-0.416666666667,-0.5,0.0,0.0,0.0024232048132264428,0.0,0.0,0.0,1.183461979441667,4.064225308635976
2025-11-27,000985.CSI,中证全指,two_speed_category_strong0p25,primary,-0.333333333333,-0.5,0.0,0.0,-1.2056068027344047e-05,-0.0,0.0,-0.0,1.1834477115435351,4.064225308635976
2025-11-28,000985.CSI,中证全指,two_speed_category_strong0p25,primary,-0.5,-0.5,0.0,0.0,0.007514641313328685,0.0,0.0,0.0,1.1923408966088644,4.064225308635976
2025-12-01,000985.CSI,中证全指,two_speed_category_strong0p25,primary,-0.5,-0.5,0.0,0.0,0.009490454920531022,0.0,0.0,0.0,1.2036567541380363,4.064225308635976
2025-12-02,000985.CSI,中证全指,two_speed_category_strong0p25,primary,-0.5,-0.5,0.0,0.0,-0.006354376125797145,-0.0,0.0,-0.0,1.196008266395887,4.064225308635976
2025-12-03,000985.CSI,中证全指,two_speed_category_strong0p25,primary,-0.333333333333,-0.5,0.0,0.0,-0.006925966513095849,-0.0,0.0,-0.0,1.1877247531934434,4.064225308635976
2025-12-04,000985.CSI,中证全指,two_speed_category_strong0p25,primary,-0.25,-0.5,0.0,0.0,0.00021439167932624237,0.0,0.0,0.0,1.1879793914978578,4.064225308635976
2025-12-05,000985.CSI,中证全指,two_speed_category_strong0p25,primary,-0.25,-0.5,0.0,0.0,0.011385289303876833,0.0,0.0,0.0,1.2015048805571045,4.064225308635976
2025-12-08,000985.CSI,中证全指,two_speed_category_strong0p25,primary,-0.25,-0.25,0.0,0.0,0.010164898543248091,0.0,0.0,0.0,1.213718055767185,4.064225308635976
2025-12-09,000985.CSI,中证全指,two_speed_category_strong0p25,primary,-0.083333333333,-0.25,0.0,0.0,-0.005604679920757416,-0.0,0.0,-0.0,1.2069155545505659,4.064225308635976
2025-12-10,000985.CSI,中证全指,two_speed_category_strong0p25,primary,-0.083333333333,-0.25,0.0,0.0,0.0011215876955812387,0.0,0.0,0.0,1.2082692161861555,4.064225308635976
2025-12-11,000985.CSI,中证全指,two_speed_category_strong0p25,primary,0.083333333333,-0.25,0.0,0.0,-0.011065688579683264,-0.0,0.0,-0.0,1.1948988853194216,4.064225308635976
2025-12-12,000985.CSI,中证全指,two_speed_category_strong0p25,primary,0.083333333333,-0.25,0.0,0.0,0.0074489092759941755,0.0,0.0,0.0,1.2037995787101525,4.064225308635976
2025-12-15,000985.CSI,中证全指,two_speed_category_strong0p25,primary,0.083333333333,0.083333333333,1.0,1.0,-0.006273523575312856,-0.006273523575312856,0.0005,-0.006773523575312856,1.1962475136731627,4.036696182692547
2025-12-16,000985.CSI,中证全指,two_speed_category_strong0p25,primary,0.083333333333,0.083333333333,1.0,0.0,-0.014492171549825628,-0.014492171549825628,0.0,-0.014492171549825628,1.1789112894889588,3.978195689118441
2025-12-17,000985.CSI,中证全指,two_speed_category_strong0p25,primary,0.25,0.083333333333,1.0,0.0,0.015530518413161332,0.015530518413161332,0.0,0.015530518413161332,1.1972203929778509,4.039979130519454
2025-12-18,000985.CSI,中证全指,two_speed_category_strong0p25,primary,0.166666666667,0.083333333333,1.0,0.0,-0.003940217063210016,-0.003940217063210016,0.0,-0.003940217063210016,1.1925030847570166,4.024060735814369
2025-12-19,000985.CSI,中证全指,two_speed_category_strong0p25,primary,0.166666666667,0.083333333333,1.0,0.0,0.007671965483585286,0.007671965483585286,0.0,0.007671965483585286,1.2016519272623414,4.054933190883387
2025-12-22,000985.CSI,中证全指,two_speed_category_strong0p25,primary,0.333333333333,0.333333333333,1.0,0.0,0.010038462923800173,0.010038462923800173,0.0,0.010038462923800173,1.2137146655814774,4.095638487378557
2025-12-23,000985.CSI,中证全指,two_speed_category_strong0p25,primary,0.333333333333,0.333333333333,1.0,0.0,-0.0006970911238566302,-0.0006970911238566302,0.0,-0.0006970911238566302,1.212868595861206,4.09278345414248
2025-12-24,000985.CSI,中证全指,two_speed_category_strong0p25,primary,0.333333333333,0.333333333333,1.0,0.0,0.008950594186616145,0.008950594186616145,0.0,0.008950594186616145,1.2237244904644506,4.129416297934206
2025-12-25,000985.CSI,中证全指,two_speed_category_strong0p25,primary,0.416666666667,0.333333333333,1.0,0.0,0.005933752796535963,0.005933752796535963,0.0,0.005933752796535963,1.2309857690819337,4.153919233440134
2025-12-26,000985.CSI,中证全指,two_speed_category_strong0p25,primary,0.416666666667,0.333333333333,1.0,0.0,0.0033317817774005665,0.0033317817774005665,0.0,0.0033317817774005665,1.2350871450356002,4.167759185846903
2025-12-29,000985.CSI,中证全指,two_speed_category_strong0p25,primary,0.333333333333,0.333333333333,1.0,0.0,-0.0028929182576887813,-0.0028929182576887813,0.0,-0.0028929182576887813,1.23151413888389,4.155702199204517
2025-12-30,000985.CSI,中证全指,two_speed_category_strong0p25,primary,0.333333333333,0.333333333333,1.0,0.0,0.001324682868445226,0.001324682868445226,0.0,0.001324682868445226,1.2331455045659174,4.161207186714163
2025-12-31,000985.CSI,中证全指,two_speed_category_strong0p25,primary,0.333333333333,0.333333333333,1.0,0.0,-0.0016602577562140342,-0.0016602577562140342,0.0,-0.0016602577562140342,1.2310981651774213,4.154298510207208
2026-01-05,000985.CSI,中证全指,two_speed_category_strong0p25,primary,0.333333333333,0.333333333333,1.0,0.0,0.0197442344128691,0.0197442344128691,0.0,0.0197442344128691,1.2554052559359374,4.236321953813772
2026-01-06,000985.CSI,中证全指,two_speed_category_strong0p25,primary,0.333333333333,0.333333333333,1.0,0.0,0.01585657032175214,0.01585657032175214,0.0,0.01585657032175214,1.2753116776589828,4.303495490780002
2026-01-07,000985.CSI,中证全指,two_speed_category_strong0p25,primary,0.333333333333,0.333333333333,1.0,0.0,0.0017730663878399167,0.0017730663878399167,0.0,0.0017730663878399167,1.2775728899286596,4.311125873984925
2026-01-08,000985.CSI,中证全指,two_speed_category_strong0p25,primary,0.333333333333,0.333333333333,1.0,0.0,0.00048421135298903906,0.00048421135298903906,0.0,0.00048421135298903906,1.278191505226234,4.313213370077273
2026-01-09,000985.CSI,中证全指,two_speed_category_strong0p25,primary,0.333333333333,0.333333333333,1.0,0.0,0.01173877335008422,0.01173877335008422,0.0,0.01173877335008422,1.2931959056040878,4.363845204239163
2026-01-12,000985.CSI,中证全指,two_speed_category_strong0p25,primary,0.333333333333,0.333333333333,1.0,0.0,0.017362646941842197,0.017362646941842197,0.0,0.017362646941842197,1.3156492095397274,4.439613107829219
2026-01-13,000985.CSI,中证全指,two_speed_category_strong0p25,primary,0.333333333333,0.333333333333,1.0,0.0,-0.011729713076774395,-0.011729713076774395,0.0,-0.011729713076774395,1.3002170218021414,4.387537719902496
2026-01-14,000985.CSI,中证全指,two_speed_category_strong0p25,primary,0.166666666667,0.333333333333,1.0,0.0,0.0030342296417056325,0.0030342296417056325,0.0,0.0030342296417056325,1.3041621788303437,4.400850516906326
2026-01-15,000985.CSI,中证全指,two_speed_category_strong0p25,primary,0.166666666667,0.333333333333,1.0,0.0,-0.0016881679829767737,-0.0016881679829767737,0.0,-0.0016881679829767737,1.301960533995433,4.393421141965818
2026-01-16,000985.CSI,中证全指,two_speed_category_strong0p25,primary,0.166666666667,0.333333333333,1.0,0.0,-0.002060969376234345,-0.002060969376234345,0.0,-0.002060969376234345,1.2992772332058027,4.384366435535326
2026-01-19,000985.CSI,中证全指,two_speed_category_strong0p25,primary,0.166666666667,0.166666666667,1.0,0.0,0.004087038092371875,0.004087038092371875,0.0,0.004087038092371875,1.3045874287504664,4.4022855081682755
2026-01-20,000985.CSI,中证全指,two_speed_category_strong0p25,primary,0.166666666667,0.166666666667,1.0,0.0,-0.00587942379274542,-0.00587942379274542,0.0,-0.00587942379274542,1.2969172063821544,4.376402606009092
2026-01-21,000985.CSI,中证全指,two_speed_category_strong0p25,primary,0.166666666667,0.166666666667,1.0,0.0,0.0055628568537324785,0.0055628568537324785,0.0,0.0055628568537324785,1.304131771152401,4.400747907240623
2026-01-22,000985.CSI,中证全指,two_speed_category_strong0p25,primary,0.333333333333,0.166666666667,1.0,0.0,0.004433611579078622,0.004433611579078622,0.0,0.004433611579078622,1.3099137848736266,4.420259114118771
2026-01-23,000985.CSI,中证全指,two_speed_category_strong0p25,primary,0.166666666667,0.166666666667,1.0,0.0,0.00932974524458774,0.00932974524458774,0.0,0.00932974524458774,1.3221349467788712,4.461499005568566
2026-01-26,000985.CSI,中证全指,two_speed_category_strong0p25,primary,-0.083333333333,-0.083333333333,0.0,1.0,-0.006606794170883945,-0.0,0.0005,-0.0005,1.3133998733193706,4.459268256065782
2026-01-27,000985.CSI,中证全指,two_speed_category_strong0p25,primary,-0.083333333333,-0.083333333333,0.0,0.0,0.0014180131391201556,0.0,0.0,0.0,1.315262291596656,4.459268256065782
2026-01-28,000985.CSI,中证全指,two_speed_category_strong0p25,primary,-0.083333333333,-0.083333333333,0.0,0.0,0.0012190817445292268,0.0,0.0,0.0,1.3168657038456093,4.459268256065782
2026-01-29,000985.CSI,中证全指,two_speed_category_strong0p25,primary,-0.083333333333,-0.083333333333,0.0,0.0,-0.0018498345088158175,-0.0,0.0,-0.0,1.3144297202231596,4.459268256065782
2026-01-30,000985.CSI,中证全指,two_speed_category_strong0p25,primary,-0.083333333333,-0.083333333333,0.0,0.0,-0.009587559401460277,-0.0,0.0,-0.0,1.3018275472014753,4.459268256065782
2026-02-02,000985.CSI,中证全指,two_speed_category_strong0p25,primary,-0.083333333333,-0.083333333333,0.0,0.0,-0.02730462266961753,-0.0,0.0,-0.0,1.2662816372442254,4.459268256065782
2026-02-03,000985.CSI,中证全指,two_speed_category_strong0p25,primary,-0.25,-0.083333333333,0.0,0.0,0.02116367137219588,0.0,0.0,0.0,1.2930808056795082,4.459268256065782
2026-02-04,000985.CSI,中证全指,two_speed_category_strong0p25,primary,-0.25,-0.083333333333,0.0,0.0,0.004553163747194056,0.0,0.0,0.0,1.2989684143261206,4.459268256065782
2026-02-05,000985.CSI,中证全指,two_speed_category_strong0p25,primary,-0.25,-0.083333333333,0.0,0.0,-0.011096840777404804,-0.0,0.0,-0.0,1.2845539686574656,4.459268256065782
2026-02-06,000985.CSI,中证全指,two_speed_category_strong0p25,primary,-0.25,-0.083333333333,0.0,0.0,-0.0023505979617723938,-0.0,0.0,-0.0,1.2815344987169528,4.459268256065782
2026-02-09,000985.CSI,中证全指,two_speed_category_strong0p25,primary,-0.333333333333,-0.333333333333,0.0,0.0,0.019073544541015508,0.0,0.0,0.0,1.3059779040590787,4.459268256065782
2026-02-10,000985.CSI,中证全指,two_speed_category_strong0p25,primary,-0.333333333333,-0.333333333333,0.0,0.0,0.0006565711388863971,0.0,0.0,0.0,1.3068353714589072,4.459268256065782
2026-02-11,000985.CSI,中证全指,two_speed_category_strong0p25,primary,-0.416666666667,-0.333333333333,0.0,0.0,-0.001677966666823183,-0.0,0.0,-0.0,1.3046425452665735,4.459268256065782
2026-02-12,000985.CSI,中证全指,two_speed_category_strong0p25,primary,-0.416666666667,-0.333333333333,0.0,0.0,0.0043328756262597246,0.0,0.0,0.0,1.3102953991519406,4.459268256065782
2026-02-13,000985.CSI,中证全指,two_speed_category_strong0p25,primary,-0.166666666667,-0.333333333333,0.0,0.0,-0.011484555941747132,-0.0,0.0,-0.0,1.2952472383401663,4.459268256065782
2026-02-24,000985.CSI,中证全指,two_speed_category_strong0p25,primary,-0.166666666667,-0.166666666667,0.0,0.0,0.010876840400544374,0.0,0.0,0.0,1.3093354358308382,4.459268256065782
2026-02-25,000985.CSI,中证全指,two_speed_category_strong0p25,primary,-0.166666666667,-0.166666666667,0.0,0.0,0.010367100760160008,0.0,0.0,0.0,1.3229094482229447,4.459268256065782
2026-02-26,000985.CSI,中证全指,two_speed_category_strong0p25,primary,-0.25,-0.166666666667,0.0,0.0,0.0020698230887059577,0.0,0.0,0.0,1.3256476367431438,4.459268256065782
2026-02-27,000985.CSI,中证全指,two_speed_category_strong0p25,primary,-0.25,-0.166666666667,0.0,0.0,0.0038830609895450507,0.0,0.0,0.0,1.3307952073672638,4.459268256065782
2026-03-02,000985.CSI,中证全指,two_speed_category_strong0p25,primary,-0.416666666667,-0.416666666667,0.0,0.0,-0.0035582477735300877,-0.0,0.0,-0.0,1.3260599082836246,4.459268256065782
2026-03-03,000985.CSI,中证全指,two_speed_category_strong0p25,primary,-0.583333333333,-0.416666666667,0.0,0.0,-0.029423728345680522,-0.0,0.0,-0.0,1.2870422817721892,4.459268256065782
2026-03-04,000985.CSI,中证全指,two_speed_category_strong0p25,primary,-0.416666666667,-0.416666666667,0.0,0.0,-0.0072568705480641205,-0.0,0.0,-0.0,1.2777023825434832,4.459268256065782
2026-03-05,000985.CSI,中证全指,two_speed_category_strong0p25,primary,-0.416666666667,-0.416666666667,0.0,0.0,0.010682140586218747,0.0,0.0,0.0,1.2913509790211593,4.459268256065782
2026-03-06,000985.CSI,中证全指,two_speed_category_strong0p25,primary,-0.416666666667,-0.416666666667,0.0,0.0,0.007016851182414907,0.0,0.0,0.0,1.3004121966652165,4.459268256065782
2026-03-09,000985.CSI,中证全指,two_speed_category_strong0p25,primary,-0.583333333333,-0.583333333333,0.0,0.0,-0.008468939228535644,-0.0,0.0,-0.0,1.2893990847996122,4.459268256065782
2026-03-10,000985.CSI,中证全指,two_speed_category_strong0p25,primary,-0.416666666667,-0.583333333333,0.0,0.0,0.015610800348464515,0.0,0.0,0.0,1.3095276364819117,4.459268256065782
2026-03-11,000985.CSI,中证全指,two_speed_category_strong0p25,primary,-0.416666666667,-0.583333333333,0.0,0.0,0.0026715780281512114,0.0,0.0,0.0,1.3130261417427935,4.459268256065782
2026-03-12,000985.CSI,中证全指,two_speed_category_strong0p25,primary,-0.416666666667,-0.583333333333,0.0,0.0,-0.005282570809520215,-0.0,0.0,-0.0,1.306089988174286,4.459268256065782
2026-03-13,000985.CSI,中证全指,two_speed_category_strong0p25,primary,-0.416666666667,-0.583333333333,0.0,0.0,-0.009398670061895098,-0.0,0.0,-0.0,1.2938144793042914,4.459268256065782
2026-03-16,000985.CSI,中证全指,two_speed_category_strong0p25,primary,-0.25,-0.25,0.0,0.0,-0.0005767238244730466,-0.0,0.0,-0.0,1.2930683056696284,4.459268256065782
2026-03-17,000985.CSI,中证全指,two_speed_category_strong0p25,primary,-0.25,-0.25,0.0,0.0,-0.015585145247337229,-0.0,0.0,-0.0,1.2729156483110389,4.459268256065782
2026-03-18,000985.CSI,中证全指,two_speed_category_strong0p25,primary,-0.25,-0.25,0.0,0.0,0.008046650833564595,0.0,0.0,0.0,1.2831583560735782,4.459268256065782
2026-03-19,000985.CSI,中证全指,two_speed_category_strong0p25,primary,-0.25,-0.25,0.0,0.0,-0.021110118851519477,-0.0,0.0,-0.0,1.2560707306715446,4.459268256065782
2026-03-20,000985.CSI,中证全指,two_speed_category_strong0p25,primary,-0.25,-0.25,0.0,0.0,-0.01213640923930892,-0.0,0.0,-0.0,1.240826542250597,4.459268256065782
2026-03-23,000985.CSI,中证全指,two_speed_category_strong0p25,primary,-0.166666666667,-0.166666666667,0.0,0.0,-0.0406438483530025,-0.0,0.0,-0.0,1.1903945764349833,4.459268256065782
2026-03-24,000985.CSI,中证全指,two_speed_category_strong0p25,primary,-0.166666666667,-0.166666666667,0.0,0.0,0.021021217306611772,0.0,0.0,0.0,1.2154181195068352,4.459268256065782
2026-03-25,000985.CSI,中证全指,two_speed_category_strong0p25,primary,-0.166666666667,-0.166666666667,0.0,0.0,0.017946256443898356,0.0,0.0,0.0,1.2372303247660656,4.459268256065782
2026-03-26,000985.CSI,中证全指,two_speed_category_strong0p25,primary,0.0,-0.166666666667,0.0,0.0,-0.014575852965169722,-0.0,0.0,-0.0,1.2191966374682264,4.459268256065782
2026-03-27,000985.CSI,中证全指,two_speed_category_strong0p25,primary,0.166666666667,-0.166666666667,0.0,0.0,0.01028938980255667,0.0,0.0,0.0,1.2317414269171034,4.459268256065782
2026-03-30,000985.CSI,中证全指,two_speed_category_strong0p25,primary,0.0,0.0,0.0,0.0,0.0005074796341586474,0.0,0.0,0.0,1.2323665106058133,4.459268256065782
2026-03-31,000985.CSI,中证全指,two_speed_category_strong0p25,primary,0.0,0.0,0.0,0.0,-0.013986247077847902,-0.0,0.0,-0.0,1.215130328098015,4.459268256065782
2026-04-01,000985.CSI,中证全指,two_speed_category_strong0p25,primary,0.0,0.0,0.0,0.0,0.017841868894357793,0.0,0.0,0.0,1.2368105241014977,4.459268256065782
2026-04-02,000985.CSI,中证全指,two_speed_category_strong0p25,primary,0.0,0.0,0.0,0.0,-0.01448548504423619,-0.0,0.0,-0.0,1.2188947237520715,4.459268256065782
2026-04-03,000985.CSI,中证全指,two_speed_category_strong0p25,primary,0.0,0.0,0.0,0.0,-0.011765871825486385,-0.0,0.0,-0.0,1.204553364663643,4.459268256065782
2026-04-07,000985.CSI,中证全指,two_speed_category_strong0p25,primary,0.166666666667,0.166666666667,1.0,1.0,0.005397127646642685,0.005397127646642685,0.0005,0.004897127646642685,1.2110544929299256,4.481105861926358
2026-04-08,000985.CSI,中证全指,two_speed_category_strong0p25,primary,0.166666666667,0.166666666667,1.0,0.0,0.0407027757043954,0.0407027757043954,0.0,0.0407027757043954,1.2603477723214527,4.663499308731998
2026-04-09,000985.CSI,中证全指,two_speed_category_strong0p25,primary,0.166666666667,0.166666666667,1.0,0.0,-0.006550487674626293,-0.006550487674626293,0.0,-0.006550487674626293,1.2520918797731182,4.632951113989521
2026-04-10,000985.CSI,中证全指,two_speed_category_strong0p25,primary,0.166666666667,0.166666666667,1.0,0.0,0.011629282998006696,0.011629282998006696,0.0,0.011629282998006696,1.266652810582506,4.686829013610036
2026-04-13,000985.CSI,中证全指,two_speed_category_strong0p25,primary,0.333333333333,0.333333333333,1.0,0.0,0.002262784882367308,0.002262784882367308,0.0,0.002262784882367308,1.2695189734135,4.697434299448274
2026-04-14,000985.CSI,中证全指,two_speed_category_strong0p25,primary,0.333333333333,0.333333333333,1.0,0.0,0.01271176333124191,0.01271176333124191,0.0,0.01271176333124191,1.2856567981480536,4.757146972526918
2026-04-15,000985.CSI,中证全指,two_speed_category_strong0p25,primary,0.333333333333,0.333333333333,1.0,0.0,-0.004444600467237936,-0.004444600467237936,0.0,-0.004444600467237936,1.279942567342297,4.736003354870106
2026-04-16,000985.CSI,中证全指,two_speed_category_strong0p25,primary,0.5,0.333333333333,1.0,0.0,0.013897768899662877,0.013897768899662877,0.0,0.013897768899662877,1.2977309133480615,4.801823235004119
2026-04-17,000985.CSI,中证全指,two_speed_category_strong0p25,primary,0.666666666667,0.333333333333,1.0,0.0,0.0023444882545038404,0.0023444882545038404,0.0,0.0023444882545038404,1.3007734282319126,4.81308105317879
2026-04-20,000985.CSI,中证全指,two_speed_category_strong0p25,primary,0.5,0.5,1.0,0.0,0.007371212327016208,0.007371212327016208,0.0,0.007371212327016208,1.3103617053607508,4.84855929556891
2026-04-21,000985.CSI,中证全指,two_speed_category_strong0p25,primary,0.583333333333,0.5,1.0,0.0,-0.0003651463209798367,-0.0003651463209798367,0.0,-0.0003651463209798367,1.3098832316048854,4.84678886198008
2026-04-22,000985.CSI,中证全指,two_speed_category_strong0p25,primary,0.583333333333,0.5,1.0,0.0,0.00939719147623741,0.00939719147623741,0.0,0.00939719147623741,1.3221924551437891,4.892335064961002
2026-04-23,000985.CSI,中证全指,two_speed_category_strong0p25,primary,0.75,0.5,1.0,0.0,-0.008493201526615257,-0.008493201526615257,0.0,-0.008493201526615257,1.3109628081652827,4.850783477318562
2026-04-24,000985.CSI,中证全指,two_speed_category_strong0p25,primary,0.75,0.5,1.0,0.0,-0.005065853107743323,-0.005065853107743323,0.0,-0.005065853107743323,1.3043216631494026,4.826210120764998
2026-04-27,000985.CSI,中证全指,two_speed_category_strong0p25,primary,0.75,0.75,1.0,0.0,0.004030075008607525,0.004030075008607525,0.0,0.004030075008607525,1.3095781772872463,4.845660109558981
2026-04-28,000985.CSI,中证全指,two_speed_category_strong0p25,primary,0.75,0.75,1.0,0.0,-0.00789967751494891,-0.00789967751494891,0.0,-0.00789967751494891,1.2992329320060625,4.807380957346413
2026-04-29,000985.CSI,中证全指,two_speed_category_strong0p25,primary,0.75,0.75,1.0,0.0,0.013071943345509762,0.013071943345509762,0.0,0.013071943345509762,1.3162164312858662,4.870222768861128
2026-04-30,000985.CSI,中证全指,two_speed_category_strong0p25,primary,0.75,0.75,1.0,0.0,0.0021964603930153537,0.0021964603930153537,0.0,0.0021964603930153537,1.3191074485458216,4.880920020278093
2026-05-06,000985.CSI,中证全指,two_speed_category_strong0p25,primary,0.75,0.75,1.0,0.0,0.019446479644901427,0.019446479644901427,0.0,0.019446479644901427,1.3447594446934057,4.975836732100823
2026-05-07,000985.CSI,中证全指,two_speed_category_strong0p25,primary,0.75,0.75,1.0,0.0,0.010475101739617854,0.010475101739617854,0.0,0.010475101739617854,1.358845936691881,5.027959128109306
2026-05-08,000985.CSI,中证全指,two_speed_category_strong0p25,primary,0.75,0.75,1.0,0.0,-0.0001502909827202359,-0.0001502909827202359,0.0,-0.0001502909827202359,1.3586417144006901,5.027203471190866
2026-05-11,000985.CSI,中证全指,two_speed_category_strong0p25,primary,0.75,0.75,1.0,0.0,0.015482711397847071,0.015482711397847071,0.0,0.015482711397847071,1.3796771719578322,5.105038211673569
2026-05-12,000985.CSI,中证全指,two_speed_category_strong0p25,primary,0.583333333333,0.75,1.0,0.0,-0.004184890754066362,-0.004184890754066362,0.0,-0.004184890754066362,1.3739033737173094,5.083674184462381
2026-05-13,000985.CSI,中证全指,two_speed_category_strong0p25,primary,0.583333333333,0.75,1.0,0.0,0.012283713656623396,0.012283713656623396,0.0,0.012283713656623396,1.3907800093519216,5.146120582467885
2026-05-14,000985.CSI,中证全指,two_speed_category_strong0p25,primary,0.416666666667,0.75,1.0,0.0,-0.020027277356429285,-0.020027277356429285,0.0,-0.020027277356429285,1.3629264723628534,5.043057798253171
2026-05-15,000985.CSI,中证全指,two_speed_category_strong0p25,primary,0.416666666667,0.75,1.0,0.0,-0.010927559550970245,-0.010927559550970245,0.0,-0.010927559550970245,1.3480330121725144,4.987949483843775
2026-05-18,000985.CSI,中证全指,two_speed_category_strong0p25,primary,0.333333333333,0.333333333333,1.0,0.0,-0.0006366124177823451,-0.0006366124177823451,0.0,-0.0006366124177823451,1.3471748376173849,4.9847740932630895
2026-05-19,000985.CSI,中证全指,two_speed_category_strong0p25,primary,0.333333333333,0.333333333333,1.0,0.0,0.007536314045017756,0.007536314045017756,0.0,0.007536314045017756,1.3573275702672154,5.0223409162733885
2026-05-20,000985.CSI,中证全指,two_speed_category_strong0p25,primary,0.333333333333,0.333333333333,1.0,0.0,-0.00014825255517691982,-0.00014825255517691982,0.0,-0.00014825255517691982,1.3571263429867113,5.021596341399581
2026-05-21,000985.CSI,中证全指,two_speed_category_strong0p25,primary,0.25,0.333333333333,1.0,0.0,-0.024002375580307045,-0.024002375580307045,0.0,-0.024002375580307045,1.3245520867924157,4.901066100000612
2026-05-22,000985.CSI,中证全指,two_speed_category_strong0p25,primary,0.083333333333,0.333333333333,1.0,0.0,0.017418516247947435,0.017418516247947435,0.0,0.017418516247947435,1.347623818837462,4.986435399495737
2026-05-25,000985.CSI,中证全指,two_speed_category_strong0p25,primary,0.083333333333,0.083333333333,1.0,0.0,0.012419231733355796,0.012419231733355796,0.0,0.012419231733355796,1.3643602713329943,5.048363096245483
2026-05-26,000985.CSI,中证全指,two_speed_category_strong0p25,primary,-0.25,0.083333333333,0.0,1.0,-0.004176992758511244,-0.0,0.0005,-0.0005,1.358661348359636,5.04583891469736
2026-05-27,000985.CSI,中证全指,two_speed_category_strong0p25,primary,-0.333333333333,0.083333333333,0.0,0.0,-0.013562209371550837,-0.0,0.0,-0.0,1.340234898688149,5.04583891469736
2026-05-28,000985.CSI,中证全指,two_speed_category_strong0p25,primary,-0.333333333333,0.083333333333,0.0,0.0,0.005683455138728366,0.0,0.0,0.0,1.3478520636102012,5.04583891469736
2026-05-29,000985.CSI,中证全指,two_speed_category_strong0p25,primary,-0.333333333333,0.083333333333,0.0,0.0,-0.017225902032131146,-0.0,0.0,-0.0,1.324634096008646,5.04583891469736
2026-06-01,000985.CSI,中证全指,two_speed_category_strong0p25,primary,-0.333333333333,-0.333333333333,0.0,0.0,-0.007494352539193172,-0.0,0.0,-0.0,1.3147068211077217,5.04583891469736
2026-06-02,000985.CSI,中证全指,two_speed_category_strong0p25,primary,-0.333333333333,-0.333333333333,0.0,0.0,0.007499700922563246,0.0,0.0,0.0,1.3245667290668834,5.04583891469736
2026-06-03,000985.CSI,中证全指,two_speed_category_strong0p25,primary,-0.333333333333,-0.333333333333,0.0,0.0,0.004297974292832407,0.0,0.0,0.0,1.330259682817554,5.04583891469736
2026-06-04,000985.CSI,中证全指,two_speed_category_strong0p25,primary,-0.333333333333,-0.333333333333,0.0,0.0,-0.004307067194078806,-0.0,0.0,-0.0,1.3245301649780847,5.04583891469736
2026-06-05,000985.CSI,中证全指,two_speed_category_strong0p25,primary,-0.083333333333,-0.333333333333,0.0,0.0,-0.011956734066795538,-0.0,0.0,-0.0,1.308693110031993,5.04583891469736
2026-06-08,000985.CSI,中证全指,two_speed_category_strong0p25,primary,-0.083333333333,-0.083333333333,0.0,0.0,-0.027485972097320954,-0.0,0.0,-0.0,1.2727224077256973,5.04583891469736
2026-06-09,000985.CSI,中证全指,two_speed_category_strong0p25,primary,-0.083333333333,-0.083333333333,0.0,0.0,0.02214320738450648,0.0,0.0,0.0,1.3009045639428758,5.04583891469736
2026-06-10,000985.CSI,中证全指,two_speed_category_strong0p25,primary,-0.083333333333,-0.083333333333,0.0,0.0,-0.012968779762408178,-0.0,0.0,-0.0,1.284033419161189,5.04583891469736
2026-06-11,000985.CSI,中证全指,two_speed_category_strong0p25,primary,-0.166666666667,-0.083333333333,0.0,0.0,-0.0053255559073387415,-0.0,0.0,-0.0,1.277195227400555,5.04583891469736
2026-06-12,000985.CSI,中证全指,two_speed_category_strong0p25,primary,-0.333333333333,-0.083333333333,0.0,0.0,0.009039368449761831,0.0,0.0,0.0,1.2887402656433058,5.04583891469736
2026-06-15,000985.CSI,中证全指,two_speed_category_strong0p25,primary,-0.333333333333,-0.333333333333,0.0,0.0,0.029679766577839217,0.0,0.0,0.0,1.3269897759070617,5.04583891469736
2026-06-16,000985.CSI,中证全指,two_speed_category_strong0p25,primary,-0.333333333333,-0.333333333333,0.0,0.0,0.006438441733562339,0.0,0.0,0.0,1.3355335222602722,5.04583891469736
2026-06-17,000985.CSI,中证全指,two_speed_category_strong0p25,primary,-0.333333333333,-0.333333333333,0.0,0.0,0.00869462893935391,0.0,0.0,0.0,1.3471454906723936,5.04583891469736
2026-06-18,000985.CSI,中证全指,two_speed_category_strong0p25,primary,-0.166666666667,-0.333333333333,0.0,0.0,0.003437387371920675,0.0,0.0,0.0,1.3517761515701707,5.04583891469736
2026-06-22,000985.CSI,中证全指,two_speed_category_strong0p25,primary,-0.166666666667,-0.166666666667,0.0,0.0,0.019182779110956893,0.0,0.0,0.0,1.3777069748932007,5.04583891469736
2026-06-23,000985.CSI,中证全指,two_speed_category_strong0p25,primary,-0.166666666667,-0.166666666667,0.0,0.0,-0.021202232804633958,-0.0,0.0,-0.0,1.3484965108749472,5.04583891469736
2026-06-24,000985.CSI,中证全指,two_speed_category_strong0p25,primary,-0.166666666667,-0.166666666667,0.0,0.0,0.007354825919026142,0.0,0.0,0.0,1.3584144679648464,5.04583891469736
2026-06-25,000985.CSI,中证全指,two_speed_category_strong0p25,primary,0.0,-0.166666666667,0.0,0.0,0.00841781994740498,0.0,0.0,0.0,1.3698493563701244,5.04583891469736
2026-06-26,000985.CSI,中证全指,two_speed_category_strong0p25,primary,0.0,-0.166666666667,0.0,0.0,-0.02812299083671599,-0.0,0.0,-0.0,1.331325095473246,5.04583891469736
2026-06-29,000985.CSI,中证全指,two_speed_category_strong0p25,primary,0.0,0.0,0.0,0.0,0.006607477012207097,0.0,0.0,0.0,1.3401217954373599,5.04583891469736
2026-06-30,000985.CSI,中证全指,two_speed_category_strong0p25,primary,0.166666666667,0.0,0.0,0.0,0.016810654725788465,0.0,0.0,0.0,1.362650120230961,5.04583891469736
2026-07-01,000985.CSI,中证全指,two_speed_category_strong0p25,primary,0.166666666667,0.0,0.0,0.0,0.0017626336681544341,0.0,0.0,0.0,1.3650519732107949,5.04583891469736
2026-07-02,000985.CSI,中证全指,two_speed_category_strong0p25,primary,0.333333333333,0.0,1.0,1.0,-0.028462488530875962,-0.028462488530875962,0.0005,-0.028962488530875963,1.326199197079233,4.899698863001791
2026-07-03,000985.CSI,中证全指,two_speed_category_strong0p25,primary,0.166666666667,0.0,1.0,0.0,0.004396865440814857,0.004396865440814857,0.0,0.004396865440814857,1.332030316496507,4.921242179602923
2026-07-06,000985.CSI,中证全指,two_speed_category_strong0p25,primary,0.166666666667,0.166666666667,1.0,0.0,-0.008353964082206344,-0.008353964082206344,0.0,-0.008353964082206344,1.3209025830760852,4.880130299194682
2026-07-07,000985.CSI,中证全指,two_speed_category_strong0p25,primary,0.166666666667,0.166666666667,1.0,0.0,-0.016512114686960677,-0.016512114686960677,0.0,-0.016512114686960677,1.2990916881340302,4.799549028007068
2026-07-08,000985.CSI,中证全指,two_speed_category_strong0p25,primary,0.0,0.166666666667,1.0,0.0,-0.014241851209150003,-0.014241851209150003,0.0,-0.014241851209150003,1.2805902176045818,4.7311945648791704
2026-07-09,000985.CSI,中证全指,two_speed_category_strong0p25,primary,0.0,0.166666666667,1.0,0.0,0.023932362405518992,0.023932362405518992,0.0,0.023932362405518992,1.311237766785257,4.844423227816881
2026-07-10,000985.CSI,中证全指,two_speed_category_strong0p25,primary,-0.083333333333,0.166666666667,1.0,0.0,-0.01416661836726707,-0.01416661836726707,0.0,-0.01416661836726707,1.2926619617544628,4.775794132738875
2026-07-13,000985.CSI,中证全指,two_speed_category_strong0p25,primary,-0.166666666667,-0.166666666667,0.0,1.0,-0.034345469265582906,-0.0,0.0005,-0.0005,1.2482648800762368,4.773406235672506
2026-07-14,000985.CSI,中证全指,two_speed_category_strong0p25,primary,-0.166666666667,-0.166666666667,0.0,0.0,0.019584871687345906,0.0,0.0,0.0,1.2727119875843502,4.773406235672506
2026-07-15,000985.CSI,中证全指,two_speed_category_strong0p25,primary,-0.166666666667,-0.166666666667,0.0,0.0,-0.007114809099707631,-0.0,0.0,-0.0,1.2636568847537781,4.773406235672506
2026-07-16,000985.CSI,中证全指,two_speed_category_strong0p25,primary,0.166666666667,-0.166666666667,0.0,0.0,-0.019612231268796965,-0.0,0.0,-0.0,1.2388737536855796,4.773406235672506
2026-07-17,000985.CSI,中证全指,two_speed_category_strong0p25,primary,0.166666666667,-0.166666666667,0.0,0.0,-0.04780484943482666,-0.0,0.0,-0.0,1.179649580421882,4.773406235672506
2026-07-20,000985.CSI,中证全指,two_speed_category_strong0p25,primary,0.0,0.0,0.0,0.0,-0.005841600195861885,-0.0,0.0,-0.0,1.1727585392018411,4.773406235672506
2026-07-21,000985.CSI,中证全指,two_speed_category_strong0p25,primary,0.0,0.0,0.0,0.0,0.034602127549467676,0.0,0.0,0.0,1.2133384797600306,4.773406235672506
2026-07-22,000985.CSI,中证全指,two_speed_category_strong0p25,primary,0.0,0.0,0.0,0.0,-0.007364863229453955,-0.0,0.0,-0.0,1.2044024078055644,4.773406235672506
2026-07-23,000985.CSI,中证全指,two_speed_category_strong0p25,primary,0.0,0.0,0.0,0.0,0.004371600684966781,0.0,0.0,0.0,1.2096675741965028,4.773406235672506
2026-07-24,000985.CSI,中证全指,two_speed_category_strong0p25,primary,0.083333333333,0.0,0.0,0.0,-0.02214925933495626,-0.0,0.0,-0.0,1.182874333386537,4.773406235672506
2026-07-27,000985.CSI,中证全指,two_speed_category_strong0p25,primary,0.083333333333,0.083333333333,1.0,1.0,0.021195549283676396,0.021195549283676396,0.0005,0.020695549283676395,1.2079460046162271,4.872194499673875
2026-07-28,000985.CSI,中证全指,two_speed_category_strong0p25,primary,0.166666666667,0.083333333333,1.0,0.0,-0.02739267975456039,-0.02739267975456039,0.0,-0.02739267975456039,1.1748571265509742,4.738732036042378
2026-07-29,000985.CSI,中证全指,two_speed_category_strong0p25,primary,0.166666666667,0.083333333333,1.0,0.0,0.007724385003680334,0.007724385003680334,0.0,0.007724385003680334,1.1839321753207714,4.775335826718043
2026-07-30,000985.CSI,中证全指,two_speed_category_strong0p25,primary,0.25,0.083333333333,1.0,0.0,-0.019495334556005384,-0.019495334556005384,0.0,-0.019495334556005384,1.1608510214712737,4.682239057158895
2026-07-31,000985.CSI,中证全指,two_speed_category_strong0p25,primary,0.25,0.083333333333,1.0,0.0,0.017894145758871716,0.017894145758871716,0.0,0.017894145758871716,1.181623458853816,4.766023725325579
2026-08-03,000985.CSI,中证全指,two_speed_category_strong0p25,primary,0.25,0.25,1.0,0.0,-0.005046590964076558,-0.005046590964076558,0.0,-0.005046590964076558,1.1756602885834233,4.741971553058776
2026-08-04,000985.CSI,中证全指,two_speed_category_strong0p25,primary,0.25,0.25,1.0,0.0,0.02012542895973235,0.02012542895973235,0.0,0.02012542895973235,1.1993209562020875,4.837405764678932
2026-08-05,000985.CSI,中证全指,two_speed_category_strong0p25,primary,0.25,0.25,1.0,0.0,0.020033537445806493,0.020033537445806493,0.0,0.020033537445806493,1.2233475974877024,4.9343161142061875
2026-08-06,000985.CSI,中证全指,two_speed_category_strong0p25,primary,0.333333333333,0.25,1.0,0.0,0.0024662646140654054,0.0024662646140654054,0.0,0.0024662646140654054,1.2263646963780883,4.946485443433267
2026-08-07,000985.CSI,中证全指,two_speed_category_strong0p25,primary,0.333333333333,0.25,1.0,0.0,0.013897802114010593,0.013897802114010593,0.0,0.013897802114010593,1.2434084702479598,5.0152307192859364
2026-08-10,000985.CSI,中证全指,two_speed_category_strong0p25,primary,0.5,0.5,1.0,0.0,0.0052239571924019845,0.0052239571924019845,0.0,0.0052239571924019845,1.2499039828692051,5.041430069873505
2026-08-11,000985.CSI,中证全指,two_speed_category_strong0p25,primary,0.5,0.5,1.0,0.0,-0.007146727659530727,-0.007146727659530727,0.0,-0.007146727659530727,1.2409712595030762,5.00540034214955
2026-08-12,000985.CSI,中证全指,two_speed_category_strong0p25,primary,0.75,0.5,1.0,0.0,0.009630383047750435,0.009630383047750435,0.0,0.009630383047750435,1.2529222880833402,5.053604264751791
2026-08-13,000985.CSI,中证全指,two_speed_category_strong0p25,primary,0.75,0.5,1.0,0.0,-0.008429584264767254,-0.008429584264767254,0.0,-0.008429584264767254,1.2423606740787367,5.011004481761279
2026-08-14,000985.CSI,中证全指,two_speed_category_strong0p25,primary,0.583333333333,0.5,1.0,0.0,0.0029721766590180554,0.0029721766590180554,0.0,0.0029721766590180554,1.2460531894763156,5.025898072320205
2026-08-17,000985.CSI,中证全指,two_speed_category_strong0p25,primary,0.583333333333,0.583333333333,1.0,0.0,0.02031033451905251,0.02031033451905251,0.0,0.02031033451905251,1.271360946583112,5.127975743427689
2026-08-18,000985.CSI,中证全指,two_speed_category_strong0p25,primary,0.583333333333,0.583333333333,1.0,0.0,-0.002486152351761528,-0.002486152351761528,0.0,-0.002486152351761528,1.2682001495758266,5.115226814473391
2026-08-19,000985.CSI,中证全指,two_speed_category_strong0p25,primary,0.583333333333,0.583333333333,1.0,0.0,-0.041177505245386214,-0.041177505245386214,0.0,-0.041177505245386214,1.2159788312644684,4.904594535489072
2026-08-20,000985.CSI,中证全指,two_speed_category_strong0p25,primary,0.583333333333,0.583333333333,1.0,0.0,0.006164865017603383,0.006164865017603383,0.0,0.006164865017603383,1.223475176623477,4.934830698766437
2026-08-21,000985.CSI,中证全指,two_speed_category_strong0p25,primary,0.583333333333,0.583333333333,1.0,0.0,0.003339008959510892,0.003339008959510892,0.0,0.003339008959510892,1.227560371199962,4.951308142683288
2016-08-25,000985.CSI,中证全指,entry_frequency_inverse_sqrt_weekly_binary,challenger,0.0,0.0,0.0,0.0,0.0,0.0,0.0,0.0,1.0,1.0
2016-08-26,000985.CSI,中证全指,entry_frequency_inverse_sqrt_weekly_binary,challenger,-1.0,0.0,0.0,0.0,0.001991349327605585,0.0,0.0,0.0,1.0019913493276056,1.0
2016-08-29,000985.CSI,中证全指,entry_frequency_inverse_sqrt_weekly_binary,challenger,-1.0,-1.0,0.0,0.0,0.001500652631847288,0.0,0.0,0.0,1.0034949902830623,1.0
2016-08-30,000985.CSI,中证全指,entry_frequency_inverse_sqrt_weekly_binary,challenger,-1.0,-1.0,0.0,0.0,0.000623963674681427,0.0,0.0,0.0,1.0041211347047236,1.0
2016-08-31,000985.CSI,中证全指,entry_frequency_inverse_sqrt_weekly_binary,challenger,-1.0,-1.0,0.0,0.0,0.00252391839895294,0.0,0.0,0.0,1.0066554545113824,1.0
2016-09-01,000985.CSI,中证全指,entry_frequency_inverse_sqrt_weekly_binary,challenger,-1.0,-1.0,0.0,0.0,-0.007614242459228704,-0.0,0.0,-0.0,0.9989905358078276,1.0
2016-09-02,000985.CSI,中证全指,entry_frequency_inverse_sqrt_weekly_binary,challenger,-1.0,-1.0,0.0,0.0,-0.0007333740053153681,-0.0,0.0,-0.0,0.99825790211731,1.0
2016-09-05,000985.CSI,中证全指,entry_frequency_inverse_sqrt_weekly_binary,challenger,-0.848113171799,-0.848113171799,0.0,0.0,0.0036377045000353103,0.0,0.0,0.0,1.001889269380038,1.0
2016-09-06,000985.CSI,中证全指,entry_frequency_inverse_sqrt_weekly_binary,challenger,-0.848113171799,-0.848113171799,0.0,0.0,0.011727187911647174,0.0,0.0,0.0,1.0136386131087207,1.0
2016-09-07,000985.CSI,中证全指,entry_frequency_inverse_sqrt_weekly_binary,challenger,-0.848113171799,-0.848113171799,0.0,0.0,-9.512532761912773e-05,-0.0,0.0,-0.0,1.0135421904035613,1.0
2016-09-08,000985.CSI,中证全指,entry_frequency_inverse_sqrt_weekly_binary,challenger,-0.848113171799,-0.848113171799,0.0,0.0,0.0022310201684470066,0.0,0.0,0.0,1.0158034234719235,1.0
2016-09-09,000985.CSI,中证全指,entry_frequency_inverse_sqrt_weekly_binary,challenger,-0.848113171799,-0.848113171799,0.0,0.0,-0.006533709502026919,-0.0,0.0,-0.0,1.0091664589917935,1.0
2016-09-12,000985.CSI,中证全指,entry_frequency_inverse_sqrt_weekly_binary,challenger,-0.740712965605,-0.740712965605,0.0,0.0,-0.02399978483403531,-0.0,0.0,-0.0,0.9849466811142651,1.0
2016-09-13,000985.CSI,中证全指,entry_frequency_inverse_sqrt_weekly_binary,challenger,-0.740712965605,-0.740712965605,0.0,0.0,0.0038590935053719466,0.0,0.0,0.0,0.9887476824544909,1.0
2016-09-14,000985.CSI,中证全指,entry_frequency_inverse_sqrt_weekly_binary,challenger,-0.740712965605,-0.740712965605,0.0,0.0,-0.005761654269569427,-0.0,0.0,-0.0,0.9830508601483501,1.0
2016-09-19,000985.CSI,中证全指,entry_frequency_inverse_sqrt_weekly_binary,challenger,-0.740712965605,-0.740712965605,0.0,0.0,0.009662658123186674,0.0,0.0,0.0,0.9925497445276682,1.0
2016-09-20,000985.CSI,中证全指,entry_frequency_inverse_sqrt_weekly_binary,challenger,-0.740712965605,-0.740712965605,0.0,0.0,-0.0007456976539462756,-0.0,0.0,-0.0,0.991809602511749,1.0
2016-09-21,000985.CSI,中证全指,entry_frequency_inverse_sqrt_weekly_binary,challenger,-0.740712965605,-0.740712965605,0.0,0.0,0.002222258664189569,0.0,0.0,0.0,0.9940136599941571,1.0
2016-09-22,000985.CSI,中证全指,entry_frequency_inverse_sqrt_weekly_binary,challenger,-0.740712965605,-0.740712965605,0.0,0.0,0.006458677231416576,0.0,0.0,0.0,1.0004336733876784,1.0
2016-09-23,000985.CSI,中证全指,entry_frequency_inverse_sqrt_weekly_binary,challenger,-0.740712965605,-0.740712965605,0.0,0.0,-0.003987479380026193,-0.0,0.0,-0.0,0.9964444647439612,1.0
2016-09-26,000985.CSI,中证全指,entry_frequency_inverse_sqrt_weekly_binary,challenger,-0.740712965605,-0.740712965605,0.0,0.0,-0.019130596974114122,-0.0,0.0,-0.0,0.9773818872818576,1.0
2016-09-27,000985.CSI,中证全指,entry_frequency_inverse_sqrt_weekly_binary,challenger,-0.740712965605,-0.740712965605,0.0,0.0,0.006650638004153997,0.0,0.0,0.0,0.9838821004059861,1.0
2016-09-28,000985.CSI,中证全指,entry_frequency_inverse_sqrt_weekly_binary,challenger,-0.740712965605,-0.740712965605,0.0,0.0,-0.0020103788575139836,-0.0,0.0,-0.0,0.9819041246330434,1.0
2016-09-29,000985.CSI,中证全指,entry_frequency_inverse_sqrt_weekly_binary,challenger,-0.581412716267,-0.740712965605,0.0,0.0,0.0036051750402505967,0.0,0.0,0.0,0.9854440608750896,1.0
2016-09-30,000985.CSI,中证全指,entry_frequency_inverse_sqrt_weekly_binary,challenger,-0.581412716267,-0.740712965605,0.0,0.0,0.004093151909536408,0.0,0.0,0.0,0.9894776331146018,1.0
2016-10-10,000985.CSI,中证全指,entry_frequency_inverse_sqrt_weekly_binary,challenger,-0.581412716267,-0.581412716267,0.0,0.0,0.01686633890953182,0.0,0.0,0.0,1.006166498218114,1.0
2016-10-11,000985.CSI,中证全指,entry_frequency_inverse_sqrt_weekly_binary,challenger,-0.42211246693,-0.581412716267,0.0,0.0,0.005539699928769126,0.0,0.0,0.0,1.0117403586966227,1.0
2016-10-12,000985.CSI,中证全指,entry_frequency_inverse_sqrt_weekly_binary,challenger,-0.465844168736,-0.581412716267,0.0,0.0,-0.0004719758505586924,-0.0,0.0,-0.0,1.0112628416802822,1.0
2016-10-13,000985.CSI,中证全指,entry_frequency_inverse_sqrt_weekly_binary,challenger,-0.268571597078,-0.581412716267,0.0,0.0,0.0012257957023480426,0.0,0.0,0.0,1.0125024433255583,1.0
2016-10-14,000985.CSI,中证全指,entry_frequency_inverse_sqrt_weekly_binary,challenger,-0.268571597078,-0.581412716267,0.0,0.0,-0.0006041361572942661,-0.0,0.0,-0.0,1.0118907539901965,1.0
2016-10-17,000985.CSI,中证全指,entry_frequency_inverse_sqrt_weekly_binary,challenger,-0.268571597078,-0.268571597078,0.0,0.0,-0.008669198995002625,-0.0,0.0,-0.0,1.0031184716826522,1.0
2016-10-18,000985.CSI,中证全指,entry_frequency_inverse_sqrt_weekly_binary,challenger,-0.20395089362,-0.268571597078,0.0,0.0,0.014313963508693073,0.0,0.0,0.0,1.0174770728812137,1.0
2016-10-19,000985.CSI,中证全指,entry_frequency_inverse_sqrt_weekly_binary,challenger,-0.20395089362,-0.268571597078,0.0,0.0,-0.001190999418052896,-0.0,0.0,-0.0,1.01626525827953,1.0
2016-10-20,000985.CSI,中证全指,entry_frequency_inverse_sqrt_weekly_binary,challenger,-0.20395089362,-0.268571597078,0.0,0.0,0.0018684460182192275,0.0,0.0,0.0,1.018164095054817,1.0
2016-10-21,000985.CSI,中证全指,entry_frequency_inverse_sqrt_weekly_binary,challenger,0.070544176377,-0.268571597078,0.0,0.0,-0.001515832714903742,-0.0,0.0,-0.0,1.0166207286103925,1.0
2016-10-24,000985.CSI,中证全指,entry_frequency_inverse_sqrt_weekly_binary,challenger,0.260944391859,0.260944391859,1.0,1.0,0.009723422406057391,0.009723422406057391,0.0005,0.009223422406057391,1.0265057613814252,1.0092234224060574
2016-10-25,000985.CSI,中证全指,entry_frequency_inverse_sqrt_weekly_binary,challenger,0.109057563658,0.260944391859,1.0,0.0,0.0025061414029536877,0.0025061414029536877,0.0,0.0025061414029536877,1.0290783299703938,1.01175267900978
2016-10-26,000985.CSI,中证全指,entry_frequency_inverse_sqrt_weekly_binary,challenger,0.109057563658,0.260944391859,1.0,0.0,-0.003972650739427874,-0.003972650739427874,0.0,-0.003972650739427874,1.0249901611819077,1.0077333389813936
2016-10-27,000985.CSI,中证全指,entry_frequency_inverse_sqrt_weekly_binary,challenger,0.109057563658,0.260944391859,1.0,0.0,-0.0014520056699587336,-0.0014520056699587336,0.0,-0.0014520056699587336,1.0235018696562197,1.0062701044593862
2016-10-28,000985.CSI,中证全指,entry_frequency_inverse_sqrt_weekly_binary,challenger,0.109057563658,0.260944391859,1.0,0.0,-0.0061873080049633655,-0.0061873080049633655,0.0,-0.0061873080049633655,1.0171691483450007,1.0000440013869094
2016-10-31,000985.CSI,中证全指,entry_frequency_inverse_sqrt_weekly_binary,challenger,0.109057563658,0.109057563658,1.0,0.0,-0.0006759777754031804,-0.0006759777754031804,0.0,-0.0006759777754031804,1.0164815646068937,0.9993679938675466
2016-11-01,000985.CSI,中证全指,entry_frequency_inverse_sqrt_weekly_binary,challenger,0.109057563658,0.109057563658,1.0,0.0,0.009109232318162519,0.009109232318162519,0.0,0.009109232318162519,1.025740931326027,1.008471469095022
2016-11-02,000985.CSI,中证全指,entry_frequency_inverse_sqrt_weekly_binary,challenger,0.109057563658,0.109057563658,1.0,0.0,-0.006898188546742512,-0.006898188546742512,0.0,-0.006898188546742512,1.0186651769816288,1.0015148427571943
2016-11-03,000985.CSI,中证全指,entry_frequency_inverse_sqrt_weekly_binary,challenger,0.109057563658,0.109057563658,1.0,0.0,0.00745513495484218,0.00745513495484218,0.0,0.00745513495484218,1.026259463349825,1.0089812710692267
2016-11-04,000985.CSI,中证全指,entry_frequency_inverse_sqrt_weekly_binary,challenger,0.18388923161,0.109057563658,1.0,0.0,-0.0029644414565319632,-0.0029644414565319632,0.0,-0.0029644414565319632,1.0232171772515126,1.0059902051604048
2016-11-07,000985.CSI,中证全指,entry_frequency_inverse_sqrt_weekly_binary,challenger,0.18388923161,0.18388923161,1.0,0.0,0.0008193715117637002,0.0008193715117637002,0.0,0.0008193715117637002,1.0240555722568998,1.0068144848756266
2016-11-08,000985.CSI,中证全指,entry_frequency_inverse_sqrt_weekly_binary,challenger,0.18388923161,0.18388923161,1.0,0.0,0.005207614757271717,0.005207614757271717,0.0,0.005207614757271717,1.029388459167251,1.0120575868448998
2016-11-09,000985.CSI,中证全指,entry_frequency_inverse_sqrt_weekly_binary,challenger,0.065153836159,0.18388923161,1.0,0.0,-0.006232219945310091,-0.006232219945310091,0.0,-0.006232219945310091,1.0229730838805569,1.0057502213663625
2016-11-10,000985.CSI,中证全指,entry_frequency_inverse_sqrt_weekly_binary,challenger,0.065153836159,0.18388923161,1.0,0.0,0.012562817799515624,0.012562817799515624,0.0,0.012562817799515624,1.035824508347157,1.0183852781492106
2016-11-11,000985.CSI,中证全指,entry_frequency_inverse_sqrt_weekly_binary,challenger,0.065153836159,0.18388923161,1.0,0.0,0.0064719166261915095,0.0064719166261915095,0.0,0.0064719166261915095,1.0425282782045455,1.0249761827627333
2016-11-14,000985.CSI,中证全指,entry_frequency_inverse_sqrt_weekly_binary,challenger,0.065153836159,0.065153836159,1.0,0.0,0.003549346510065332,0.003549346510065332,0.0,0.003549346510065332,1.0462285723104352,1.0286141783999223
2016-11-15,000985.CSI,中证全指,entry_frequency_inverse_sqrt_weekly_binary,challenger,0.065153836159,0.065153836159,1.0,0.0,0.0028260748990658335,0.0028260748990658335,0.0,0.0028260748990658335,1.0491852926173273,1.0315211191103215
2016-11-16,000985.CSI,中证全指,entry_frequency_inverse_sqrt_weekly_binary,challenger,-0.042246370035,0.065153836159,1.0,0.0,0.0005456460527566431,0.0005456460527566431,0.0,0.0005456460527566431,1.0497577764308543,1.0320839645372992
2016-11-17,000985.CSI,中证全指,entry_frequency_inverse_sqrt_weekly_binary,challenger,0.076489025416,0.065153836159,1.0,0.0,-0.0006116818816745972,-0.0006116818816745972,0.0,-0.0006116818816745972,1.0491156586188646,1.031452657475825
2016-11-18,000985.CSI,中证全指,entry_frequency_inverse_sqrt_weekly_binary,challenger,0.076489025416,0.065153836159,1.0,0.0,-0.004358043617350371,-0.004358043617350371,0.0,-0.004358043617350371,1.0445435668189582,1.0269575418053134
2016-11-21,000985.CSI,中证全指,entry_frequency_inverse_sqrt_weekly_binary,challenger,0.076489025416,0.076489025416,1.0,0.0,0.004527452970200185,0.004527452970200185,0.0,0.004527452970200185,1.0492726886930561,1.0316070437782294
2016-11-22,000985.CSI,中证全指,entry_frequency_inverse_sqrt_weekly_binary,challenger,0.076489025416,0.076489025416,1.0,0.0,0.008249084704191612,0.008249084704191612,0.0,0.008249084704191612,1.05792822797988,1.0401168576637967
2016-11-23,000985.CSI,中证全指,entry_frequency_inverse_sqrt_weekly_binary,challenger,0.076489025416,0.076489025416,1.0,0.0,-0.002396454200890963,-0.002396454200890963,0.0,-0.002396454200890963,1.0553929514336966,1.0376242652508307
2016-11-24,000985.CSI,中证全指,entry_frequency_inverse_sqrt_weekly_binary,challenger,0.076489025416,0.076489025416,1.0,0.0,-0.0008861276591787259,-0.0008861276591787259,0.0,-0.0008861276591787259,1.0544577385481289,1.036704797689557
2016-11-25,000985.CSI,中证全指,entry_frequency_inverse_sqrt_weekly_binary,challenger,0.076489025416,0.076489025416,1.0,0.0,0.005346373826272011,0.005346373826272011,0.0,0.005346373826272011,1.0600952638024126,1.042247409085495
2016-11-28,000985.CSI,中证全指,entry_frequency_inverse_sqrt_weekly_binary,challenger,-0.157906081623,-0.157906081623,0.0,1.0,0.0019789151674320937,0.0,0.0005,-0.0005,1.0621931023988742,1.0417262853809524
2016-11-29,000985.CSI,中证全指,entry_frequency_inverse_sqrt_weekly_binary,challenger,-0.157906081623,-0.157906081623,0.0,0.0,-0.0023556005376441647,-0.0,0.0,-0.0,1.0596909997557815,1.0417262853809524
2016-11-30,000985.CSI,中证全指,entry_frequency_inverse_sqrt_weekly_binary,challenger,-0.273211439404,-0.157906081623,0.0,0.0,-0.00512723252878422,-0.0,0.0,-0.0,1.0542577175913739,1.0417262853809524
2016-12-01,000985.CSI,中证全指,entry_frequency_inverse_sqrt_weekly_binary,challenger,-0.165811233211,-0.157906081623,0.0,0.0,0.006152341220388102,0.0,0.0,0.0,1.0607438708042236,1.0417262853809524
2016-12-02,000985.CSI,中证全指,entry_frequency_inverse_sqrt_weekly_binary,challenger,-0.165811233211,-0.157906081623,0.0,0.0,-0.01368236895600572,-0.0,0.0,-0.0,1.0462303817960585,1.0417262853809524
2016-12-05,000985.CSI,中证全指,entry_frequency_inverse_sqrt_weekly_binary,challenger,-0.165811233211,-0.165811233211,0.0,0.0,-0.010584497851279129,-0.0,0.0,-0.0,1.0351565585679952,1.0417262853809524
2016-12-06,000985.CSI,中证全指,entry_frequency_inverse_sqrt_weekly_binary,challenger,-0.165811233211,-0.165811233211,0.0,0.0,2.8129232444884522e-05,0.0,0.0,0.0,1.0351856767274479,1.0417262853809524
2016-12-07,000985.CSI,中证全指,entry_frequency_inverse_sqrt_weekly_binary,challenger,-0.240906090912,-0.165811233211,0.0,0.0,0.008289712818259298,0.0,0.0,0.0,1.0437670687010938,1.0417262853809524
2016-12-08,000985.CSI,中证全指,entry_frequency_inverse_sqrt_weekly_binary,challenger,-0.240906090912,-0.165811233211,0.0,0.0,-0.003609735885226728,-0.0,0.0,-0.0,1.0399993452573855,1.0417262853809524
2016-12-09,000985.CSI,中证全指,entry_frequency_inverse_sqrt_weekly_binary,challenger,-0.287988947167,-0.165811233211,0.0,0.0,0.0012587412279738697,0.0,0.0,0.0,1.0413084353103268,1.0417262853809524
2016-12-12,000985.CSI,中证全指,entry_frequency_inverse_sqrt_weekly_binary,challenger,-0.287988947167,-0.287988947167,0.0,0.0,-0.03761411670618442,-0.0,0.0,-0.0,1.0021405382974298,1.0417262853809524
2016-12-13,000985.CSI,中证全指,entry_frequency_inverse_sqrt_weekly_binary,challenger,-0.406724342618,-0.287988947167,0.0,0.0,0.002273982009252551,0.0,0.0,0.0,1.0044193878522607,1.0417262853809524
2016-12-14,000985.CSI,中证全指,entry_frequency_inverse_sqrt_weekly_binary,challenger,-0.406724342618,-0.287988947167,0.0,0.0,-0.0063657989077630095,-0.0,0.0,-0.0,0.9980254560101348,1.0417262853809524
2016-12-15,000985.CSI,中证全指,entry_frequency_inverse_sqrt_weekly_binary,challenger,-0.406724342618,-0.287988947167,0.0,0.0,0.00016102940113027486,0.0,0.0,0.0,0.9981861674516289,1.0417262853809524
2016-12-16,000985.CSI,中证全指,entry_frequency_inverse_sqrt_weekly_binary,challenger,-0.481819200319,-0.287988947167,0.0,0.0,0.00585065416022279,0.0,0.0,0.0,1.0040262095049066,1.0417262853809524
2016-12-19,000985.CSI,中证全指,entry_frequency_inverse_sqrt_weekly_binary,challenger,-0.481819200319,-0.481819200319,0.0,0.0,-0.002407965009072699,-0.0,0.0,-0.0,1.0016085495242268,1.0417262853809524
2016-12-20,000985.CSI,中证全指,entry_frequency_inverse_sqrt_weekly_binary,challenger,-0.481819200319,-0.481819200319,0.0,0.0,-0.0034473692784402488,-0.0,0.0,-0.0,0.9981556349815739,1.0417262853809524
2016-12-21,000985.CSI,中证全指,entry_frequency_inverse_sqrt_weekly_binary,challenger,-0.20695040345,-0.481819200319,0.0,0.0,0.008152000931002545,0.0,0.0,0.0,1.006292600647229,1.0417262853809524
2016-12-22,000985.CSI,中证全指,entry_frequency_inverse_sqrt_weekly_binary,challenger,-0.287615220295,-0.481819200319,0.0,0.0,-0.0007139976822202465,-0.0,0.0,-0.0,1.0055741100627316,1.0417262853809524
2016-12-23,000985.CSI,中证全指,entry_frequency_inverse_sqrt_weekly_binary,challenger,-0.395015426489,-0.481819200319,0.0,0.0,-0.009965962372976978,-0.0,0.0,-0.0,0.9955525963186066,1.0417262853809524
2016-12-26,000985.CSI,中证全指,entry_frequency_inverse_sqrt_weekly_binary,challenger,-0.319920568788,-0.319920568788,0.0,0.0,0.004094627994896793,0.0,0.0,0.0,0.9996290138498849,1.0417262853809524
2016-12-27,000985.CSI,中证全指,entry_frequency_inverse_sqrt_weekly_binary,challenger,-0.319920568788,-0.319920568788,0.0,0.0,4.042684338245728e-05,0.0,0.0,0.0,0.9996694256954683,1.0417262853809524
2016-12-28,000985.CSI,中证全指,entry_frequency_inverse_sqrt_weekly_binary,challenger,-0.319920568788,-0.319920568788,0.0,0.0,-0.0037011224268407306,-0.0,0.0,-0.0,0.9959695267645998,1.0417262853809524
2016-12-29,000985.CSI,中证全指,entry_frequency_inverse_sqrt_weekly_binary,challenger,-0.319920568788,-0.319920568788,0.0,0.0,-0.0023638554399528777,-0.0,0.0,-0.0,0.99361519878073,1.0417262853809524
2016-12-30,000985.CSI,中证全指,entry_frequency_inverse_sqrt_weekly_binary,challenger,-0.459636129947,-0.319920568788,0.0,0.0,0.0020260615514029467,0.0,0.0,0.0,0.9956283243318692,1.0417262853809524
2017-01-03,000985.CSI,中证全指,entry_frequency_inverse_sqrt_weekly_binary,challenger,-0.459636129947,-0.459636129947,0.0,0.0,0.009340382903850086,0.0,0.0,0.0,1.0049278741110474,1.0417262853809524
2017-01-04,000985.CSI,中证全指,entry_frequency_inverse_sqrt_weekly_binary,challenger,-0.459636129947,-0.459636129947,0.0,0.0,0.009997000221082075,0.0,0.0,0.0,1.0149741382907072,1.0417262853809524
2017-01-05,000985.CSI,中证全指,entry_frequency_inverse_sqrt_weekly_binary,challenger,-0.459636129947,-0.459636129947,0.0,0.0,0.0002778693193705717,0.0,0.0,0.0,1.0152561684636927,1.0417262853809524
2017-01-06,000985.CSI,中证全指,entry_frequency_inverse_sqrt_weekly_binary,challenger,-0.459636129947,-0.459636129947,0.0,0.0,-0.0062303079489643975,-0.0,0.0,-0.0,1.0089308098870782,1.0417262853809524
2017-01-09,000985.CSI,中证全指,entry_frequency_inverse_sqrt_weekly_binary,challenger,-0.459636129947,-0.459636129947,0.0,0.0,0.005048778735565751,0.0,0.0,0.0,1.0140246783056932,1.0417262853809524
2017-01-10,000985.CSI,中证全指,entry_frequency_inverse_sqrt_weekly_binary,challenger,-0.352235923754,-0.459636129947,0.0,0.0,-0.0028012111678100693,-0.0,0.0,-0.0,1.0111841810523883,1.0417262853809524
2017-01-11,000985.CSI,中证全指,entry_frequency_inverse_sqrt_weekly_binary,challenger,-0.352235923754,-0.459636129947,0.0,0.0,-0.008979096644581963,-0.0,0.0,-0.0,1.0021046605652464,1.0417262853809524
2017-01-12,000985.CSI,中证全指,entry_frequency_inverse_sqrt_weekly_binary,challenger,-0.192935674416,-0.459636129947,0.0,0.0,-0.00743018733009182,-0.0,0.0,-0.0,0.9946588352128886,1.0417262853809524
2017-01-13,000985.CSI,中证全指,entry_frequency_inverse_sqrt_weekly_binary,challenger,-0.192935674416,-0.459636129947,0.0,0.0,-0.008622872445544605,-0.0,0.0,-0.0,0.9860820189500139,1.0417262853809524
2017-01-16,000985.CSI,中证全指,entry_frequency_inverse_sqrt_weekly_binary,challenger,-0.30033588061,-0.30033588061,0.0,0.0,-0.02019559431054352,-0.0,0.0,-0.0,0.9661675065383777,1.0417262853809524
2017-01-17,000985.CSI,中证全指,entry_frequency_inverse_sqrt_weekly_binary,challenger,-0.30033588061,-0.30033588061,0.0,0.0,0.006517341492467077,0.0,0.0,0.0,0.9724643501174137,1.0417262853809524
2017-01-18,000985.CSI,中证全指,entry_frequency_inverse_sqrt_weekly_binary,challenger,0.08901926271,-0.30033588061,0.0,0.0,-0.00012327816663892932,-0.0,0.0,-0.0,0.9723444664952096,1.0417262853809524
2017-01-19,000985.CSI,中证全指,entry_frequency_inverse_sqrt_weekly_binary,challenger,0.08901926271,-0.30033588061,0.0,0.0,-0.0038955056637623997,-0.0,0.0,-0.0,0.9685566931188494,1.0417262853809524
2017-01-20,000985.CSI,中证全指,entry_frequency_inverse_sqrt_weekly_binary,challenger,0.291861793512,-0.30033588061,1.0,1.0,0.01170108277179649,0.01170108277179649,0.0005,0.011201082771796489,0.9798898551542106,1.0533947477290606
2017-01-23,000985.CSI,中证全指,entry_frequency_inverse_sqrt_weekly_binary,challenger,0.269193890781,0.269193890781,1.0,0.0,0.0063060848914802126,0.0063060848914802126,0.0,0.0063060848914802126,0.9860691237651132,1.0600375444324794
2017-01-24,000985.CSI,中证全指,entry_frequency_inverse_sqrt_weekly_binary,challenger,0.19409903308,0.269193890781,1.0,0.0,-0.0017121222482113785,-0.0017121222482113785,0.0,-0.0017121222482113785,0.9843808528800407,1.0582226305687172
2017-01-25,000985.CSI,中证全指,entry_frequency_inverse_sqrt_weekly_binary,challenger,0.269193890781,0.269193890781,1.0,0.0,0.00279319268860867,0.00279319268860867,0.0,0.00279319268860867,0.9871304182811116,1.0611784502833421
2017-01-26,000985.CSI,中证全指,entry_frequency_inverse_sqrt_weekly_binary,challenger,0.269193890781,0.269193890781,1.0,0.0,0.005122816866402591,0.005122816866402591,0.0,0.005122816866402591,0.9921873066372211,1.0666146731467165
2017-02-03,000985.CSI,中证全指,entry_frequency_inverse_sqrt_weekly_binary,challenger,0.269193890781,0.269193890781,1.0,0.0,-0.004657711560259181,-0.004657711560259181,0.0,-0.004657711560259181,0.9875659843491545,1.061646689653259
2017-02-06,000985.CSI,中证全指,entry_frequency_inverse_sqrt_weekly_binary,challenger,0.269193890781,0.269193890781,1.0,0.0,0.006799820606213425,0.006799820606213425,0.0,0.006799820606213425,0.9942812558795274,1.0688656966900816
2017-02-07,000985.CSI,中证全指,entry_frequency_inverse_sqrt_weekly_binary,challenger,0.40890945194,0.269193890781,1.0,0.0,-0.0004635079527760544,-0.0004635079527760544,0.0,-0.0004635079527760544,0.993820398610131,1.0683702689392163
2017-02-08,000985.CSI,中证全指,entry_frequency_inverse_sqrt_weekly_binary,challenger,0.40890945194,0.269193890781,1.0,0.0,0.00594495761209024,0.00594495761209024,0.0,0.00594495761209024,0.999728618753899,1.0747216849020773
2017-02-09,000985.CSI,中证全指,entry_frequency_inverse_sqrt_weekly_binary,challenger,0.40890945194,0.269193890781,1.0,0.0,0.005943547780079994,0.005943547780079994,0.0,0.005943547780079994,1.0056705535665762,1.081109344586581
2017-02-10,000985.CSI,中证全指,entry_frequency_inverse_sqrt_weekly_binary,challenger,0.301509245747,0.269193890781,1.0,0.0,0.0014558678765621558,0.0014558678765621558,0.0,0.0014558678765621558,1.0071346770199183,1.0826832969524156
2017-02-13,000985.CSI,中证全指,entry_frequency_inverse_sqrt_weekly_binary,challenger,0.301509245747,0.301509245747,1.0,0.0,0.006155628905001542,0.006155628905001542,0.0,0.006155628905001542,1.0133342243490115,1.0893478935500982
2017-02-14,000985.CSI,中证全指,entry_frequency_inverse_sqrt_weekly_binary,challenger,0.301509245747,0.301509245747,1.0,0.0,-0.00031308835554955117,-0.00031308835554955117,0.0,-0.00031308835554955117,1.013016961203088,1.0890068314094852
2017-02-15,000985.CSI,中证全指,entry_frequency_inverse_sqrt_weekly_binary,challenger,0.420244641197,0.301509245747,1.0,0.0,-0.006943523809486596,-0.006943523809486596,0.0,-0.006943523809486596,1.0059830538135606,1.0814452865468998
2017-02-16,000985.CSI,中证全指,entry_frequency_inverse_sqrt_weekly_binary,challenger,0.420244641197,0.301509245747,1.0,0.0,0.0062968563663461374,0.0062968563663461374,0.0,0.0062968563663461374,1.0123175846104029,1.0882549921843476
2017-02-17,000985.CSI,中证全指,entry_frequency_inverse_sqrt_weekly_binary,challenger,0.345149783496,0.301509245747,1.0,0.0,-0.007268750239741606,-0.007268750239741606,0.0,-0.007268750239741606,1.0049593009245714,1.0803447384490077
2017-02-20,000985.CSI,中证全指,entry_frequency_inverse_sqrt_weekly_binary,challenger,0.345149783496,0.345149783496,1.0,0.0,0.0116425614628628,0.0116425614628628,0.0,0.0116425614628628,1.0166596013532614,1.0929227184674808
2017-02-21,000985.CSI,中证全指,entry_frequency_inverse_sqrt_weekly_binary,challenger,0.345149783496,0.345149783496,1.0,0.0,0.0061911229025699566,0.0061911229025699566,0.0,0.0061911229025699566,1.0229538658953172,1.0996891373405238
2017-02-22,000985.CSI,中证全指,entry_frequency_inverse_sqrt_weekly_binary,challenger,0.345149783496,0.345149783496,1.0,0.0,0.003422524137779881,0.003422524137779881,0.0,0.003422524137779881,1.0264549501931792,1.1034528499571261
2017-02-23,000985.CSI,中证全指,entry_frequency_inverse_sqrt_weekly_binary,challenger,0.345149783496,0.345149783496,1.0,0.0,-0.002409572151354289,-0.002409572151354289,0.0,-0.002409572151354289,1.023981632930574,1.100794000699537
2017-02-24,000985.CSI,中证全指,entry_frequency_inverse_sqrt_weekly_binary,challenger,0.345149783496,0.345149783496,1.0,0.0,0.0013739565484109928,0.0013739565484109928,0.0,0.0013739565484109928,1.0253885392005915,1.1023064438252497
2017-02-27,000985.CSI,中证全指,entry_frequency_inverse_sqrt_weekly_binary,challenger,0.345149783496,0.345149783496,1.0,0.0,-0.00773991949232633,-0.00773991949232633,0.0,-0.00773991949232633,1.0174521144588249,1.0937746806941697
2017-02-28,000985.CSI,中证全指,entry_frequency_inverse_sqrt_weekly_binary,challenger,0.345149783496,0.345149783496,1.0,0.0,0.0029360335815127314,0.0029360335815127314,0.0,0.0029360335815127314,1.020439388034457,1.0969860398872961
2017-03-01,000985.CSI,中证全指,entry_frequency_inverse_sqrt_weekly_binary,challenger,0.345149783496,0.345149783496,1.0,0.0,0.002225988967950343,0.002225988967950343,0.0,0.002225988967950343,1.0227108748546838,1.0994279187100808
2017-03-02,000985.CSI,中证全指,entry_frequency_inverse_sqrt_weekly_binary,challenger,0.345149783496,0.345149783496,1.0,0.0,-0.006349764804695401,-0.006349764804695401,0.0,-0.006349764804695401,1.0162169013361524,1.092446810006556
2017-03-03,000985.CSI,中证全指,entry_frequency_inverse_sqrt_weekly_binary,challenger,0.345149783496,0.345149783496,1.0,0.0,0.0005755053196225823,0.0005755053196225823,0.0,0.0005755053196225823,1.0168017395687616,1.0930755189571195
2017-03-06,000985.CSI,中证全指,entry_frequency_inverse_sqrt_weekly_binary,challenger,0.345149783496,0.345149783496,1.0,0.0,0.00839080695590444,0.00839080695590444,0.0,0.00839080695590444,1.025333526677911,1.1022473046249137
2017-03-07,000985.CSI,中证全指,entry_frequency_inverse_sqrt_weekly_binary,challenger,0.345149783496,0.345149783496,1.0,0.0,0.0020976917175763443,0.0020976917175763443,0.0,0.0020976917175763443,1.0274843603245765,1.1045594796665463
2017-03-08,000985.CSI,中证全指,entry_frequency_inverse_sqrt_weekly_binary,challenger,0.185849534158,0.345149783496,1.0,0.0,-0.0027745767332263416,-0.0027745767332263416,0.0,-0.0027745767332263416,1.024633526124666,1.101494794633799
2017-03-09,000985.CSI,中证全指,entry_frequency_inverse_sqrt_weekly_binary,challenger,0.185849534158,0.345149783496,1.0,0.0,-0.006821506046330805,-0.006821506046330805,0.0,-0.006821506046330805,1.0176439823309333,1.0939809412322026
2017-03-10,000985.CSI,中证全指,entry_frequency_inverse_sqrt_weekly_binary,challenger,0.185849534158,0.345149783496,1.0,0.0,0.00039711182186552563,0.00039711182186552563,0.0,0.00039711182186552563,1.0180481007867672,1.0944153739968614
2017-03-13,000985.CSI,中证全指,entry_frequency_inverse_sqrt_weekly_binary,challenger,0.070280986627,0.070280986627,1.0,0.0,0.007860081065277136,0.007860081065277136,0.0,0.007860081065277136,1.0260500413873026,1.1030175675555622
2017-03-14,000985.CSI,中证全指,entry_frequency_inverse_sqrt_weekly_binary,challenger,0.070280986627,0.070280986627,1.0,0.0,-0.0012249138989598451,-0.0012249138989598451,0.0,-0.0012249138989598451,1.024793218430579,1.1016664660062665
2017-03-15,000985.CSI,中证全指,entry_frequency_inverse_sqrt_weekly_binary,challenger,-0.010383830218,0.070280986627,1.0,0.0,0.0002546272763859214,0.0002546272763859214,0.0,0.0002546272763859214,1.0250541587366468,1.1019469803379913
2017-03-16,000985.CSI,中证全指,entry_frequency_inverse_sqrt_weekly_binary,challenger,0.105184717313,0.070280986627,1.0,0.0,0.00767422822946684,0.00767422822946684,0.0,0.00767422822946684,1.032920658298356,1.1104035729618769
2017-03-17,000985.CSI,中证全指,entry_frequency_inverse_sqrt_weekly_binary,challenger,0.212584923507,0.070280986627,1.0,0.0,-0.008607612146446897,-0.008607612146446897,0.0,-0.008607612146446897,1.0240296778936713,1.1008456496797923
2017-03-20,000985.CSI,中证全指,entry_frequency_inverse_sqrt_weekly_binary,challenger,0.053284674169,0.053284674169,1.0,0.0,0.0023190877571031,0.0023190877571031,0.0,0.0023190877571031,1.0264044925825848,1.1033986073484248
2017-03-21,000985.CSI,中证全指,entry_frequency_inverse_sqrt_weekly_binary,challenger,0.053284674169,0.053284674169,1.0,0.0,0.003185443318369341,0.003185443318369341,0.0,0.003185443318369341,1.0296740459154263,1.106913421069701
2017-03-22,000985.CSI,中证全指,entry_frequency_inverse_sqrt_weekly_binary,challenger,0.053284674169,0.053284674169,1.0,0.0,-0.004630182398180471,-0.004630182398180471,0.0,-0.004630182398180471,1.0249064672721655,1.1017882100311542
2017-03-23,000985.CSI,中证全指,entry_frequency_inverse_sqrt_weekly_binary,challenger,0.12837953187,0.053284674169,1.0,0.0,0.0017274630853567619,0.0017274630853567619,0.0,0.0017274630853567619,1.0266769553603217,1.1036915084918644
2017-03-24,000985.CSI,中证全指,entry_frequency_inverse_sqrt_weekly_binary,challenger,0.12837953187,0.053284674169,1.0,0.0,0.005289977800799761,0.005289977800799761,0.0,0.005289977800799761,1.0321080536627705,1.1095300120707174
2017-03-27,000985.CSI,中证全指,entry_frequency_inverse_sqrt_weekly_binary,challenger,-0.094589221855,-0.094589221855,0.0,1.0,-0.0030992237663136635,-0.0,0.0005,-0.0005,1.0289093198534551,1.108975247064682
2017-03-28,000985.CSI,中证全指,entry_frequency_inverse_sqrt_weekly_binary,challenger,-0.094589221855,-0.094589221855,0.0,0.0,-0.002592848288559213,-0.0,0.0,-0.0,1.0262415140843906,1.108975247064682
2017-03-29,000985.CSI,中证全指,entry_frequency_inverse_sqrt_weekly_binary,challenger,-0.094589221855,-0.094589221855,0.0,0.0,-0.003792677963180391,-0.0,0.0,-0.0,1.0223493105090218,1.108975247064682
2017-03-30,000985.CSI,中证全指,entry_frequency_inverse_sqrt_weekly_binary,challenger,-0.094589221855,-0.094589221855,0.0,0.0,-0.014443047308206558,-0.0,0.0,-0.0,1.0075834710518277,1.108975247064682
2017-03-31,000985.CSI,中证全指,entry_frequency_inverse_sqrt_weekly_binary,challenger,-0.094589221855,-0.094589221855,0.0,0.0,0.003933815086621939,0.0,0.0,0.0,1.0115471181112823,1.108975247064682
2017-04-05,000985.CSI,中证全指,entry_frequency_inverse_sqrt_weekly_binary,challenger,-0.094589221855,-0.094589221855,0.0,0.0,0.017698188513751267,0.0,0.0,0.0,1.0294496696981577,1.108975247064682
2017-04-06,000985.CSI,中证全指,entry_frequency_inverse_sqrt_weekly_binary,challenger,-0.094589221855,-0.094589221855,0.0,0.0,0.0031285823042195293,0.0,0.0,0.0,1.03267038771786,1.108975247064682
2017-04-07,000985.CSI,中证全指,entry_frequency_inverse_sqrt_weekly_binary,challenger,-0.213324617305,-0.094589221855,0.0,0.0,0.0010731559297800786,0.0,0.0,0.0,1.0337786040679477,1.108975247064682
2017-04-10,000985.CSI,中证全指,entry_frequency_inverse_sqrt_weekly_binary,challenger,-0.213324617305,-0.213324617305,0.0,0.0,-0.00559650729369332,-0.0,0.0,-0.0,1.0279930545702174,1.108975247064682
2017-04-11,000985.CSI,中证全指,entry_frequency_inverse_sqrt_weekly_binary,challenger,-0.213324617305,-0.213324617305,0.0,0.0,0.006046590948015185,0.0,0.0,0.0,1.034208908068604,1.108975247064682
2017-04-12,000985.CSI,中证全指,entry_frequency_inverse_sqrt_weekly_binary,challenger,-0.288419475006,-0.213324617305,0.0,0.0,-0.0055817503264219415,-0.0,0.0,-0.0,1.0284362121584036,1.108975247064682
2017-04-13,000985.CSI,中证全指,entry_frequency_inverse_sqrt_weekly_binary,challenger,-0.288419475006,-0.213324617305,0.0,0.0,0.00283642094490566,0.0,0.0,0.0,1.0313532901710691,1.108975247064682
2017-04-14,000985.CSI,中证全指,entry_frequency_inverse_sqrt_weekly_binary,challenger,-0.288419475006,-0.213324617305,0.0,0.0,-0.011597879438269731,-0.0,0.0,-0.0,1.0193917790534022,1.108975247064682
2017-04-17,000985.CSI,中证全指,entry_frequency_inverse_sqrt_weekly_binary,challenger,-0.3958196812,-0.3958196812,0.0,0.0,-0.00868149104884186,-0.0,0.0,-0.0,1.010541938448287,1.108975247064682
2017-04-18,000985.CSI,中证全指,entry_frequency_inverse_sqrt_weekly_binary,challenger,-0.586219896683,-0.3958196812,0.0,0.0,-0.006987347885181627,-0.0,0.0,-0.0,1.003480930371783,1.108975247064682
2017-04-19,000985.CSI,中证全指,entry_frequency_inverse_sqrt_weekly_binary,challenger,-0.586219896683,-0.3958196812,0.0,0.0,-0.009107655191246344,-0.0,0.0,-0.0,0.9943415720669658,1.108975247064682
2017-04-20,000985.CSI,中证全指,entry_frequency_inverse_sqrt_weekly_binary,challenger,-0.586219896683,-0.3958196812,0.0,0.0,7.258213887473275e-06,0.0,0.0,0.0,0.9943487892107731,1.108975247064682
2017-04-21,000985.CSI,中证全指,entry_frequency_inverse_sqrt_weekly_binary,challenger,-0.586219896683,-0.3958196812,0.0,0.0,-0.002629650630188274,-0.0,0.0,-0.0,0.991733999290598,1.108975247064682
2017-04-24,000985.CSI,中证全指,entry_frequency_inverse_sqrt_weekly_binary,challenger,-0.725935457842,-0.725935457842,0.0,0.0,-0.020391953590217282,-0.0,0.0,-0.0,0.9715106056032236,1.108975247064682
2017-04-25,000985.CSI,中证全指,entry_frequency_inverse_sqrt_weekly_binary,challenger,-0.532105204691,-0.725935457842,0.0,0.0,0.003293949138681418,0.0,0.0,0.0,0.9747107121257702,1.108975247064682
2017-04-26,000985.CSI,中证全指,entry_frequency_inverse_sqrt_weekly_binary,challenger,-0.650840600141,-0.725935457842,0.0,0.0,0.002198913478548059,0.0,0.0,0.0,0.9768540166483487,1.108975247064682
2017-04-27,000985.CSI,中证全指,entry_frequency_inverse_sqrt_weekly_binary,challenger,-0.642950205173,-0.725935457842,0.0,0.0,0.0026577964014984357,0.0,0.0,0.0,0.979450295738586,1.108975247064682
2017-04-28,000985.CSI,中证全指,entry_frequency_inverse_sqrt_weekly_binary,challenger,-0.446716840796,-0.725935457842,0.0,0.0,0.0018981807351166058,0.0,0.0,0.0,0.9813094694209612,1.108975247064682
2017-05-02,000985.CSI,中证全指,entry_frequency_inverse_sqrt_weekly_binary,challenger,-0.446716840796,-0.446716840796,0.0,0.0,-0.0010835219920288797,-0.0,0.0,-0.0,0.9802461990298574,1.108975247064682
2017-05-03,000985.CSI,中证全指,entry_frequency_inverse_sqrt_weekly_binary,challenger,-0.446716840796,-0.446716840796,0.0,0.0,-0.003178556424543233,-0.0,0.0,-0.0,0.9771304311762969,1.108975247064682
2017-05-04,000985.CSI,中证全指,entry_frequency_inverse_sqrt_weekly_binary,challenger,-0.446716840796,-0.446716840796,0.0,0.0,-0.002829605899005383,-0.0,0.0,-0.0,0.9743655371441429,1.108975247064682
2017-05-05,000985.CSI,中证全指,entry_frequency_inverse_sqrt_weekly_binary,challenger,-0.446716840796,-0.446716840796,0.0,0.0,-0.010046991236963065,-0.0,0.0,-0.0,0.9645760951308568,1.108975247064682
2017-05-08,000985.CSI,中证全指,entry_frequency_inverse_sqrt_weekly_binary,challenger,-0.446716840796,-0.446716840796,0.0,0.0,-0.013802078807451656,-0.0,0.0,-0.0,0.9512629398500768,1.108975247064682
2017-05-09,000985.CSI,中证全指,entry_frequency_inverse_sqrt_weekly_binary,challenger,-0.521811698497,-0.446716840796,0.0,0.0,0.0024922006810901287,0.0,0.0,0.0,0.953633677996667,1.108975247064682
2017-05-10,000985.CSI,中证全指,entry_frequency_inverse_sqrt_weekly_binary,challenger,-0.602476515343,-0.446716840796,0.0,0.0,-0.012378226700324624,-0.0,0.0,-0.0,0.9418293841413599,1.108975247064682
2017-05-11,000985.CSI,中证全指,entry_frequency_inverse_sqrt_weekly_binary,challenger,-0.602476515343,-0.446716840796,0.0,0.0,-0.00048104016505412517,-0.0,0.0,-0.0,0.9413763263789596,1.108975247064682
2017-05-12,000985.CSI,中证全指,entry_frequency_inverse_sqrt_weekly_binary,challenger,-0.602476515343,-0.446716840796,0.0,0.0,0.003166808723153558,0.0,0.0,0.0,0.9443574851411067,1.108975247064682
2017-05-15,000985.CSI,中证全指,entry_frequency_inverse_sqrt_weekly_binary,challenger,-0.602476515343,-0.602476515343,0.0,0.0,0.0038187700155614124,0.0,0.0,0.0,0.9479637691893346,1.108975247064682
2017-05-16,000985.CSI,中证全指,entry_frequency_inverse_sqrt_weekly_binary,challenger,-0.602476515343,-0.602476515343,0.0,0.0,0.015044979314829288,0.0,0.0,0.0,0.9622258644879957,1.108975247064682
2017-05-17,000985.CSI,中证全指,entry_frequency_inverse_sqrt_weekly_binary,challenger,-0.495076309149,-0.602476515343,0.0,0.0,-0.0008311685190118823,-0.0,0.0,-0.0,0.9614260926412543,1.108975247064682
2017-05-18,000985.CSI,中证全指,entry_frequency_inverse_sqrt_weekly_binary,challenger,-0.335776059811,-0.602476515343,0.0,0.0,-0.005502156501640987,-0.0,0.0,-0.0,0.9561361758147809,1.108975247064682
2017-05-19,000985.CSI,中证全指,entry_frequency_inverse_sqrt_weekly_binary,challenger,-0.132933529009,-0.602476515343,0.0,0.0,0.0005463227886473021,0.0,0.0,0.0,0.9566585347966786,1.108975247064682
2017-05-22,000985.CSI,中证全指,entry_frequency_inverse_sqrt_weekly_binary,challenger,-0.132933529009,-0.132933529009,0.0,0.0,-0.008087858567853545,-0.0,0.0,-0.0,0.9489212158695131,1.108975247064682
2017-05-23,000985.CSI,中证全指,entry_frequency_inverse_sqrt_weekly_binary,challenger,-0.132933529009,-0.132933529009,0.0,0.0,-0.012450723407210096,-0.0,0.0,-0.0,0.9371064602754883,1.108975247064682
2017-05-24,000985.CSI,中证全指,entry_frequency_inverse_sqrt_weekly_binary,challenger,0.114182238344,-0.132933529009,0.0,0.0,0.0026852779770296653,0.0,0.0,0.0,0.9396228516153983,1.108975247064682
2017-05-25,000985.CSI,中证全指,entry_frequency_inverse_sqrt_weekly_binary,challenger,-0.037704589857,-0.132933529009,0.0,0.0,0.012627191016603145,0.0,0.0,0.0,0.9514876488463112,1.108975247064682
2017-05-26,000985.CSI,中证全指,entry_frequency_inverse_sqrt_weekly_binary,challenger,0.114182238344,-0.132933529009,0.0,0.0,-0.001045565559990247,-0.0,0.0,-0.0,0.9504928061299214,1.108975247064682
2017-05-31,000985.CSI,中证全指,entry_frequency_inverse_sqrt_weekly_binary,challenger,0.114182238344,0.114182238344,1.0,1.0,0.00047803421198477913,0.00047803421198477913,0.0005,-2.1965788015220877e-05,0.9509471742094969,1.108950887549491
2017-06-01,000985.CSI,中证全指,entry_frequency_inverse_sqrt_weekly_binary,challenger,0.114182238344,0.114182238344,1.0,0.0,-0.01161670009805471,-0.01161670009805471,0.0,-0.01161670009805471,0.9399003060776127,1.096068537665357
2017-06-02,000985.CSI,中证全指,entry_frequency_inverse_sqrt_weekly_binary,challenger,0.114182238344,0.114182238344,1.0,0.0,0.003876423143328589,0.003876423143328589,0.0,0.003876423143328589,0.9435437573765135,1.1003173631114374
2017-06-05,000985.CSI,中证全指,entry_frequency_inverse_sqrt_weekly_binary,challenger,0.114182238344,0.114182238344,1.0,0.0,0.001990739756962734,0.001990739756962734,0.0,0.001990739756962734,0.9454221074467569,1.1025078086314597
2017-06-06,000985.CSI,中证全指,entry_frequency_inverse_sqrt_weekly_binary,challenger,0.114182238344,0.114182238344,1.0,0.0,0.005507474844991922,0.005507474844991922,0.0,0.005507474844991922,0.9506289959214191,1.1085798426539046
2017-06-07,000985.CSI,中证全指,entry_frequency_inverse_sqrt_weekly_binary,challenger,0.114182238344,0.114182238344,1.0,0.0,0.016238735720046416,0.016238735720046416,0.0,0.016238735720046416,0.9660660089540002,1.126581777743332
2017-06-08,000985.CSI,中证全指,entry_frequency_inverse_sqrt_weekly_binary,challenger,0.114182238344,0.114182238344,1.0,0.0,0.003837913356659728,0.003837913356659728,0.0,0.003837913356659728,0.9697736865931798,1.1309055009955027
2017-06-09,000985.CSI,中证全指,entry_frequency_inverse_sqrt_weekly_binary,challenger,0.114182238344,0.114182238344,1.0,0.0,0.002630854153422346,0.002630854153422346,0.0,0.002630854153422346,0.9723250197244331,1.133880748429925
2017-06-12,000985.CSI,中证全指,entry_frequency_inverse_sqrt_weekly_binary,challenger,0.266069066545,0.266069066545,1.0,0.0,-0.007234132667085391,-0.007234132667085391,0.0,-0.007234132667085391,0.9652910915362201,1.1256781046671287
2017-06-13,000985.CSI,中证全指,entry_frequency_inverse_sqrt_weekly_binary,challenger,0.1854042497,0.266069066545,1.0,0.0,0.008190422480076398,0.008190422480076398,0.0,0.008190422480076398,0.9731972333921558,1.134897883920924
2017-06-14,000985.CSI,中证全指,entry_frequency_inverse_sqrt_weekly_binary,challenger,0.1854042497,0.266069066545,1.0,0.0,-0.006342377510205721,-0.006342377510205721,0.0,-0.006342377510205721,0.967024849146095,1.127699933105564
2017-06-15,000985.CSI,中证全指,entry_frequency_inverse_sqrt_weekly_binary,challenger,0.1854042497,0.266069066545,1.0,0.0,0.004865799447582253,0.004865799447582253,0.0,0.004865799447582253,0.9717301981228683,1.1331870948171074
2017-06-16,000985.CSI,中证全指,entry_frequency_inverse_sqrt_weekly_binary,challenger,0.1854042497,0.266069066545,1.0,0.0,-0.0022793726068316422,-0.0022793726068316422,0.0,-0.0022793726068316422,0.9695152629280359,1.130604139194766
2017-06-19,000985.CSI,中证全指,entry_frequency_inverse_sqrt_weekly_binary,challenger,0.1854042497,0.1854042497,1.0,0.0,0.00797565002484113,0.00797565002484113,0.0,0.00797565002484113,0.9772477773588918,1.1396214421256203
2017-06-20,000985.CSI,中证全指,entry_frequency_inverse_sqrt_weekly_binary,challenger,0.266069066545,0.1854042497,1.0,0.0,-0.00026022625105048824,-0.00026022625105048824,0.0,-0.00026022625105048824,0.9769934718334423,1.1393248827101192
2017-06-21,000985.CSI,中证全指,entry_frequency_inverse_sqrt_weekly_binary,challenger,0.266069066545,0.1854042497,1.0,0.0,0.0058878129299668736,0.0058878129299668736,0.0,0.0058878129299668736,0.9827458266293965,1.146033014485973
2017-06-22,000985.CSI,中证全指,entry_frequency_inverse_sqrt_weekly_binary,challenger,0.341163924246,0.1854042497,1.0,0.0,-0.008321181403358802,-0.008321181403358802,0.0,-0.008321181403358802,0.9745682203326195,1.136496665878197
2017-06-23,000985.CSI,中证全指,entry_frequency_inverse_sqrt_weekly_binary,challenger,0.260499107401,0.1854042497,1.0,0.0,0.004887295556245563,0.004887295556245563,0.0,0.004887295556245563,0.9793312232651092,1.1420510609830314
2017-06-26,000985.CSI,中证全指,entry_frequency_inverse_sqrt_weekly_binary,challenger,0.260499107401,0.260499107401,1.0,0.0,0.012777669418611914,0.012777669418611914,0.0,0.012777669418611914,0.9918447938873156,1.1566438118994475
2017-06-27,000985.CSI,中证全指,entry_frequency_inverse_sqrt_weekly_binary,challenger,0.1086122792,0.260499107401,1.0,0.0,0.0016516153167702718,0.0016516153167702718,0.0,0.0016516153167702718,0.9934829399407588,1.1585541425352281
2017-06-28,000985.CSI,中证全指,entry_frequency_inverse_sqrt_weekly_binary,challenger,0.114182238344,0.260499107401,1.0,0.0,-0.006855372774737911,-0.006855372774737911,0.0,-0.006855372774737911,0.9866722440421223,1.1506118220084323
2017-06-29,000985.CSI,中证全指,entry_frequency_inverse_sqrt_weekly_binary,challenger,0.114182238344,0.260499107401,1.0,0.0,0.005100153113996697,0.005100153113996697,0.0,0.005100153113996697,0.9917044235600678,1.15648011847545
2017-06-30,000985.CSI,中证全指,entry_frequency_inverse_sqrt_weekly_binary,challenger,0.114182238344,0.260499107401,1.0,0.0,0.0008452613446865431,0.0008452613446865431,0.0,0.0008452613446865431,0.9925426729746578,1.157457646415496
2017-07-03,000985.CSI,中证全指,entry_frequency_inverse_sqrt_weekly_binary,challenger,0.114182238344,0.114182238344,1.0,0.0,0.0019372225642768637,0.0019372225642768637,0.0,0.0019372225642768637,0.994465449036752,1.159699899485327
2017-07-04,000985.CSI,中证全指,entry_frequency_inverse_sqrt_weekly_binary,challenger,0.308012491496,0.114182238344,1.0,0.0,-0.005490479005659021,-0.005490479005659021,0.0,-0.005490479005659021,0.9890053573669625,1.1533325915343378
2017-07-05,000985.CSI,中证全指,entry_frequency_inverse_sqrt_weekly_binary,challenger,0.308012491496,0.114182238344,1.0,0.0,0.009130699576499923,0.009130699576499923,0.0,0.009130699576499923,0.9980356681646292,1.163863324939424
2017-07-06,000985.CSI,中证全指,entry_frequency_inverse_sqrt_weekly_binary,challenger,0.308012491496,0.114182238344,1.0,0.0,0.0008533408111450758,0.0008533408111450758,0.0,0.0008533408111450758,0.9988873327312525,1.1648564970131896
2017-07-07,000985.CSI,中证全指,entry_frequency_inverse_sqrt_weekly_binary,challenger,0.308012491496,0.114182238344,1.0,0.0,0.001245417500538526,0.001245417500538526,0.0,0.001245417500538526,1.0001313644965022,1.1663072296801857
2017-07-10,000985.CSI,中证全指,entry_frequency_inverse_sqrt_weekly_binary,challenger,0.232917633795,0.232917633795,1.0,0.0,-0.0028474651334003953,-0.0028474651334003953,0.0,-0.0028474651334003953,0.9972835253072783,1.1629862105088387
2017-07-11,000985.CSI,中证全指,entry_frequency_inverse_sqrt_weekly_binary,challenger,0.232917633795,0.232917633795,1.0,0.0,-0.004273133690184894,-0.004273133690184894,0.0,-0.004273133690184894,0.9930219994766214,1.1580166149514928
2017-07-12,000985.CSI,中证全指,entry_frequency_inverse_sqrt_weekly_binary,challenger,0.227347674651,0.232917633795,1.0,0.0,-0.0019167668877184685,-0.0019167668877184685,0.0,-0.0019167668877184685,0.9911186077892487,1.155796967048526
2017-07-13,000985.CSI,中证全指,entry_frequency_inverse_sqrt_weekly_binary,challenger,0.227347674651,0.232917633795,1.0,0.0,0.004032594417826774,0.004032594417826774,0.0,0.004032594417826774,0.9951153871544238,1.160457827445987
2017-07-14,000985.CSI,中证全指,entry_frequency_inverse_sqrt_weekly_binary,challenger,0.07546084645,0.232917633795,1.0,0.0,-0.0006365540804483816,-0.0006365540804483816,0.0,-0.0006365540804483816,0.9944819423942137,1.159719133280738
2017-07-17,000985.CSI,中证全指,entry_frequency_inverse_sqrt_weekly_binary,challenger,0.07546084645,0.07546084645,1.0,0.0,-0.03001448049796629,-0.03001448049796629,0.0,-0.03001448049796629,0.964633083528643,1.1249107659717648
2017-07-18,000985.CSI,中证全指,entry_frequency_inverse_sqrt_weekly_binary,challenger,0.07546084645,0.07546084645,1.0,0.0,0.0053077735471271925,0.0053077735471271925,0.0,0.0053077735471271925,0.96975313749208,1.1308815375782684
2017-07-19,000985.CSI,中证全指,entry_frequency_inverse_sqrt_weekly_binary,challenger,0.07546084645,0.07546084645,1.0,0.0,0.01621421442005766,0.01621421442005766,0.0,0.01621421442005766,0.9854769227979002,1.149217893312247
2017-07-20,000985.CSI,中证全指,entry_frequency_inverse_sqrt_weekly_binary,challenger,0.07546084645,0.07546084645,1.0,0.0,0.005094773629131355,0.005094773629131355,0.0,0.005094773629131355,0.9904977046362885,1.1550728983292202
2017-07-21,000985.CSI,中证全指,entry_frequency_inverse_sqrt_weekly_binary,challenger,-0.031939359744,0.07546084645,1.0,0.0,-0.0016167156891029322,-0.0016167156891029322,0.0,-0.0016167156891029322,0.9888963514571826,1.1532054738524338
2017-07-24,000985.CSI,中证全指,entry_frequency_inverse_sqrt_weekly_binary,challenger,-0.139339565938,-0.139339565938,0.0,1.0,0.005016352655976997,0.0,0.0005,-0.0005,0.9938570042963008,1.1526288711155077
2017-07-25,000985.CSI,中证全指,entry_frequency_inverse_sqrt_weekly_binary,challenger,-0.258074961389,-0.139339565938,0.0,0.0,-0.004193065771159299,-0.0,0.0,-0.0,0.989689696510159,1.1526288711155077
2017-07-26,000985.CSI,中证全指,entry_frequency_inverse_sqrt_weekly_binary,challenger,-0.258074961389,-0.139339565938,0.0,0.0,-0.0017728137442470926,-0.0,0.0,-0.0,0.9879351610136461,1.1526288711155077
2017-07-27,000985.CSI,中证全指,entry_frequency_inverse_sqrt_weekly_binary,challenger,-0.258074961389,-0.139339565938,0.0,0.0,0.006349215371784567,0.0,0.0,0.0,0.9942077741242804,1.1526288711155077
2017-07-28,000985.CSI,中证全指,entry_frequency_inverse_sqrt_weekly_binary,challenger,-0.258074961389,-0.139339565938,0.0,0.0,0.002109328348716799,0.0,0.0,0.0,0.9963048847667554,1.1526288711155077
2017-07-31,000985.CSI,中证全指,entry_frequency_inverse_sqrt_weekly_binary,challenger,-0.380252675346,-0.380252675346,0.0,0.0,0.006840047203578115,0.0,0.0,0.0,1.0031196572077155,1.1526288711155077
2017-08-01,000985.CSI,中证全指,entry_frequency_inverse_sqrt_weekly_binary,challenger,-0.380252675346,-0.380252675346,0.0,0.0,0.004176284220045456,0.0,0.0,0.0,1.0073089700029294,1.1526288711155077
2017-08-02,000985.CSI,中证全指,entry_frequency_inverse_sqrt_weekly_binary,challenger,-0.380252675346,-0.380252675346,0.0,0.0,-0.005046790224444875,-0.0,0.0,-0.0,1.002225292940123,1.1526288711155077
2017-08-03,000985.CSI,中证全指,entry_frequency_inverse_sqrt_weekly_binary,challenger,-0.380252675346,-0.380252675346,0.0,0.0,-0.0023731527002099906,-0.0,0.0,-0.0,0.9998468592799634,1.1526288711155077
2017-08-04,000985.CSI,中证全指,entry_frequency_inverse_sqrt_weekly_binary,challenger,-0.380252675346,-0.380252675346,0.0,0.0,-0.005056248363022764,-0.0,0.0,-0.0,0.9947913852344556,1.1526288711155077
2017-08-07,000985.CSI,中证全指,entry_frequency_inverse_sqrt_weekly_binary,challenger,-0.380252675346,-0.380252675346,0.0,0.0,0.007190181162550324,0.0,0.0,0.0,1.0019441155132358,1.1526288711155077
2017-08-08,000985.CSI,中证全指,entry_frequency_inverse_sqrt_weekly_binary,challenger,-0.380252675346,-0.380252675346,0.0,0.0,0.0019666648226353,0.0,0.0,0.0,1.0039146037594622,1.1526288711155077
2017-08-09,000985.CSI,中证全指,entry_frequency_inverse_sqrt_weekly_binary,challenger,-0.455347533047,-0.380252675346,0.0,0.0,0.0019118393866797145,0.0,0.0,0.0,1.0058339272397925,1.1526288711155077
2017-08-10,000985.CSI,中证全指,entry_frequency_inverse_sqrt_weekly_binary,challenger,-0.33316981909,-0.380252675346,0.0,0.0,-0.0062044285478939365,-0.0,0.0,-0.0,0.9995933025071856,1.1526288711155077
2017-08-11,000985.CSI,中证全指,entry_frequency_inverse_sqrt_weekly_binary,challenger,-0.33316981909,-0.380252675346,0.0,0.0,-0.017711709813200138,-0.0,0.0,-0.0,0.9818887960019599,1.1526288711155077
2017-08-14,000985.CSI,中证全指,entry_frequency_inverse_sqrt_weekly_binary,challenger,-0.33316981909,-0.33316981909,0.0,0.0,0.016331613159272118,0.0,0.0,0.0,0.9979246239836873,1.1526288711155077
2017-08-15,000985.CSI,中证全指,entry_frequency_inverse_sqrt_weekly_binary,challenger,-0.33316981909,-0.33316981909,0.0,0.0,0.0033469029648034443,0.0,0.0,0.0,1.0012645808663487,1.1526288711155077
2017-08-16,000985.CSI,中证全指,entry_frequency_inverse_sqrt_weekly_binary,challenger,-0.33316981909,-0.33316981909,0.0,0.0,0.0012214181150389525,0.0,0.0,0.0,1.0024875435633658,1.1526288711155077
2017-08-17,000985.CSI,中证全指,entry_frequency_inverse_sqrt_weekly_binary,challenger,-0.282485164767,-0.33316981909,0.0,0.0,0.00676404472795733,0.0,0.0,0.0,1.0092684141472485,1.1526288711155077
2017-08-18,000985.CSI,中证全指,entry_frequency_inverse_sqrt_weekly_binary,challenger,-0.207390307066,-0.33316981909,0.0,0.0,-0.0013804263717612786,-0.0,0.0,-0.0,1.007875193412174,1.1526288711155077
2017-08-21,000985.CSI,中证全指,entry_frequency_inverse_sqrt_weekly_binary,challenger,-0.12672549022,-0.12672549022,0.0,0.0,0.00618144135031895,0.0,0.0,0.0,1.0141053148086927,1.1526288711155077
2017-08-22,000985.CSI,中证全指,entry_frequency_inverse_sqrt_weekly_binary,challenger,-0.019325284026,-0.12672549022,0.0,0.0,-0.001398248436235705,-0.0,0.0,-0.0,1.0126873436380832,1.1526288711155077
2017-08-23,000985.CSI,中证全指,entry_frequency_inverse_sqrt_weekly_binary,challenger,-0.019325284026,-0.12672549022,0.0,0.0,-0.003047876247364245,-0.0,0.0,-0.0,1.0096007979374022,1.1526288711155077
2017-08-24,000985.CSI,中证全指,entry_frequency_inverse_sqrt_weekly_binary,challenger,-0.019325284026,-0.12672549022,0.0,0.0,-0.006088802075779554,-0.0,0.0,-0.0,1.0034535385032122,1.1526288711155077
2017-08-25,000985.CSI,中证全指,entry_frequency_inverse_sqrt_weekly_binary,challenger,-0.019325284026,-0.12672549022,0.0,0.0,0.012957113467294556,0.0,0.0,0.0,1.0164553998607566,1.1526288711155077
2017-08-28,000985.CSI,中证全指,entry_frequency_inverse_sqrt_weekly_binary,challenger,0.088074922168,0.088074922168,1.0,1.0,0.011655386695832215,0.011655386695832215,0.0005,0.011155386695832215,1.0283025806052004,1.1654868918895818
2017-08-29,000985.CSI,中证全指,entry_frequency_inverse_sqrt_weekly_binary,challenger,0.088074922168,0.088074922168,1.0,0.0,-0.001907030170598789,-0.001907030170598789,0.0,-0.001907030170598789,1.0263415765594817,1.163264273223311
2017-08-30,000985.CSI,中证全指,entry_frequency_inverse_sqrt_weekly_binary,challenger,0.437775386988,0.088074922168,1.0,0.0,0.0024682822258552672,0.0024682822258552672,0.0,0.0024682822258552672,1.0288748772305596,1.1661355377528806
2017-08-31,000985.CSI,中证全指,entry_frequency_inverse_sqrt_weekly_binary,challenger,0.357110570143,0.088074922168,1.0,0.0,0.00022022199484861282,0.00022022199484861282,0.0,0.00022022199484861282,1.029101458108473,1.1663923464472683
2017-09-01,000985.CSI,中证全指,entry_frequency_inverse_sqrt_weekly_binary,challenger,0.357110570143,0.088074922168,1.0,0.0,0.004917545183013461,0.004917545183013461,0.0,0.004917545183013461,1.0341621110266264,1.172128133512044
2017-09-04,000985.CSI,中证全指,entry_frequency_inverse_sqrt_weekly_binary,challenger,0.437775386988,0.437775386988,1.0,0.0,0.004973988121065975,0.004973988121065975,0.0,0.004973988121065975,1.0393060210821292,1.1779582849245
2017-09-05,000985.CSI,中证全指,entry_frequency_inverse_sqrt_weekly_binary,challenger,0.437775386988,0.437775386988,1.0,0.0,0.0016592623935971496,0.0016592623935971496,0.0,0.0016592623935971496,1.04103050247835,1.1799128268079015
2017-09-06,000985.CSI,中证全指,entry_frequency_inverse_sqrt_weekly_binary,challenger,0.437775386988,0.437775386988,1.0,0.0,0.0018195219691115039,0.0018195219691115039,0.0,0.0018195219691115039,1.0429246803481245,1.182059704117915
2017-09-07,000985.CSI,中证全指,entry_frequency_inverse_sqrt_weekly_binary,challenger,0.437775386988,0.437775386988,1.0,0.0,-0.005024411901623949,-0.005024411901623949,0.0,-0.005024411901623949,1.037684597171686,1.176120549272115
2017-09-08,000985.CSI,中证全指,entry_frequency_inverse_sqrt_weekly_binary,challenger,0.437775386988,0.437775386988,1.0,0.0,0.000803778798599275,0.000803778798599275,0.0,0.000803778798599275,1.0385186660505255,1.1770658900342168
2017-09-11,000985.CSI,中证全指,entry_frequency_inverse_sqrt_weekly_binary,challenger,0.437775386988,0.437775386988,1.0,0.0,0.005005313432857372,0.005005313432857372,0.0,0.005005313432857372,1.0437167774799814,1.1829574737449633
2017-09-12,000985.CSI,中证全指,entry_frequency_inverse_sqrt_weekly_binary,challenger,0.437775386988,0.437775386988,1.0,0.0,0.00037228589938953505,0.00037228589938953505,0.0,0.00037228589938953505,1.0441053385191934,1.183397872132016
2017-09-13,000985.CSI,中证全指,entry_frequency_inverse_sqrt_weekly_binary,challenger,0.357110570143,0.437775386988,1.0,0.0,0.003036819620185316,0.003036819620185316,0.0,0.003036819620185316,1.0472760980967488,1.186991638008592
2017-09-14,000985.CSI,中证全指,entry_frequency_inverse_sqrt_weekly_binary,challenger,0.357110570143,0.437775386988,1.0,0.0,-0.0022543246930991634,-0.0022543246930991634,0.0,-0.0022543246930991634,1.0449151977283169,1.184315773448527
2017-09-15,000985.CSI,中证全指,entry_frequency_inverse_sqrt_weekly_binary,challenger,0.249710363949,0.437775386988,1.0,0.0,-0.002746226508740235,-0.002746226508740235,0.0,-0.002746226508740235,1.0420456239129299,1.1810633740767635
2017-09-18,000985.CSI,中证全指,entry_frequency_inverse_sqrt_weekly_binary,challenger,0.249710363949,0.249710363949,1.0,0.0,0.005301636194067871,0.005301636194067871,0.0,0.005301636194067871,1.0475701707085368,1.1873249424082568
2017-09-19,000985.CSI,中证全指,entry_frequency_inverse_sqrt_weekly_binary,challenger,0.249710363949,0.249710363949,1.0,0.0,-0.003608424493638962,-0.003608424493638962,0.0,-0.003608424493638962,1.0437900928457464,1.1830405700041624
2017-09-20,000985.CSI,中证全指,entry_frequency_inverse_sqrt_weekly_binary,challenger,0.090410114611,0.249710363949,1.0,0.0,0.005521407944479639,0.005521407944479639,0.0,0.005521407944479639,1.049553283756754,1.189572619606025
2017-09-21,000985.CSI,中证全指,entry_frequency_inverse_sqrt_weekly_binary,challenger,-0.031767599346,0.249710363949,1.0,0.0,-0.006343128346322668,-0.006343128346322668,0.0,-0.006343128346322668,1.0428958325715805,1.1820270078025927
2017-09-22,000985.CSI,中证全指,entry_frequency_inverse_sqrt_weekly_binary,challenger,-0.254736353071,0.249710363949,0.0,1.0,-0.002576023896107671,-0.0,0.0005,-0.0005,1.040209307985725,1.1814359942986914
2017-09-25,000985.CSI,中证全指,entry_frequency_inverse_sqrt_weekly_binary,challenger,-0.147336146877,-0.147336146877,0.0,0.0,-0.00946331714188231,-0.0,0.0,-0.0,1.0303654774103181,1.1814359942986914
2017-09-26,000985.CSI,中证全指,entry_frequency_inverse_sqrt_weekly_binary,challenger,-0.147336146877,-0.147336146877,0.0,0.0,0.0016245480186660721,0.0,0.0,0.0,1.032039355605147,1.1814359942986914
2017-09-27,000985.CSI,中证全指,entry_frequency_inverse_sqrt_weekly_binary,challenger,-0.147336146877,-0.147336146877,0.0,0.0,0.004271185731565819,0.0,0.0,0.0,1.036447387375222,1.1814359942986914
2017-09-28,000985.CSI,中证全指,entry_frequency_inverse_sqrt_weekly_binary,challenger,-0.33773636236,-0.147336146877,0.0,0.0,-0.0018902780645447814,-0.0,0.0,-0.0,1.0344882136138118,1.1814359942986914
2017-09-29,000985.CSI,中证全指,entry_frequency_inverse_sqrt_weekly_binary,challenger,-0.33773636236,-0.147336146877,0.0,0.0,0.005777677233457235,0.0,0.0,0.0,1.0404651526138882,1.1814359942986914
2017-10-09,000985.CSI,中证全指,entry_frequency_inverse_sqrt_weekly_binary,challenger,-0.412831220061,-0.412831220061,0.0,0.0,0.011548504488458677,0.0,0.0,0.0,1.0524809690989345,1.1814359942986914
2017-10-10,000985.CSI,中证全指,entry_frequency_inverse_sqrt_weekly_binary,challenger,-0.520231426254,-0.412831220061,0.0,0.0,0.004374363738926412,0.0,0.0,0.0,1.057084903686071,1.1814359942986914
2017-10-11,000985.CSI,中证全指,entry_frequency_inverse_sqrt_weekly_binary,challenger,-0.445136568553,-0.412831220061,0.0,0.0,-0.0003716507214361897,-0.0,0.0,-0.0,1.0566920373189967,1.1814359942986914
2017-10-12,000985.CSI,中证全指,entry_frequency_inverse_sqrt_weekly_binary,challenger,-0.520231426254,-0.412831220061,0.0,0.0,0.00013803565752557034,0.0,0.0,0.0,1.0568378984991702,1.1814359942986914
2017-10-13,000985.CSI,中证全指,entry_frequency_inverse_sqrt_weekly_binary,challenger,-0.380515865095,-0.412831220061,0.0,0.0,0.003792986819876498,0.0,0.0,0.0,1.0608464707189236,1.1814359942986914
2017-10-16,000985.CSI,中证全指,entry_frequency_inverse_sqrt_weekly_binary,challenger,-0.380515865095,-0.380515865095,0.0,0.0,-0.009914370340523115,-0.0,0.0,-0.0,1.0503288459337792,1.1814359942986914
2017-10-17,000985.CSI,中证全指,entry_frequency_inverse_sqrt_weekly_binary,challenger,-0.380515865095,-0.380515865095,0.0,0.0,-0.0005590916441977622,-0.0,0.0,-0.0,1.0497416158523578,1.1814359942986914
2017-10-18,000985.CSI,中证全指,entry_frequency_inverse_sqrt_weekly_binary,challenger,-0.273115658901,-0.380515865095,0.0,0.0,-0.0006069361430384168,-0.0,0.0,-0.0,1.0491044897248454,1.1814359942986914
2017-10-19,000985.CSI,中证全指,entry_frequency_inverse_sqrt_weekly_binary,challenger,-0.273115658901,-0.380515865095,0.0,0.0,-0.006596293357470251,-0.0,0.0,-0.0,1.042184288747981,1.1814359942986914
2017-10-20,000985.CSI,中证全指,entry_frequency_inverse_sqrt_weekly_binary,challenger,-0.273115658901,-0.380515865095,0.0,0.0,0.00521148432827756,0.0,0.0,0.0,1.0476156158359682,1.1814359942986914
2017-10-23,000985.CSI,中证全指,entry_frequency_inverse_sqrt_weekly_binary,challenger,-0.273115658901,-0.273115658901,0.0,0.0,0.0035672310757268733,0.0,0.0,0.0,1.051352702816195,1.1814359942986914
2017-10-24,000985.CSI,中证全指,entry_frequency_inverse_sqrt_weekly_binary,challenger,-0.273115658901,-0.273115658901,0.0,0.0,0.0013802647482745733,0.0,0.0,0.0,1.0528038478898956,1.1814359942986914
2017-10-25,000985.CSI,中证全指,entry_frequency_inverse_sqrt_weekly_binary,challenger,-0.117355984355,-0.273115658901,0.0,0.0,0.00549602460699905,0.0,0.0,0.0,1.0585900837442417,1.1814359942986914
2017-10-26,000985.CSI,中证全指,entry_frequency_inverse_sqrt_weekly_binary,challenger,-0.192450842056,-0.273115658901,0.0,0.0,0.003946109091639283,0.0,0.0,0.0,1.062767395698024,1.1814359942986914
2017-10-27,000985.CSI,中证全指,entry_frequency_inverse_sqrt_weekly_binary,challenger,-0.192450842056,-0.273115658901,0.0,0.0,-2.0411831300193306e-05,-0.0,0.0,-0.0,1.0627457026692315,1.1814359942986914
2017-10-30,000985.CSI,中证全指,entry_frequency_inverse_sqrt_weekly_binary,challenger,-0.273115658901,-0.273115658901,0.0,0.0,-0.012607821632884764,-0.0,0.0,-0.0,1.049346794408863,1.1814359942986914
2017-10-31,000985.CSI,中证全指,entry_frequency_inverse_sqrt_weekly_binary,challenger,-0.1212288307,-0.273115658901,0.0,0.0,0.0033365010619679225,0.0,0.0,0.0,1.052847941102781,1.1814359942986914
2017-11-01,000985.CSI,中证全指,entry_frequency_inverse_sqrt_weekly_binary,challenger,-0.1212288307,-0.273115658901,0.0,0.0,-0.0013264682095961433,-0.0,0.0,-0.0,1.0514513717793692,1.1814359942986914
2017-11-02,000985.CSI,中证全指,entry_frequency_inverse_sqrt_weekly_binary,challenger,-0.1212288307,-0.273115658901,0.0,0.0,-0.005618021312843724,-0.0,0.0,-0.0,1.0455442955632939,1.1814359942986914
2017-11-03,000985.CSI,中证全指,entry_frequency_inverse_sqrt_weekly_binary,challenger,-0.046133972999,-0.273115658901,0.0,0.0,-0.004734180987246206,-0.0,0.0,-0.0,1.0405944996379144,1.1814359942986914
2017-11-06,000985.CSI,中证全指,entry_frequency_inverse_sqrt_weekly_binary,challenger,-0.046133972999,-0.046133972999,0.0,0.0,0.008762037157849178,0.0,0.0,0.0,1.0497122273099952,1.1814359942986914
2017-11-07,000985.CSI,中证全指,entry_frequency_inverse_sqrt_weekly_binary,challenger,-0.046133972999,-0.046133972999,0.0,0.0,0.006814467109294231,0.0,0.0,0.0,1.056865456757223,1.1814359942986914
2017-11-08,000985.CSI,中证全指,entry_frequency_inverse_sqrt_weekly_binary,challenger,-0.046133972999,-0.046133972999,0.0,0.0,0.00040663949426122947,0.0,0.0,0.0,1.057295219992061,1.1814359942986914
2017-11-09,000985.CSI,中证全指,entry_frequency_inverse_sqrt_weekly_binary,challenger,0.275443953254,-0.046133972999,1.0,1.0,0.00655390723748317,0.00655390723748317,0.0005,0.006053907237483169,1.0642246347865234,1.1885882982151994
2017-11-10,000985.CSI,中证全指,entry_frequency_inverse_sqrt_weekly_binary,challenger,0.275443953254,-0.046133972999,1.0,0.0,0.0056479572731955585,0.0056479572731955585,0.0,0.0056479572731955585,1.0702353300528797,1.195301394138939
2017-11-13,000985.CSI,中证全指,entry_frequency_inverse_sqrt_weekly_binary,challenger,0.275443953254,0.275443953254,1.0,0.0,0.002669575303000382,0.002669575303000382,0.0,0.002669575303000382,1.0730924038583873,1.1984923412203743
2017-11-14,000985.CSI,中证全指,entry_frequency_inverse_sqrt_weekly_binary,challenger,0.275443953254,0.275443953254,1.0,0.0,-0.007153744016628827,-0.007153744016628827,0.0,-0.007153744016628827,1.0654157754949956,1.1899186338053935
2017-11-15,000985.CSI,中证全指,entry_frequency_inverse_sqrt_weekly_binary,challenger,0.275443953254,0.275443953254,1.0,0.0,-0.00785904970507656,-0.00785904970507656,0.0,-0.00785904970507656,1.0570426199588077,1.1805670041173202
2017-11-16,000985.CSI,中证全指,entry_frequency_inverse_sqrt_weekly_binary,challenger,0.123557125052,0.275443953254,1.0,0.0,0.0036560332083961367,0.0036560332083961367,0.0,0.0036560332083961367,1.060907202880067,1.1848831962891098
2017-11-17,000985.CSI,中证全指,entry_frequency_inverse_sqrt_weekly_binary,challenger,0.048462267351,0.275443953254,1.0,0.0,-0.014478268648338566,-0.014478268648338566,0.0,-0.014478268648338566,1.045547103385812,1.1677281390563339
2017-11-20,000985.CSI,中证全指,entry_frequency_inverse_sqrt_weekly_binary,challenger,-0.032202549494,-0.032202549494,0.0,1.0,0.005588377848239734,0.0,0.0005,-0.0005,1.0513900156576643,1.1671442749868057
2017-11-21,000985.CSI,中证全指,entry_frequency_inverse_sqrt_weekly_binary,challenger,0.042892308207,-0.032202549494,0.0,0.0,0.00933829088177296,0.0,0.0,0.0,1.0612082014540674,1.1671442749868057
2017-11-22,000985.CSI,中证全指,entry_frequency_inverse_sqrt_weekly_binary,challenger,-0.040107701082,-0.032202549494,0.0,0.0,0.0006176448395178724,0.0,0.0,0.0,1.0618636512233495,1.1671442749868057
2017-11-23,000985.CSI,中证全指,entry_frequency_inverse_sqrt_weekly_binary,challenger,0.011792342062,-0.032202549494,0.0,0.0,-0.026489038233832418,-0.0,0.0,-0.0,1.0337359043669774,1.1671442749868057
2017-11-24,000985.CSI,中证全指,entry_frequency_inverse_sqrt_weekly_binary,challenger,-0.118275766863,-0.032202549494,0.0,0.0,0.0006658285646268247,0.0,0.0,0.0,1.0344241952603852,1.1671442749868057
2017-11-27,000985.CSI,中证全指,entry_frequency_inverse_sqrt_weekly_binary,challenger,-0.12961095612,-0.12961095612,0.0,0.0,-0.012234403743547007,-0.0,0.0,-0.0,1.021768632013476,1.1671442749868057
2017-11-28,000985.CSI,中证全指,entry_frequency_inverse_sqrt_weekly_binary,challenger,-0.237011162314,-0.12961095612,0.0,0.0,0.008145852235602602,0.0,0.0,0.0,1.0300918083088315,1.1671442749868057
2017-11-29,000985.CSI,中证全指,entry_frequency_inverse_sqrt_weekly_binary,challenger,-0.156346345468,-0.12961095612,0.0,0.0,0.0010532282790469694,0.0,0.0,0.0,1.031176730131357,1.1671442749868057
2017-11-30,000985.CSI,中证全指,entry_frequency_inverse_sqrt_weekly_binary,challenger,-0.079554374968,-0.12961095612,0.0,0.0,-0.008913825463546687,-0.0,0.0,-0.0,1.0219850007368954,1.1671442749868057
2017-12-01,000985.CSI,中证全指,entry_frequency_inverse_sqrt_weekly_binary,challenger,-0.079554374968,-0.12961095612,0.0,0.0,0.0033002828825527963,0.0,0.0,0.0,1.025357840341053,1.1671442749868057
2017-12-04,000985.CSI,中证全指,entry_frequency_inverse_sqrt_weekly_binary,challenger,-0.201732088925,-0.201732088925,0.0,0.0,-0.0016881421482870529,-0.0,0.0,-0.0,1.0236268905536967,1.1671442749868057
2017-12-05,000985.CSI,中证全指,entry_frequency_inverse_sqrt_weekly_binary,challenger,-0.201732088925,-0.201732088925,0.0,0.0,-0.00966696929218569,-0.0,0.0,-0.0,1.0137315208360587,1.1671442749868057
2017-12-06,000985.CSI,中证全指,entry_frequency_inverse_sqrt_weekly_binary,challenger,-0.086163541394,-0.201732088925,0.0,0.0,0.0009661229556980899,0.0,0.0,0.0,1.014710910129253,1.1671442749868057
2017-12-07,000985.CSI,中证全指,entry_frequency_inverse_sqrt_weekly_binary,challenger,-0.086163541394,-0.201732088925,0.0,0.0,-0.006814647643067162,-0.0,0.0,-0.0,1.0077960128171461,1.1671442749868057
2017-12-08,000985.CSI,中证全指,entry_frequency_inverse_sqrt_weekly_binary,challenger,0.043904567531,-0.201732088925,0.0,0.0,0.009029612219587646,0.0,0.0,0.0,1.0168960200093315,1.1671442749868057
2017-12-11,000985.CSI,中证全指,entry_frequency_inverse_sqrt_weekly_binary,challenger,0.043904567531,0.043904567531,1.0,1.0,0.01375328420687394,0.01375328420687394,0.0005,0.013253284206873939,1.030881679981359,1.1826127697736317
2017-12-12,000985.CSI,中证全指,entry_frequency_inverse_sqrt_weekly_binary,challenger,0.043904567531,0.043904567531,1.0,0.0,-0.010905592748653214,-0.010905592748653214,0.0,-0.010905592748653214,1.0196393042074348,1.1697156765271237
2017-12-13,000985.CSI,中证全指,entry_frequency_inverse_sqrt_weekly_binary,challenger,0.118999425232,0.043904567531,1.0,0.0,0.007550472145206433,0.007550472145206433,0.0,0.007550472145206433,1.0273380623720108,1.178547582160553
2017-12-14,000985.CSI,中证全指,entry_frequency_inverse_sqrt_weekly_binary,challenger,0.118999425232,0.043904567531,1.0,0.0,-0.0023940580278625223,-0.0023940580278625223,0.0,-0.0023940580278625223,1.0248785554364603,1.1757260708602637
2017-12-15,000985.CSI,中证全指,entry_frequency_inverse_sqrt_weekly_binary,challenger,0.118999425232,0.043904567531,1.0,0.0,-0.0077459423450571,-0.0077459423450571,0.0,-0.0077459423450571,1.016939905235364,1.1666189645017997
2017-12-18,000985.CSI,中证全指,entry_frequency_inverse_sqrt_weekly_binary,challenger,0.118999425232,0.118999425232,1.0,0.0,-0.002702802642231217,-0.002702802642231217,0.0,-0.002702802642231217,1.0141913173725035,1.1634658236820672
2017-12-19,000985.CSI,中证全指,entry_frequency_inverse_sqrt_weekly_binary,challenger,0.118999425232,0.118999425232,1.0,0.0,0.009406102421789964,0.009406102421789964,0.0,0.009406102421789964,1.0237309047789993,1.174409502383873
2017-12-20,000985.CSI,中证全指,entry_frequency_inverse_sqrt_weekly_binary,challenger,-0.036760249314,0.118999425232,1.0,0.0,-0.005263775624940847,-0.005263775624940847,0.0,-0.005263775624940847,1.018342214995925,1.1682276742715259
2017-12-21,000985.CSI,中证全指,entry_frequency_inverse_sqrt_weekly_binary,challenger,-0.036760249314,0.118999425232,1.0,0.0,0.0061250538812307465,0.0061250538812307465,0.0,0.0061250538812307465,1.0245796159323068,1.1753831317219838
2017-12-22,000985.CSI,中证全指,entry_frequency_inverse_sqrt_weekly_binary,challenger,0.45831274402,0.118999425232,1.0,0.0,-0.0021057108630064825,-0.0021057108630064825,0.0,-0.0021057108630064825,1.0224221475050232,1.1729081146933222
2017-12-25,000985.CSI,中证全指,entry_frequency_inverse_sqrt_weekly_binary,challenger,0.350912537826,0.350912537826,1.0,0.0,-0.007627382373308955,-0.007627382373308955,0.0,-0.007627382373308955,1.0146237428390628,1.1639618960137994
2017-12-26,000985.CSI,中证全指,entry_frequency_inverse_sqrt_weekly_binary,challenger,0.45831274402,0.350912537826,1.0,0.0,0.004315410975254119,0.004315410975254119,0.0,0.004315410975254119,1.0190022612746639,1.168984869954635
2017-12-27,000985.CSI,中证全指,entry_frequency_inverse_sqrt_weekly_binary,challenger,0.350912537826,0.350912537826,1.0,0.0,-0.010286468086947775,-0.010286468086947775,0.0,-0.010286468086947775,1.0085203270335343,1.1569601443957218
2017-12-28,000985.CSI,中证全指,entry_frequency_inverse_sqrt_weekly_binary,challenger,0.350912537826,0.350912537826,1.0,0.0,0.005027323477216905,0.005027323477216905,0.0,0.005027323477216905,1.0135904849508806,1.1627765572918467
2017-12-29,000985.CSI,中证全指,entry_frequency_inverse_sqrt_weekly_binary,challenger,0.350912537826,0.350912537826,1.0,0.0,0.005245622960125429,0.005245622960125429,0.0,0.005245622960125429,1.0189073984709036,1.1688760446982724
2018-01-02,000985.CSI,中证全指,entry_frequency_inverse_sqrt_weekly_binary,challenger,0.350912537826,0.350912537826,1.0,0.0,0.012288567711762566,0.012288567711762566,0.0,0.012288567711762566,1.0314283110290292,1.1832398571202043
2018-01-03,000985.CSI,中证全指,entry_frequency_inverse_sqrt_weekly_binary,challenger,0.469647933277,0.350912537826,1.0,0.0,0.007321827570685446,0.007321827570685446,0.0,0.007321827570685446,1.038980251273907,1.1919033353288009
2018-01-04,000985.CSI,中证全指,entry_frequency_inverse_sqrt_weekly_binary,challenger,0.550312750122,0.350912537826,1.0,0.0,0.0036904055042015216,0.0036904055042015216,0.0,0.0036904055042015216,1.042814509711965,1.1963019419579743
2018-01-05,000985.CSI,中证全指,entry_frequency_inverse_sqrt_weekly_binary,challenger,0.550312750122,0.350912537826,1.0,0.0,0.0013246312483092826,0.0013246312483092826,0.0,0.0013246312483092826,1.0441958543977197,1.197886600892705
2018-01-08,000985.CSI,中证全指,entry_frequency_inverse_sqrt_weekly_binary,challenger,0.550312750122,0.550312750122,1.0,0.0,0.003639664871735615,0.003639664871735615,0.0,0.003639664871735615,1.047996377368183,1.2022465066742969
2018-01-09,000985.CSI,中证全指,entry_frequency_inverse_sqrt_weekly_binary,challenger,0.420244641197,0.550312750122,1.0,0.0,0.0031296175771409196,0.0031296175771409196,0.0,0.0031296175771409196,1.0512762052515745,1.206009078473641
2018-01-10,000985.CSI,中证全指,entry_frequency_inverse_sqrt_weekly_binary,challenger,0.420244641197,0.550312750122,1.0,0.0,-0.0010550927365778895,-0.0010550927365778895,0.0,-0.0010550927365778895,1.0501670113632764,1.2047366270546964
2018-01-11,000985.CSI,中证全指,entry_frequency_inverse_sqrt_weekly_binary,challenger,0.527644847391,0.550312750122,1.0,0.0,0.0018322510164483496,0.0018322510164483496,0.0,0.0018322510164483496,1.0520911809372873,1.20694400696417
2018-01-12,000985.CSI,中证全指,entry_frequency_inverse_sqrt_weekly_binary,challenger,0.527644847391,0.550312750122,1.0,0.0,-0.00010712766897946757,-0.00010712766897946757,0.0,-0.00010712766897946757,1.0519784728615196,1.206814709866115
2018-01-15,000985.CSI,中证全指,entry_frequency_inverse_sqrt_weekly_binary,challenger,0.37575801919,0.37575801919,1.0,0.0,-0.01222732676955296,-0.01222732676955296,0.0,-0.01222732676955296,1.0391155883193064,1.192058592058279
2018-01-16,000985.CSI,中证全指,entry_frequency_inverse_sqrt_weekly_binary,challenger,0.37575801919,0.37575801919,1.0,0.0,0.0068047169453679945,0.0068047169453679945,0.0,0.0068047169453679945,1.0461864757713388,1.2001702133595293
2018-01-17,000985.CSI,中证全指,entry_frequency_inverse_sqrt_weekly_binary,challenger,0.37575801919,0.37575801919,1.0,0.0,-0.0027947178210934176,-0.0027947178210934176,0.0,-0.0027947178210934176,1.0432626797833138,1.196816076275908
2018-01-18,000985.CSI,中证全指,entry_frequency_inverse_sqrt_weekly_binary,challenger,0.216457769852,0.37575801919,1.0,0.0,0.003854204233928904,0.003854204233928904,0.0,0.003854204233928904,1.0472836272208346,1.2014288498643246
2018-01-19,000985.CSI,中证全指,entry_frequency_inverse_sqrt_weekly_binary,challenger,0.216457769852,0.37575801919,1.0,0.0,0.0003286374729694064,0.0003286374729694064,0.0,0.0003286374729694064,1.0476278038655666,1.2018236844054966
2018-01-22,000985.CSI,中证全指,entry_frequency_inverse_sqrt_weekly_binary,challenger,0.216457769852,0.216457769852,1.0,0.0,0.010722950539612919,0.010722950539612919,0.0,0.010722950539612919,1.0588614649903405,1.214710780330712
2018-01-23,000985.CSI,中证全指,entry_frequency_inverse_sqrt_weekly_binary,challenger,0.216457769852,0.216457769852,1.0,0.0,0.005929618686647764,0.005929618686647764,0.0,0.005929618686647764,1.0651401097197184,1.2219135520726334
2018-01-24,000985.CSI,中证全指,entry_frequency_inverse_sqrt_weekly_binary,challenger,0.216457769852,0.216457769852,1.0,0.0,0.003573505655795284,0.003573505655795284,0.0,0.003573505655795284,1.0689463939260162,1.2262800670618579
2018-01-25,000985.CSI,中证全指,entry_frequency_inverse_sqrt_weekly_binary,challenger,0.094280055896,0.216457769852,1.0,0.0,-0.003715582529955963,-0.003715582529955963,0.0,-0.003715582529955963,1.0649746353792853,1.2217237222678496
2018-01-26,000985.CSI,中证全指,entry_frequency_inverse_sqrt_weekly_binary,challenger,0.094280055896,0.216457769852,1.0,0.0,0.0012142815572395715,0.0012142815572395715,0.0,0.0012142815572395715,1.0662678144379543,1.2232072388518416
2018-01-29,000985.CSI,中证全指,entry_frequency_inverse_sqrt_weekly_binary,challenger,0.094280055896,0.094280055896,1.0,0.0,-0.01520382390583297,-0.01520382390583297,0.0,-0.01520382390583297,1.0500564663507823,1.204609811391998
2018-01-30,000985.CSI,中证全指,entry_frequency_inverse_sqrt_weekly_binary,challenger,0.094280055896,0.094280055896,1.0,0.0,-0.006231862169572389,-0.006231862169572389,0.0,-0.006231862169572389,1.043512659182216,1.1971028490792885
2018-01-31,000985.CSI,中证全指,entry_frequency_inverse_sqrt_weekly_binary,challenger,0.180279575014,0.094280055896,1.0,0.0,-0.008542525341151519,-0.008542525341151519,0.0,-0.008542525341151519,1.0345984258473395,1.186876567655064
2018-02-01,000985.CSI,中证全指,entry_frequency_inverse_sqrt_weekly_binary,challenger,0.180279575014,0.094280055896,1.0,0.0,-0.022091007634713167,-0.022091007634713167,0.0,-0.022091007634713167,1.0117431041230838,1.160657268337534
2018-02-02,000985.CSI,中证全指,entry_frequency_inverse_sqrt_weekly_binary,challenger,0.064711027483,0.094280055896,1.0,0.0,0.002128233428725812,0.002128233428725812,0.0,0.002128233428725812,1.0138963296185612,1.1631274179353035
2018-02-05,000985.CSI,中证全指,entry_frequency_inverse_sqrt_weekly_binary,challenger,-0.075004533676,-0.075004533676,0.0,1.0,-0.0012302018681876747,-0.0,0.0005,-0.0005,1.012649032459716,1.1625458542263358
2018-02-06,000985.CSI,中证全指,entry_frequency_inverse_sqrt_weekly_binary,challenger,-0.499799856198,-0.075004533676,0.0,0.0,-0.038609823705068824,-0.0,0.0,-0.0,0.9735508318413378,1.1625458542263358
2018-02-07,000985.CSI,中证全指,entry_frequency_inverse_sqrt_weekly_binary,challenger,-0.618535251648,-0.075004533676,0.0,0.0,-0.011479463027561754,-0.0,0.0,-0.0,0.9623749910617632,1.1625458542263358
2018-02-08,000985.CSI,中证全指,entry_frequency_inverse_sqrt_weekly_binary,challenger,-0.618535251648,-0.075004533676,0.0,0.0,0.0005282795882766145,0.0,0.0,0.0,0.962883394125809,1.1625458542263358
2018-02-09,000985.CSI,中证全指,entry_frequency_inverse_sqrt_weekly_binary,challenger,-0.488467142723,-0.075004533676,0.0,0.0,-0.03717082283579953,-0.0,0.0,-0.0,0.9270922260712252,1.1625458542263358
2018-02-12,000985.CSI,中证全指,entry_frequency_inverse_sqrt_weekly_binary,challenger,-0.336580314522,-0.336580314522,0.0,0.0,0.018519555067275206,0.0,0.0,0.0,0.944261561604394,1.1625458542263358
2018-02-13,000985.CSI,中证全指,entry_frequency_inverse_sqrt_weekly_binary,challenger,-0.255915497677,-0.336580314522,0.0,0.0,0.007661884147289744,0.0,0.0,0.0,0.9514963842941457,1.1625458542263358
2018-02-14,000985.CSI,中证全指,entry_frequency_inverse_sqrt_weekly_binary,challenger,-0.255915497677,-0.336580314522,0.0,0.0,0.005643208618710593,0.0,0.0,0.0,0.9568658768906664,1.1625458542263358
2018-02-22,000985.CSI,中证全指,entry_frequency_inverse_sqrt_weekly_binary,challenger,0.042148113749,0.042148113749,1.0,1.0,0.019872440759182375,0.019872440759182375,0.0005,0.019372440759182374,0.9758811373436592,1.1850672049171687
2018-02-23,000985.CSI,中证全指,entry_frequency_inverse_sqrt_weekly_binary,challenger,-0.14591690929,0.042148113749,1.0,0.0,0.003771030756647642,0.003771030756647642,0.0,0.003771030756647642,0.9795612151274145,1.1895361297956057
2018-02-26,000985.CSI,中证全指,entry_frequency_inverse_sqrt_weekly_binary,challenger,-0.14591690929,-0.14591690929,0.0,1.0,0.016448640564401318,0.0,0.0005,-0.0005,0.9956736654658734,1.188941361730708
2018-02-27,000985.CSI,中证全指,entry_frequency_inverse_sqrt_weekly_binary,challenger,-0.14591690929,-0.14591690929,0.0,0.0,-0.007165114136143846,-0.0,0.0,-0.0,0.9885395500104578,1.188941361730708
2018-02-28,000985.CSI,中证全指,entry_frequency_inverse_sqrt_weekly_binary,challenger,-0.006201348131,-0.14591690929,0.0,0.0,-0.002907765003152707,-0.0,0.0,-0.0,0.985665109302705,1.188941361730708
2018-03-01,000985.CSI,中证全指,entry_frequency_inverse_sqrt_weekly_binary,challenger,-0.006201348131,-0.14591690929,0.0,0.0,0.009195741421304193,0.0,0.0,0.0,0.9947290307758542,1.188941361730708
2018-03-02,000985.CSI,中证全指,entry_frequency_inverse_sqrt_weekly_binary,challenger,-0.006201348131,-0.14591690929,0.0,0.0,-0.006421456340532705,-0.0,0.0,-0.0,0.9883414217340666,1.188941361730708
2018-03-05,000985.CSI,中证全指,entry_frequency_inverse_sqrt_weekly_binary,challenger,-0.006201348131,-0.006201348131,0.0,0.0,0.002094512184471764,0.0,0.0,0.0,0.9904115148843068,1.188941361730708
2018-03-06,000985.CSI,中证全指,entry_frequency_inverse_sqrt_weekly_binary,challenger,-0.136269457056,-0.006201348131,0.0,0.0,0.011554896172842666,0.0,0.0,0.0,1.0018556171071828,1.188941361730708
2018-03-07,000985.CSI,中证全指,entry_frequency_inverse_sqrt_weekly_binary,challenger,-0.136269457056,-0.006201348131,0.0,0.0,-0.007256797811380555,-0.0,0.0,-0.0,0.9945853534576401,1.188941361730708
2018-03-08,000985.CSI,中证全指,entry_frequency_inverse_sqrt_weekly_binary,challenger,-0.136269457056,-0.006201348131,0.0,0.0,0.008515394913377161,0.0,0.0,0.0,1.0030546405173928,1.188941361730708
2018-03-09,000985.CSI,中证全指,entry_frequency_inverse_sqrt_weekly_binary,challenger,-0.055604640211,-0.006201348131,0.0,0.0,0.011150847176786272,0.0,0.0,0.0,1.0142395495237686,1.188941361730708
2018-03-12,000985.CSI,中证全指,entry_frequency_inverse_sqrt_weekly_binary,challenger,-0.055604640211,-0.055604640211,0.0,0.0,0.009631966829051652,0.0,0.0,0.0,1.0240086712214937,1.188941361730708
2018-03-13,000985.CSI,中证全指,entry_frequency_inverse_sqrt_weekly_binary,challenger,-0.055604640211,-0.055604640211,0.0,0.0,-0.006805255962012424,-0.0,0.0,-0.0,1.0170400301065112,1.188941361730708
2018-03-14,000985.CSI,中证全指,entry_frequency_inverse_sqrt_weekly_binary,challenger,-0.055604640211,-0.055604640211,0.0,0.0,-0.007346350493829701,-0.0,0.0,-0.0,1.0095684975790937,1.188941361730708
2018-03-15,000985.CSI,中证全指,entry_frequency_inverse_sqrt_weekly_binary,challenger,-0.055604640211,-0.055604640211,0.0,0.0,0.001249793598127269,0.0,0.0,0.0,1.010830249824239,1.188941361730708
2018-03-16,000985.CSI,中证全指,entry_frequency_inverse_sqrt_weekly_binary,challenger,-0.055604640211,-0.055604640211,0.0,0.0,-0.0064949502764160005,-0.0,0.0,-0.0,1.0042649576137335,1.188941361730708
2018-03-19,000985.CSI,中证全指,entry_frequency_inverse_sqrt_weekly_binary,challenger,-0.055604640211,-0.055604640211,0.0,0.0,0.0031241365722924908,0.0,0.0,0.0,1.0074024184960864,1.188941361730708
2018-03-20,000985.CSI,中证全指,entry_frequency_inverse_sqrt_weekly_binary,challenger,-0.055604640211,-0.055604640211,0.0,0.0,0.0016816049758163754,0.0,0.0,0.0,1.009096471415679,1.188941361730708
2018-03-21,000985.CSI,中证全指,entry_frequency_inverse_sqrt_weekly_binary,challenger,-0.055604640211,-0.055604640211,0.0,0.0,-0.005509187234579271,-0.0,0.0,-0.0,1.0035371700168967,1.188941361730708
2018-03-22,000985.CSI,中证全指,entry_frequency_inverse_sqrt_weekly_binary,challenger,-0.177782354167,-0.055604640211,0.0,0.0,-0.0059912295596756815,-0.0,0.0,-0.0,0.9975247484596582,1.188941361730708
2018-03-23,000985.CSI,中证全指,entry_frequency_inverse_sqrt_weekly_binary,challenger,-0.177782354167,-0.055604640211,0.0,0.0,-0.039865180324193616,-0.0,0.0,-0.0,0.9577582444844681,1.188941361730708
2018-03-26,000985.CSI,中证全指,entry_frequency_inverse_sqrt_weekly_binary,challenger,-0.258447171013,-0.258447171013,0.0,0.0,0.004920912471893857,0.0,0.0,0.0,0.9624712889748109,1.188941361730708
2018-03-27,000985.CSI,中证全指,entry_frequency_inverse_sqrt_weekly_binary,challenger,-0.258447171013,-0.258447171013,0.0,0.0,0.01632444047220316,0.0,0.0,0.0,0.9781830942378849,1.188941361730708
2018-03-28,000985.CSI,中证全指,entry_frequency_inverse_sqrt_weekly_binary,challenger,-0.099146921675,-0.258447171013,0.0,0.0,-0.012726200243303398,-0.0,0.0,-0.0,0.9657345403059994,1.188941361730708
2018-03-29,000985.CSI,中证全指,entry_frequency_inverse_sqrt_weekly_binary,challenger,-0.018482104829,-0.258447171013,0.0,0.0,0.010779975568826039,0.0,0.0,0.0,0.9761451350564695,1.188941361730708
2018-03-30,000985.CSI,中证全指,entry_frequency_inverse_sqrt_weekly_binary,challenger,-0.018482104829,-0.258447171013,0.0,0.0,0.008038689859747095,0.0,0.0,0.0,0.9839920630552894,1.188941361730708
2018-04-02,000985.CSI,中证全指,entry_frequency_inverse_sqrt_weekly_binary,challenger,-0.018482104829,-0.018482104829,0.0,0.0,0.00038031886544098725,0.0,0.0,0.0,0.9843662938003135,1.188941361730708
2018-04-03,000985.CSI,中证全指,entry_frequency_inverse_sqrt_weekly_binary,challenger,0.103695609127,-0.018482104829,0.0,0.0,-0.007848265141354838,-0.0,0.0,-0.0,0.9766407261303558,1.188941361730708
2018-04-04,000985.CSI,中证全指,entry_frequency_inverse_sqrt_weekly_binary,challenger,-0.084369413912,-0.018482104829,0.0,0.0,-0.00406153743408133,-0.0,0.0,-0.0,0.9726740632615289,1.188941361730708
2018-04-09,000985.CSI,中证全指,entry_frequency_inverse_sqrt_weekly_binary,challenger,-0.003704597067,-0.003704597067,0.0,0.0,0.00028973959189104725,0.0,0.0,0.0,0.9729558854476613,1.188941361730708
2018-04-10,000985.CSI,中证全指,entry_frequency_inverse_sqrt_weekly_binary,challenger,-0.003704597067,-0.003704597067,0.0,0.0,0.010701547736044814,0.0,0.0,0.0,0.9833680193008452,1.188941361730708
2018-04-11,000985.CSI,中证全指,entry_frequency_inverse_sqrt_weekly_binary,challenger,-0.003704597067,-0.003704597067,0.0,0.0,0.0041113743426779426,0.0,0.0,0.0,0.9874110133448087,1.188941361730708
2018-04-12,000985.CSI,中证全指,entry_frequency_inverse_sqrt_weekly_binary,challenger,-0.159464271613,-0.003704597067,0.0,0.0,-0.007580440135209754,-0.0,0.0,-0.0,0.9799260032693016,1.188941361730708
2018-04-13,000985.CSI,中证全指,entry_frequency_inverse_sqrt_weekly_binary,challenger,-0.159464271613,-0.003704597067,0.0,0.0,-0.004851511112059059,-0.0,0.0,-0.0,0.975171881375445,1.188941361730708
2018-04-16,000985.CSI,中证全指,entry_frequency_inverse_sqrt_weekly_binary,challenger,-0.159464271613,-0.159464271613,0.0,0.0,-0.009534441745547184,-0.0,0.0,-0.0,0.9658741618805752,1.188941361730708
2018-04-17,000985.CSI,中证全指,entry_frequency_inverse_sqrt_weekly_binary,challenger,-0.159464271613,-0.159464271613,0.0,0.0,-0.018453529112790412,-0.0,0.0,-0.0,0.94805037491502,1.188941361730708
2018-04-18,000985.CSI,中证全指,entry_frequency_inverse_sqrt_weekly_binary,challenger,-0.311351099814,-0.159464271613,0.0,0.0,0.008739722364589975,0.0,0.0,0.0,0.9563360719794227,1.188941361730708
2018-04-19,000985.CSI,中证全指,entry_frequency_inverse_sqrt_weekly_binary,challenger,-0.311351099814,-0.159464271613,0.0,0.0,0.007959682650523048,0.0,0.0,0.0,0.9639482036196267,1.188941361730708
2018-04-20,000985.CSI,中证全指,entry_frequency_inverse_sqrt_weekly_binary,challenger,-0.311351099814,-0.159464271613,0.0,0.0,-0.016818582543920768,-0.0,0.0,-0.0,0.947735961188986,1.188941361730708
2018-04-23,000985.CSI,中证全指,entry_frequency_inverse_sqrt_weekly_binary,challenger,-0.230686282969,-0.230686282969,0.0,0.0,-0.004281728735522683,-0.0,0.0,-0.0,0.9436780128902749,1.188941361730708
2018-04-24,000985.CSI,中证全指,entry_frequency_inverse_sqrt_weekly_binary,challenger,-0.230686282969,-0.230686282969,0.0,0.0,0.02098174947224596,0.0,0.0,0.0,0.9634780285392055,1.188941361730708
2018-04-25,000985.CSI,中证全指,entry_frequency_inverse_sqrt_weekly_binary,challenger,-0.230686282969,-0.230686282969,0.0,0.0,-0.0004437441880811299,-0.0,0.0,-0.0,0.9630504907636973,1.188941361730708
2018-04-26,000985.CSI,中证全指,entry_frequency_inverse_sqrt_weekly_binary,challenger,-0.311351099814,-0.230686282969,0.0,0.0,-0.01869423023965544,-0.0,0.0,-0.0,0.9450470031569476,1.188941361730708
2018-04-27,000985.CSI,中证全指,entry_frequency_inverse_sqrt_weekly_binary,challenger,-0.311351099814,-0.230686282969,0.0,0.0,0.0010209995971637298,0.0,0.0,0.0,0.9460118957664716,1.188941361730708
2018-05-02,000985.CSI,中证全指,entry_frequency_inverse_sqrt_weekly_binary,challenger,-0.311351099814,-0.311351099814,0.0,0.0,-0.0005061975785181083,-0.0,0.0,-0.0,0.9455330268355853,1.188941361730708
2018-05-03,000985.CSI,中证全指,entry_frequency_inverse_sqrt_weekly_binary,challenger,-0.426919647345,-0.311351099814,0.0,0.0,0.008464142339250635,0.0,0.0,0.0,0.9535361529611841,1.188941361730708
2018-05-04,000985.CSI,中证全指,entry_frequency_inverse_sqrt_weekly_binary,challenger,-0.351824789644,-0.311351099814,0.0,0.0,-0.002879510793334039,-0.0,0.0,-0.0,0.9507904353168981,1.188941361730708
2018-05-07,000985.CSI,中证全指,entry_frequency_inverse_sqrt_weekly_binary,challenger,-0.351824789644,-0.351824789644,0.0,0.0,0.01655157128342033,0.0,0.0,0.0,0.96652751098264,1.188941361730708
2018-05-08,000985.CSI,中证全指,entry_frequency_inverse_sqrt_weekly_binary,challenger,-0.351824789644,-0.351824789644,0.0,0.0,0.008184442440883899,0.0,0.0,0.0,0.9744379997638082,1.188941361730708
2018-05-09,000985.CSI,中证全指,entry_frequency_inverse_sqrt_weekly_binary,challenger,-0.351824789644,-0.351824789644,0.0,0.0,-0.001228769316954037,-0.0,0.0,-0.0,0.9732406402484244,1.188941361730708
2018-05-10,000985.CSI,中证全指,entry_frequency_inverse_sqrt_weekly_binary,challenger,-0.163759766605,-0.351824789644,0.0,0.0,0.004699575728383643,0.0,0.0,0.0,0.9778144583392124,1.188941361730708
2018-05-11,000985.CSI,中证全指,entry_frequency_inverse_sqrt_weekly_binary,challenger,-0.238854624306,-0.351824789644,0.0,0.0,-0.007408906274613991,-0.0,0.0,-0.0,0.9705699226634148,1.188941361730708
2018-05-14,000985.CSI,中证全指,entry_frequency_inverse_sqrt_weekly_binary,challenger,-0.238854624306,-0.238854624306,0.0,0.0,0.0019487424880741955,0.0,0.0,0.0,0.9724613135093558,1.188941361730708
2018-05-15,000985.CSI,中证全指,entry_frequency_inverse_sqrt_weekly_binary,challenger,-0.163759766605,-0.238854624306,0.0,0.0,0.006908325564795481,0.0,0.0,0.0,0.9791793928622471,1.188941361730708
2018-05-16,000985.CSI,中证全指,entry_frequency_inverse_sqrt_weekly_binary,challenger,-0.163759766605,-0.238854624306,0.0,0.0,-0.0056917420429548615,-0.0,0.0,-0.0,0.973606156344298,1.188941361730708
2018-05-17,000985.CSI,中证全指,entry_frequency_inverse_sqrt_weekly_binary,challenger,-0.24442458345,-0.238854624306,0.0,0.0,-0.005837010731699066,-0.0,0.0,-0.0,0.9679232067612681,1.188941361730708
2018-05-18,000985.CSI,中证全指,entry_frequency_inverse_sqrt_weekly_binary,challenger,-0.24442458345,-0.238854624306,0.0,0.0,0.006903691503004961,0.0,0.0,0.0,0.9746054499793472,1.188941361730708
2018-05-21,000985.CSI,中证全指,entry_frequency_inverse_sqrt_weekly_binary,challenger,-0.319519441151,-0.319519441151,0.0,0.0,0.008573445016199832,0.0,0.0,0.0,0.9829611762172338,1.188941361730708
2018-05-22,000985.CSI,中证全指,entry_frequency_inverse_sqrt_weekly_binary,challenger,-0.840699750662,-0.319519441151,0.0,0.0,0.0002460181745793655,0.0,0.0,0.0,0.9832030025314892,1.188941361730708
2018-05-23,000985.CSI,中证全指,entry_frequency_inverse_sqrt_weekly_binary,challenger,-0.840699750662,-0.319519441151,0.0,0.0,-0.012104556736459271,-0.0,0.0,-0.0,0.9713017660038896,1.188941361730708
2018-05-24,000985.CSI,中证全指,entry_frequency_inverse_sqrt_weekly_binary,challenger,-0.840699750662,-0.319519441151,0.0,0.0,-0.004973902440403077,-0.0,0.0,-0.0,0.9664706057795951,1.188941361730708
2018-05-25,000985.CSI,中证全指,entry_frequency_inverse_sqrt_weekly_binary,challenger,-0.840699750662,-0.319519441151,0.0,0.0,-0.006953880175699978,-0.0,0.0,-0.0,0.9597498849936676,1.188941361730708
2018-05-28,000985.CSI,中证全指,entry_frequency_inverse_sqrt_weekly_binary,challenger,-0.840699750662,-0.840699750662,0.0,0.0,-0.001025902455009997,-0.0,0.0,-0.0,0.9587652752304571,1.188941361730708
2018-05-29,000985.CSI,中证全指,entry_frequency_inverse_sqrt_weekly_binary,challenger,-0.840699750662,-0.840699750662,0.0,0.0,-0.008153887557818318,-0.0,0.0,-0.0,0.9509476109818872,1.188941361730708
2018-05-30,000985.CSI,中证全指,entry_frequency_inverse_sqrt_weekly_binary,challenger,-0.840699750662,-0.840699750662,0.0,0.0,-0.025741398608204902,-0.0,0.0,-0.0,0.9264688894720823,1.188941361730708
2018-05-31,000985.CSI,中证全指,entry_frequency_inverse_sqrt_weekly_binary,challenger,-0.840699750662,-0.840699750662,0.0,0.0,0.01778308023001407,0.0,0.0,0.0,0.9429443600641764,1.188941361730708
2018-06-01,000985.CSI,中证全指,entry_frequency_inverse_sqrt_weekly_binary,challenger,-0.840699750662,-0.840699750662,0.0,0.0,-0.009870650350624066,-0.0,0.0,-0.0,0.9336368859858899,1.188941361730708
2018-06-04,000985.CSI,中证全指,entry_frequency_inverse_sqrt_weekly_binary,challenger,-0.558744813536,-0.558744813536,0.0,0.0,0.003771795931611699,0.0,0.0,0.0,0.9371583737940541,1.188941361730708
2018-06-05,000985.CSI,中证全指,entry_frequency_inverse_sqrt_weekly_binary,challenger,-0.40298513899,-0.558744813536,0.0,0.0,0.01304154579889949,0.0,0.0,0.0,0.9493803676467114,1.188941361730708
2018-06-06,000985.CSI,中证全指,entry_frequency_inverse_sqrt_weekly_binary,challenger,-0.40298513899,-0.558744813536,0.0,0.0,-0.0004766445694504018,-0.0,0.0,-0.0,0.9489278506501297,1.188941361730708
2018-06-07,000985.CSI,中证全指,entry_frequency_inverse_sqrt_weekly_binary,challenger,-0.562285388327,-0.558744813536,0.0,0.0,-0.004364351849771575,-0.0,0.0,-0.0,0.9447863956298451,1.188941361730708
2018-06-08,000985.CSI,中证全指,entry_frequency_inverse_sqrt_weekly_binary,challenger,-0.446716840796,-0.558744813536,0.0,0.0,-0.012305016671989022,-0.0,0.0,-0.0,0.9331607832801515,1.188941361730708
2018-06-11,000985.CSI,中证全指,entry_frequency_inverse_sqrt_weekly_binary,challenger,-0.446716840796,-0.446716840796,0.0,0.0,-0.0039668941089126,-0.0,0.0,-0.0,0.9294590332662892,1.188941361730708
2018-06-12,000985.CSI,中证全指,entry_frequency_inverse_sqrt_weekly_binary,challenger,-0.446716840796,-0.446716840796,0.0,0.0,0.010358134686318188,0.0,0.0,0.0,0.9390864951182766,1.188941361730708
2018-06-13,000985.CSI,中证全指,entry_frequency_inverse_sqrt_weekly_binary,challenger,-0.446716840796,-0.446716840796,0.0,0.0,-0.012793911343703335,-0.0,0.0,-0.0,0.9270719057556642,1.188941361730708
2018-06-14,000985.CSI,中证全指,entry_frequency_inverse_sqrt_weekly_binary,challenger,-0.869931891075,-0.446716840796,0.0,0.0,-0.004074947353344793,-0.0,0.0,-0.0,0.9232941365469449,1.188941361730708
2018-06-15,000985.CSI,中证全指,entry_frequency_inverse_sqrt_weekly_binary,challenger,-0.789267074229,-0.446716840796,0.0,0.0,-0.013185814985767652,-0.0,0.0,-0.0,0.9111197508849929,1.188941361730708
2018-06-19,000985.CSI,中证全指,entry_frequency_inverse_sqrt_weekly_binary,challenger,-0.789267074229,-0.789267074229,0.0,0.0,-0.05002649942977766,-0.0,0.0,-0.0,0.8655396191868856,1.188941361730708
2018-06-20,000985.CSI,中证全指,entry_frequency_inverse_sqrt_weekly_binary,challenger,-0.718045062874,-0.789267074229,0.0,0.0,0.00733798337488567,0.0,0.0,0.0,0.8718909345227839,1.188941361730708
2018-06-21,000985.CSI,中证全指,entry_frequency_inverse_sqrt_weekly_binary,challenger,-0.718045062874,-0.789267074229,0.0,0.0,-0.017090976742801356,-0.0,0.0,-0.0,0.8569894668385957,1.188941361730708
2018-06-22,000985.CSI,中证全指,entry_frequency_inverse_sqrt_weekly_binary,challenger,-0.718045062874,-0.789267074229,0.0,0.0,0.008994898823102782,0.0,0.0,0.0,0.8646980003852737,1.188941361730708
2018-06-25,000985.CSI,中证全指,entry_frequency_inverse_sqrt_weekly_binary,challenger,-0.642950205173,-0.642950205173,0.0,0.0,-0.009291864823290141,-0.0,0.0,-0.0,0.8566633434527244,1.188941361730708
2018-06-26,000985.CSI,中证全指,entry_frequency_inverse_sqrt_weekly_binary,challenger,-0.773018314098,-0.642950205173,0.0,0.0,-0.00029433086416374987,-0.0,0.0,-0.0,0.8564112009905486,1.188941361730708
2018-06-27,000985.CSI,中证全指,entry_frequency_inverse_sqrt_weekly_binary,challenger,-0.582618098615,-0.642950205173,0.0,0.0,-0.014179835554591236,-0.0,0.0,-0.0,0.8442674309933926,1.188941361730708
2018-06-28,000985.CSI,中证全指,entry_frequency_inverse_sqrt_weekly_binary,challenger,-0.45254998969,-0.642950205173,0.0,0.0,-0.010465741497177827,-0.0,0.0,-0.0,0.8354315463061294,1.188941361730708
2018-06-29,000985.CSI,中证全指,entry_frequency_inverse_sqrt_weekly_binary,challenger,-0.582618098615,-0.642950205173,0.0,0.0,0.02768296581538765,0.0,0.0,0.0,0.8585587692436184,1.188941361730708
2018-07-02,000985.CSI,中证全指,entry_frequency_inverse_sqrt_weekly_binary,challenger,-0.582618098615,-0.582618098615,0.0,0.0,-0.021392811870442174,-0.0,0.0,-0.0,0.8401917830134713,1.188941361730708
2018-07-03,000985.CSI,中证全指,entry_frequency_inverse_sqrt_weekly_binary,challenger,-0.582618098615,-0.582618098615,0.0,0.0,0.006121042155525336,0.0,0.0,0.0,0.8453346323360228,1.188941361730708
2018-07-04,000985.CSI,中证全指,entry_frequency_inverse_sqrt_weekly_binary,challenger,-0.582618098615,-0.582618098615,0.0,0.0,-0.015228083437472173,-0.0,0.0,-0.0,0.832461806022225,1.188941361730708
2018-07-05,000985.CSI,中证全指,entry_frequency_inverse_sqrt_weekly_binary,challenger,-0.475217892421,-0.582618098615,0.0,0.0,-0.01653200326238291,-0.0,0.0,-0.0,0.8186995447292563,1.188941361730708
2018-07-06,000985.CSI,中证全指,entry_frequency_inverse_sqrt_weekly_binary,challenger,-0.463882703165,-0.582618098615,0.0,0.0,0.00516027178081746,0.0,0.0,0.0,0.8229242568868909,1.188941361730708
2018-07-09,000985.CSI,中证全指,entry_frequency_inverse_sqrt_weekly_binary,challenger,-0.226414388046,-0.226414388046,0.0,0.0,0.02471000033943138,0.0,0.0,0.0,0.8432587155538922,1.188941361730708
2018-07-10,000985.CSI,中证全指,entry_frequency_inverse_sqrt_weekly_binary,challenger,-0.226414388046,-0.226414388046,0.0,0.0,0.004652765190239494,0.0,0.0,0.0,0.8471822003519874,1.188941361730708
2018-07-11,000985.CSI,中证全指,entry_frequency_inverse_sqrt_weekly_binary,challenger,-0.226414388046,-0.226414388046,0.0,0.0,-0.019329214557185947,-0.0,0.0,-0.0,0.830806833832355,1.188941361730708
2018-07-12,000985.CSI,中证全指,entry_frequency_inverse_sqrt_weekly_binary,challenger,-0.197182247633,-0.226414388046,0.0,0.0,0.023733462984415254,0.0,0.0,0.0,0.8505247570703144,1.188941361730708
2018-07-13,000985.CSI,中证全指,entry_frequency_inverse_sqrt_weekly_binary,challenger,-0.197182247633,-0.226414388046,0.0,0.0,0.0038490997940539007,0.0,0.0,0.0,0.8537985117375915,1.188941361730708
2018-07-16,000985.CSI,中证全指,entry_frequency_inverse_sqrt_weekly_binary,challenger,-0.197182247633,-0.197182247633,0.0,0.0,-0.0031491866135940905,-0.0,0.0,-0.0,0.8511097408937209,1.188941361730708
2018-07-17,000985.CSI,中证全指,entry_frequency_inverse_sqrt_weekly_binary,challenger,-0.075004533676,-0.197182247633,0.0,0.0,-0.0027009145647388655,-0.0,0.0,-0.0,0.84881096619835,1.188941361730708
2018-07-18,000985.CSI,中证全指,entry_frequency_inverse_sqrt_weekly_binary,challenger,-0.075004533676,-0.197182247633,0.0,0.0,-0.00549621682241519,-0.0,0.0,-0.0,0.8441457170868801,1.188941361730708
2018-07-19,000985.CSI,中证全指,entry_frequency_inverse_sqrt_weekly_binary,challenger,-0.075004533676,-0.197182247633,0.0,0.0,-0.0055449973087104976,-0.0,0.0,-0.0,0.8394649313574739,1.188941361730708
2018-07-20,000985.CSI,中证全指,entry_frequency_inverse_sqrt_weekly_binary,challenger,-0.075004533676,-0.197182247633,0.0,0.0,0.014958533939396945,0.0,0.0,0.0,0.8520220960241182,1.188941361730708
2018-07-23,000985.CSI,中证全指,entry_frequency_inverse_sqrt_weekly_binary,challenger,-0.075004533676,-0.075004533676,0.0,0.0,0.008201475447813023,0.0,0.0,0.0,0.8590099343256542,1.188941361730708
2018-07-24,000985.CSI,中证全指,entry_frequency_inverse_sqrt_weekly_binary,challenger,0.084295715661,-0.075004533676,0.0,0.0,0.015976498483759594,0.0,0.0,0.0,0.8727339052389425,1.188941361730708
2018-07-25,000985.CSI,中证全指,entry_frequency_inverse_sqrt_weekly_binary,challenger,0.164960532507,-0.075004533676,0.0,0.0,0.00021098156043075633,0.0,0.0,0.0,0.8729180360001106,1.188941361730708
2018-07-26,000985.CSI,中证全指,entry_frequency_inverse_sqrt_weekly_binary,challenger,0.164960532507,-0.075004533676,0.0,0.0,-0.007743412857215137,-0.0,0.0,-0.0,0.8661586712568524,1.188941361730708
2018-07-27,000985.CSI,中证全指,entry_frequency_inverse_sqrt_weekly_binary,challenger,0.164960532507,-0.075004533676,0.0,0.0,-0.004833944036716553,-0.0,0.0,-0.0,0.86197170871308,1.188941361730708
2018-07-30,000985.CSI,中证全指,entry_frequency_inverse_sqrt_weekly_binary,challenger,0.005660283169,0.005660283169,1.0,1.0,-0.007802537846223645,-0.007802537846223645,0.0005,-0.008302537846223645,0.8552461418334721,1.1790701310779983
2018-07-31,000985.CSI,中证全指,entry_frequency_inverse_sqrt_weekly_binary,challenger,-0.146226545032,0.005660283169,1.0,0.0,0.0005861352529348274,0.0005861352529348274,0.0,0.0005861352529348274,0.8557474317471372,1.1797612256475056
2018-08-01,000985.CSI,中证全指,entry_frequency_inverse_sqrt_weekly_binary,challenger,-0.146226545032,0.005660283169,1.0,0.0,-0.017740681674916603,-0.017740681674916603,0.0,-0.017740681674916603,0.8405658889663838,1.1588314572908838
2018-08-02,000985.CSI,中证全指,entry_frequency_inverse_sqrt_weekly_binary,challenger,-0.221321402733,0.005660283169,1.0,0.0,-0.022546110819575693,-0.022546110819575693,0.0,-0.022546110819575693,0.8216143972825926,1.1327043148335931
2018-08-03,000985.CSI,中证全指,entry_frequency_inverse_sqrt_weekly_binary,challenger,-0.221321402733,0.005660283169,1.0,0.0,-0.01453912999277096,-0.01453912999277096,0.0,-0.01453912999277096,0.8096688387565688,1.116235779556855
2018-08-06,000985.CSI,中证全指,entry_frequency_inverse_sqrt_weekly_binary,challenger,-0.221321402733,-0.221321402733,0.0,1.0,-0.016631060252054186,-0.0,0.0005,-0.0005,0.7962031875149975,1.1156776616670765
2018-08-07,000985.CSI,中证全指,entry_frequency_inverse_sqrt_weekly_binary,challenger,-0.221321402733,-0.221321402733,0.0,0.0,0.027422442203618447,0.0,0.0,0.0,0.8180370234069643,1.1156776616670765
2018-08-08,000985.CSI,中证全指,entry_frequency_inverse_sqrt_weekly_binary,challenger,0.060633534393,-0.221321402733,0.0,0.0,-0.01570356797502359,-0.0,0.0,-0.0,0.805190923403807,1.1156776616670765
2018-08-09,000985.CSI,中证全指,entry_frequency_inverse_sqrt_weekly_binary,challenger,0.060633534393,-0.221321402733,0.0,0.0,0.02388014077448708,0.0,0.0,0.0,0.8244189960050292,1.1156776616670765
2018-08-10,000985.CSI,中证全指,entry_frequency_inverse_sqrt_weekly_binary,challenger,0.243128598288,-0.221321402733,0.0,0.0,0.003988492466604265,0.0,0.0,0.0,0.8277071849599207,1.1156776616670765
2018-08-13,000985.CSI,中证全指,entry_frequency_inverse_sqrt_weekly_binary,challenger,0.043728385992,0.043728385992,1.0,1.0,-0.0002653021788801002,-0.0002653021788801002,0.0005,-0.0007653021788801002,0.8274875924402761,1.114823831121675
2018-08-14,000985.CSI,中证全指,entry_frequency_inverse_sqrt_weekly_binary,challenger,0.029228824598,0.043728385992,1.0,0.0,-0.0039398453288543855,-0.0039398453288543855,0.0,-0.0039398453288543855,0.8242274193145154,1.1104315976581347
2018-08-15,000985.CSI,中证全指,entry_frequency_inverse_sqrt_weekly_binary,challenger,0.029228824598,0.043728385992,1.0,0.0,-0.021809025213794575,-0.021809025213794575,0.0,-0.021809025213794575,0.8062518227447842,1.0862141669466143
2018-08-16,000985.CSI,中证全指,entry_frequency_inverse_sqrt_weekly_binary,challenger,0.029228824598,0.043728385992,1.0,0.0,-0.0076640112255119686,-0.0076640112255119686,0.0,-0.0076640112255119686,0.8000726997246788,1.0778894093778253
2018-08-17,000985.CSI,中证全指,entry_frequency_inverse_sqrt_weekly_binary,challenger,-0.078171381596,0.043728385992,1.0,0.0,-0.01604836710711255,-0.01604836710711255,0.0,-0.01604836710711255,0.7872328393271185,1.0605910444352613
2018-08-20,000985.CSI,中证全指,entry_frequency_inverse_sqrt_weekly_binary,challenger,-0.193739929127,-0.193739929127,0.0,1.0,0.007842827467544833,0.0,0.0005,-0.0005,0.7934069706627466,1.0600607489130438
2018-08-21,000985.CSI,中证全指,entry_frequency_inverse_sqrt_weekly_binary,challenger,-0.301140135321,-0.193739929127,0.0,0.0,0.014693064669318412,0.0,0.0,0.0,0.8050645505917823,1.0600607489130438
2018-08-22,000985.CSI,中证全指,entry_frequency_inverse_sqrt_weekly_binary,challenger,-0.246166884097,-0.193739929127,0.0,0.0,-0.008255072605747205,-0.0,0.0,-0.0,0.7984186842743338,1.0600607489130438
2018-08-23,000985.CSI,中证全指,entry_frequency_inverse_sqrt_weekly_binary,challenger,-0.246166884097,-0.193739929127,0.0,0.0,0.004650731453680557,0.0,0.0,0.0,0.8021319151624947,1.0600607489130438
2018-08-24,000985.CSI,中证全指,entry_frequency_inverse_sqrt_weekly_binary,challenger,-0.246166884097,-0.193739929127,0.0,0.0,-0.00043071090350188523,-0.0,0.0,-0.0,0.8017864282005874,1.0600607489130438
2018-08-27,000985.CSI,中证全指,entry_frequency_inverse_sqrt_weekly_binary,challenger,-0.246166884097,-0.246166884097,0.0,0.0,0.022727241480844818,0.0,0.0,0.0,0.8200088219703662,1.0600607489130438
2018-08-28,000985.CSI,中证全指,entry_frequency_inverse_sqrt_weekly_binary,challenger,-0.171072026396,-0.246166884097,0.0,0.0,-0.0002570385481476256,-0.0,0.0,-0.0,0.8197980480932987,1.0600607489130438
2018-08-29,000985.CSI,中证全指,entry_frequency_inverse_sqrt_weekly_binary,challenger,-0.293249740352,-0.246166884097,0.0,0.0,-0.004922231937150023,-0.0,0.0,-0.0,0.8157628119589606,1.0600607489130438
2018-08-30,000985.CSI,中证全指,entry_frequency_inverse_sqrt_weekly_binary,challenger,-0.293249740352,-0.246166884097,0.0,0.0,-0.012811381004641631,-0.0,0.0,-0.0,0.8053117637655366,1.0600607489130438
2018-08-31,000985.CSI,中证全指,entry_frequency_inverse_sqrt_weekly_binary,challenger,-0.293249740352,-0.246166884097,0.0,0.0,-0.007695866039517885,-0.0,0.0,-0.0,0.7991141923115491,1.0600607489130438
2018-09-03,000985.CSI,中证全指,entry_frequency_inverse_sqrt_weekly_binary,challenger,-0.293249740352,-0.293249740352,0.0,0.0,-0.0015137665539343148,-0.0,0.0,-0.0,0.7979045199744537,1.0600607489130438
2018-09-04,000985.CSI,中证全指,entry_frequency_inverse_sqrt_weekly_binary,challenger,-0.293249740352,-0.293249740352,0.0,0.0,0.01180857633453547,0.0,0.0,0.0,0.8073266364062429,1.0600607489130438
2018-09-05,000985.CSI,中证全指,entry_frequency_inverse_sqrt_weekly_binary,challenger,-0.293249740352,-0.293249740352,0.0,0.0,-0.017187937397533215,-0.0,0.0,-0.0,0.7934503567203314,1.0600607489130438
2018-09-06,000985.CSI,中证全指,entry_frequency_inverse_sqrt_weekly_binary,challenger,-0.445136568553,-0.293249740352,0.0,0.0,-0.0074494621270253525,-0.0,0.0,-0.0,0.7875395783382685,1.0600607489130438
2018-09-07,000985.CSI,中证全指,entry_frequency_inverse_sqrt_weekly_binary,challenger,-0.445136568553,-0.293249740352,0.0,0.0,0.0031942270082352398,0.0,0.0,0.0,0.7900551585294507,1.0600607489130438
2018-09-10,000985.CSI,中证全指,entry_frequency_inverse_sqrt_weekly_binary,challenger,-0.445136568553,-0.445136568553,0.0,0.0,-0.01634417704584623,-0.0,0.0,-0.0,0.7771423571424613,1.0600607489130438
2018-09-11,000985.CSI,中证全指,entry_frequency_inverse_sqrt_weekly_binary,challenger,-0.445136568553,-0.445136568553,0.0,0.0,-0.0005590529633699992,-0.0,0.0,-0.0,0.7767078934047404,1.0600607489130438
2018-09-12,000985.CSI,中证全指,entry_frequency_inverse_sqrt_weekly_binary,challenger,-0.575204677479,-0.445136568553,0.0,0.0,-0.004070631156965598,-0.0,0.0,-0.0,0.7735462020539859,1.0600607489130438
2018-09-13,000985.CSI,中证全指,entry_frequency_inverse_sqrt_weekly_binary,challenger,-0.293249740352,-0.445136568553,0.0,0.0,0.009011302193650428,0.0,0.0,0.0,0.780516860641445,1.0600607489130438
2018-09-14,000985.CSI,中证全指,entry_frequency_inverse_sqrt_weekly_binary,challenger,-0.293249740352,-0.445136568553,0.0,0.0,-0.004002641176121147,-0.0,0.0,-0.0,0.7773927317163847,1.0600607489130438
2018-09-17,000985.CSI,中证全指,entry_frequency_inverse_sqrt_weekly_binary,challenger,-0.293249740352,-0.293249740352,0.0,0.0,-0.01309085346119021,-0.0,0.0,-0.0,0.7672159973836912,1.0600607489130438
2018-09-18,000985.CSI,中证全指,entry_frequency_inverse_sqrt_weekly_binary,challenger,-0.307749301746,-0.293249740352,0.0,0.0,0.018657105254226147,0.0,0.0,0.0,0.7815300269996048,1.0600607489130438
2018-09-19,000985.CSI,中证全指,entry_frequency_inverse_sqrt_weekly_binary,challenger,-0.307749301746,-0.293249740352,0.0,0.0,0.012145859102264733,0.0,0.0,0.0,0.7910223805917311,1.0600607489130438
2018-09-20,000985.CSI,中证全指,entry_frequency_inverse_sqrt_weekly_binary,challenger,-0.177681192821,-0.293249740352,0.0,0.0,-0.0014577599066646352,-0.0,0.0,-0.0,0.7898692598800301,1.0600607489130438
2018-09-21,000985.CSI,中证全指,entry_frequency_inverse_sqrt_weekly_binary,challenger,-0.329568021022,-0.293249740352,0.0,0.0,0.02191730632771227,0.0,0.0,0.0,0.8071810664076641,1.0600607489130438
2018-09-25,000985.CSI,中证全指,entry_frequency_inverse_sqrt_weekly_binary,challenger,-0.329568021022,-0.329568021022,0.0,0.0,-0.005906326161801423,-0.0,0.0,-0.0,0.8024135917578297,1.0600607489130438
2018-09-26,000985.CSI,中证全指,entry_frequency_inverse_sqrt_weekly_binary,challenger,-0.459636129947,-0.329568021022,0.0,0.0,0.007953522050211825,0.0,0.0,0.0,0.8087956059532653,1.0600607489130438
2018-09-27,000985.CSI,中证全指,entry_frequency_inverse_sqrt_weekly_binary,challenger,-0.459636129947,-0.329568021022,0.0,0.0,-0.008867339308581967,-0.0,0.0,-0.0,0.8016237408839875,1.0600607489130438
2018-09-28,000985.CSI,中证全指,entry_frequency_inverse_sqrt_weekly_binary,challenger,-0.459636129947,-0.329568021022,0.0,0.0,0.009502584956649462,0.0,0.0,0.0,0.8092412385850047,1.0600607489130438
2018-10-08,000985.CSI,中证全指,entry_frequency_inverse_sqrt_weekly_binary,challenger,-0.534730987648,-0.534730987648,0.0,0.0,-0.037917319826562323,-0.0,0.0,-0.0,0.7785569797247337,1.0600607489130438
2018-10-09,000985.CSI,中证全指,entry_frequency_inverse_sqrt_weekly_binary,challenger,-0.534730987648,-0.534730987648,0.0,0.0,-0.0002322015954376866,-0.0,0.0,-0.0,0.7783761975519025,1.0600607489130438
2018-10-10,000985.CSI,中证全指,entry_frequency_inverse_sqrt_weekly_binary,challenger,-0.335330775353,-0.534730987648,0.0,0.0,-0.0008364084745157152,-0.0,0.0,-0.0,0.7777251571039088,1.0600607489130438
2018-10-11,000985.CSI,中证全指,entry_frequency_inverse_sqrt_weekly_binary,challenger,-0.335330775353,-0.534730987648,0.0,0.0,-0.058758731180566515,-0.0,0.0,-0.0,0.7320270136652763,1.0600607489130438
2018-10-12,000985.CSI,中证全指,entry_frequency_inverse_sqrt_weekly_binary,challenger,-0.335330775353,-0.534730987648,0.0,0.0,0.004881799779070439,0.0,0.0,0.0,0.7356006229788611,1.0600607489130438
2018-10-15,000985.CSI,中证全指,entry_frequency_inverse_sqrt_weekly_binary,challenger,-0.335330775353,-0.335330775353,0.0,0.0,-0.014435706076032728,-0.0,0.0,-0.0,0.7249817085961917,1.0600607489130438
2018-10-16,000985.CSI,中证全指,entry_frequency_inverse_sqrt_weekly_binary,challenger,-0.053375838226,-0.335330775353,0.0,0.0,-0.014584721680605983,-0.0,0.0,-0.0,0.714408052152786,1.0600607489130438
2018-10-17,000985.CSI,中证全指,entry_frequency_inverse_sqrt_weekly_binary,challenger,0.068801875731,-0.335330775353,0.0,0.0,0.0066461007329765565,0.0,0.0,0.0,0.7191560800318431,1.0600607489130438
2018-10-18,000985.CSI,中证全指,entry_frequency_inverse_sqrt_weekly_binary,challenger,0.068801875731,-0.335330775353,0.0,0.0,-0.0267538560390308,-0.0,0.0,-0.0,0.6999158817970774,1.0600607489130438
2018-10-19,000985.CSI,中证全指,entry_frequency_inverse_sqrt_weekly_binary,challenger,-0.04993351972,-0.335330775353,0.0,0.0,0.026491854300536577,0.0,0.0,0.0,0.7184579513602771,1.0600607489130438
2018-10-22,000985.CSI,中证全指,entry_frequency_inverse_sqrt_weekly_binary,challenger,-0.04993351972,-0.04993351972,0.0,0.0,0.04566758293349604,0.0,0.0,0.0,0.7512681894382522,1.0600607489130438
2018-10-23,000985.CSI,中证全指,entry_frequency_inverse_sqrt_weekly_binary,challenger,-0.130598336565,-0.04993351972,0.0,0.0,-0.021530277750754334,-0.0,0.0,-0.0,0.7350931766543404,1.0600607489130438
2018-10-24,000985.CSI,中证全指,entry_frequency_inverse_sqrt_weekly_binary,challenger,-0.171072026396,-0.04993351972,0.0,0.0,0.0007072354292694261,0.0,0.0,0.0,0.7356130605926845,1.0600607489130438
2018-10-25,000985.CSI,中证全指,entry_frequency_inverse_sqrt_weekly_binary,challenger,-0.171072026396,-0.04993351972,0.0,0.0,-0.0014297852695446256,-0.0,0.0,-0.0,0.7345612918745644,1.0600607489130438
2018-10-26,000985.CSI,中证全指,entry_frequency_inverse_sqrt_weekly_binary,challenger,-0.171072026396,-0.04993351972,0.0,0.0,-0.00238316906385605,-0.0,0.0,-0.0,0.7328107081282629,1.0600607489130438
2018-10-29,000985.CSI,中证全指,entry_frequency_inverse_sqrt_weekly_binary,challenger,-0.171072026396,-0.171072026396,0.0,0.0,-0.02333553985011594,-0.0,0.0,-0.0,0.7157101746461442,1.0600607489130438
2018-10-30,000985.CSI,中证全指,entry_frequency_inverse_sqrt_weekly_binary,challenger,-0.453026963522,-0.171072026396,0.0,0.0,0.010265779415946863,0.0,0.0,0.0,0.7230574974248103,1.0600607489130438
2018-10-31,000985.CSI,中证全指,entry_frequency_inverse_sqrt_weekly_binary,challenger,-0.453026963522,-0.171072026396,0.0,0.0,0.014658397828341219,0.0,0.0,0.0,0.733656361874828,1.0600607489130438
2018-11-01,000985.CSI,中证全指,entry_frequency_inverse_sqrt_weekly_binary,challenger,-0.453026963522,-0.171072026396,0.0,0.0,0.006487409909290642,0.0,0.0,0.0,0.7384158914268688,1.0600607489130438
2018-11-02,000985.CSI,中证全指,entry_frequency_inverse_sqrt_weekly_binary,challenger,-0.453026963522,-0.171072026396,0.0,0.0,0.03275483023860959,0.0,0.0,0.0,0.7626025785960475,1.0600607489130438
2018-11-05,000985.CSI,中证全指,entry_frequency_inverse_sqrt_weekly_binary,challenger,-0.524691783554,-0.524691783554,0.0,0.0,-0.0018540931611583655,-0.0,0.0,-0.0,0.7611886423703909,1.0600607489130438
2018-11-06,000985.CSI,中证全指,entry_frequency_inverse_sqrt_weekly_binary,challenger,-0.524691783554,-0.524691783554,0.0,0.0,-0.0032957609805213117,-0.0,0.0,-0.0,0.7586799465440506,1.0600607489130438
2018-11-07,000985.CSI,中证全指,entry_frequency_inverse_sqrt_weekly_binary,challenger,-0.524691783554,-0.524691783554,0.0,0.0,-0.005001712983002116,-0.0,0.0,-0.0,0.7548852472054779,1.0600607489130438
2018-11-08,000985.CSI,中证全指,entry_frequency_inverse_sqrt_weekly_binary,challenger,-0.524691783554,-0.524691783554,0.0,0.0,-0.0034277035526854016,-0.0,0.0,-0.0,0.7522977243617619,1.0600607489130438
2018-11-09,000985.CSI,中证全指,entry_frequency_inverse_sqrt_weekly_binary,challenger,-0.524691783554,-0.524691783554,0.0,0.0,-0.00889245324760446,-0.0,0.0,-0.0,0.7456079520195957,1.0600607489130438
2018-11-12,000985.CSI,中证全指,entry_frequency_inverse_sqrt_weekly_binary,challenger,-0.599786641255,-0.599786641255,0.0,0.0,0.01936946177448262,0.0,0.0,0.0,0.7600499767449895,1.0600607489130438
2018-11-13,000985.CSI,中证全指,entry_frequency_inverse_sqrt_weekly_binary,challenger,-0.599786641255,-0.599786641255,0.0,0.0,0.014366704982988088,0.0,0.0,0.0,0.7709693905332118,1.0600607489130438
2018-11-14,000985.CSI,中证全指,entry_frequency_inverse_sqrt_weekly_binary,challenger,-0.599786641255,-0.599786641255,0.0,0.0,-0.0058169029560367624,-0.0,0.0,-0.0,0.7664847364064052,1.0600607489130438
2018-11-15,000985.CSI,中证全指,entry_frequency_inverse_sqrt_weekly_binary,challenger,-0.599786641255,-0.599786641255,0.0,0.0,0.0140855083678455,0.0,0.0,0.0,0.7772810635748835,1.0600607489130438
2018-11-16,000985.CSI,中证全指,entry_frequency_inverse_sqrt_weekly_binary,challenger,-0.718522036705,-0.599786641255,0.0,0.0,0.006985777773115931,0.0,0.0,0.0,0.7827109763522688,1.0600607489130438
2018-11-19,000985.CSI,中证全指,entry_frequency_inverse_sqrt_weekly_binary,challenger,-0.718522036705,-0.718522036705,0.0,0.0,0.007346799383111335,0.0,0.0,0.0,0.7884613968704881,1.0600607489130438
2018-11-20,000985.CSI,中证全指,entry_frequency_inverse_sqrt_weekly_binary,challenger,-0.718522036705,-0.718522036705,0.0,0.0,-0.025073917424886516,-0.0,0.0,-0.0,0.7686915809126468,1.0600607489130438
2018-11-21,000985.CSI,中证全指,entry_frequency_inverse_sqrt_weekly_binary,challenger,-0.718522036705,-0.718522036705,0.0,0.0,0.004396181874765981,0.0,0.0,0.0,0.7720708889079402,1.0600607489130438
2018-11-22,000985.CSI,中证全指,entry_frequency_inverse_sqrt_weekly_binary,challenger,-0.718522036705,-0.718522036705,0.0,0.0,-0.0018464142493042068,-0.0,0.0,-0.0,0.7706453262171876,1.0600607489130438
2018-11-23,000985.CSI,中证全指,entry_frequency_inverse_sqrt_weekly_binary,challenger,-0.718522036705,-0.718522036705,0.0,0.0,-0.031195707248382387,-0.0,0.0,-0.0,0.7466045002281821,1.0600607489130438
2018-11-26,000985.CSI,中证全指,entry_frequency_inverse_sqrt_weekly_binary,challenger,-0.63785721986,-0.63785721986,0.0,0.0,-0.0013361389381691957,-0.0,0.0,-0.0,0.7456069328840149,1.0600607489130438
2018-11-27,000985.CSI,中证全指,entry_frequency_inverse_sqrt_weekly_binary,challenger,-0.63785721986,-0.63785721986,0.0,0.0,0.002432497442798054,0.0,0.0,0.0,0.7474206198415878,1.0600607489130438
2018-11-28,000985.CSI,中证全指,entry_frequency_inverse_sqrt_weekly_binary,challenger,-0.63785721986,-0.63785721986,0.0,0.0,0.012516183304437156,0.0,0.0,0.0,0.7567754733250411,1.0600607489130438
2018-11-29,000985.CSI,中证全指,entry_frequency_inverse_sqrt_weekly_binary,challenger,-0.760034933817,-0.63785721986,0.0,0.0,-0.017693829252210302,-0.0,0.0,-0.0,0.7433852173177672,1.0600607489130438
2018-11-30,000985.CSI,中证全指,entry_frequency_inverse_sqrt_weekly_binary,challenger,-0.760034933817,-0.63785721986,0.0,0.0,0.008927441053621976,0.0,0.0,0.0,0.7500217450255056,1.0600607489130438
2018-12-03,000985.CSI,中证全指,entry_frequency_inverse_sqrt_weekly_binary,challenger,-0.760034933817,-0.760034933817,0.0,0.0,0.029707731204585697,0.0,0.0,0.0,0.7723031894243176,1.0600607489130438
2018-12-04,000985.CSI,中证全指,entry_frequency_inverse_sqrt_weekly_binary,challenger,-0.760034933817,-0.760034933817,0.0,0.0,0.004648243249517403,0.0,0.0,0.0,0.77589304251114,1.0600607489130438
2018-12-05,000985.CSI,中证全指,entry_frequency_inverse_sqrt_weekly_binary,challenger,-0.725131203131,-0.760034933817,0.0,0.0,-0.005693781633237083,-0.0,0.0,-0.0,0.7714752769563337,1.0600607489130438
2018-12-06,000985.CSI,中证全指,entry_frequency_inverse_sqrt_weekly_binary,challenger,-0.725131203131,-0.760034933817,0.0,0.0,-0.020040815796141254,-0.0,0.0,-0.0,0.7560142830395747,1.0600607489130438
2018-12-07,000985.CSI,中证全指,entry_frequency_inverse_sqrt_weekly_binary,challenger,-0.725131203131,-0.760034933817,0.0,0.0,-9.474777641216292e-05,-0.0,0.0,-0.0,0.7559426523673209,1.0600607489130438
2018-12-10,000985.CSI,中证全指,entry_frequency_inverse_sqrt_weekly_binary,challenger,-0.725131203131,-0.725131203131,0.0,0.0,-0.011530967052107988,-0.0,0.0,-0.0,0.7472259025495902,1.0600607489130438
2018-12-11,000985.CSI,中证全指,entry_frequency_inverse_sqrt_weekly_binary,challenger,-0.840699750662,-0.725131203131,0.0,0.0,0.006490178459170881,0.0,0.0,0.0,0.752075532006452,1.0600607489130438
2018-12-12,000985.CSI,中证全指,entry_frequency_inverse_sqrt_weekly_binary,challenger,-0.733299544468,-0.725131203131,0.0,0.0,0.0017552659291488748,0.0,0.0,0.0,0.7533956245639295,1.0600607489130438
2018-12-13,000985.CSI,中证全指,entry_frequency_inverse_sqrt_weekly_binary,challenger,-0.733299544468,-0.725131203131,0.0,0.0,0.012600090113436213,0.0,0.0,0.0,0.7628884773245036,1.0600607489130438
2018-12-14,000985.CSI,中证全指,entry_frequency_inverse_sqrt_weekly_binary,challenger,-0.536026972811,-0.725131203131,0.0,0.0,-0.020567508702168946,-0.0,0.0,-0.0,0.7471977619283474,1.0600607489130438
2018-12-17,000985.CSI,中证全指,entry_frequency_inverse_sqrt_weekly_binary,challenger,-0.658204686767,-0.658204686767,0.0,0.0,-0.0014147991774028368,-0.0,0.0,-0.0,0.746140627149414,1.0600607489130438
2018-12-18,000985.CSI,中证全指,entry_frequency_inverse_sqrt_weekly_binary,challenger,-0.658204686767,-0.658204686767,0.0,0.0,-0.008191576542311618,-0.0,0.0,-0.0,0.7400285590907911,1.0600607489130438
2018-12-19,000985.CSI,中证全指,entry_frequency_inverse_sqrt_weekly_binary,challenger,-0.658204686767,-0.658204686767,0.0,0.0,-0.012440253514947597,-0.0,0.0,-0.0,0.7308224162074003,1.0600607489130438
2018-12-20,000985.CSI,中证全指,entry_frequency_inverse_sqrt_weekly_binary,challenger,-0.658204686767,-0.658204686767,0.0,0.0,-0.0019014219227697637,-0.0,0.0,-0.0,0.729432814443572,1.0600607489130438
2018-12-21,000985.CSI,中证全指,entry_frequency_inverse_sqrt_weekly_binary,challenger,-0.658204686767,-0.658204686767,0.0,0.0,-0.009814889763087642,-0.0,0.0,-0.0,0.7222735117802296,1.0600607489130438
2018-12-24,000985.CSI,中证全指,entry_frequency_inverse_sqrt_weekly_binary,challenger,-0.658204686767,-0.658204686767,0.0,0.0,0.005968517243543081,0.0,0.0,0.0,0.7265844136898443,1.0600607489130438
2018-12-25,000985.CSI,中证全指,entry_frequency_inverse_sqrt_weekly_binary,challenger,-0.733299544468,-0.658204686767,0.0,0.0,-0.008708985084538101,-0.0,0.0,-0.0,0.7202566008683615,1.0600607489130438
2018-12-26,000985.CSI,中证全指,entry_frequency_inverse_sqrt_weekly_binary,challenger,-0.840699750662,-0.658204686767,0.0,0.0,-0.003986784834266066,-0.0,0.0,-0.0,0.7173850927752395,1.0600607489130438
2018-12-27,000985.CSI,中证全指,entry_frequency_inverse_sqrt_weekly_binary,challenger,-0.765604892961,-0.658204686767,0.0,0.0,-0.009022537731234292,-0.0,0.0,-0.0,0.7109124587078499,1.0600607489130438
2018-12-28,000985.CSI,中证全指,entry_frequency_inverse_sqrt_weekly_binary,challenger,-0.765604892961,-0.658204686767,0.0,0.0,0.004189593385074852,0.0,0.0,0.0,0.7138908928422196,1.0600607489130438
2019-01-02,000985.CSI,中证全指,entry_frequency_inverse_sqrt_weekly_binary,challenger,-0.765604892961,-0.765604892961,0.0,0.0,-0.009609412371521242,-0.0,0.0,-0.0,0.7070308208646252,1.0600607489130438
2019-01-03,000985.CSI,中证全指,entry_frequency_inverse_sqrt_weekly_binary,challenger,-0.765604892961,-0.765604892961,0.0,0.0,-0.003609105897023346,-0.0,0.0,-0.0,0.7044790717596654,1.0600607489130438
2019-01-04,000985.CSI,中证全指,entry_frequency_inverse_sqrt_weekly_binary,challenger,-0.65003634543,-0.765604892961,0.0,0.0,0.024548846285237014,0.0,0.0,0.0,0.7217732202034599,1.0600607489130438
2019-01-07,000985.CSI,中证全指,entry_frequency_inverse_sqrt_weekly_binary,challenger,-0.65003634543,-0.65003634543,0.0,0.0,0.012934305730521123,0.0,0.0,0.0,0.7311088557016742,1.0600607489130438
2019-01-08,000985.CSI,中证全指,entry_frequency_inverse_sqrt_weekly_binary,challenger,-0.65003634543,-0.65003634543,0.0,0.0,-0.0018906063282426722,-0.0,0.0,-0.0,0.7297266166724503,1.0600607489130438
2019-01-09,000985.CSI,中证全指,entry_frequency_inverse_sqrt_weekly_binary,challenger,-0.337458415991,-0.65003634543,0.0,0.0,0.0066256374335089685,0.0,0.0,0.0,0.7345615206601032,1.0600607489130438
2019-01-10,000985.CSI,中证全指,entry_frequency_inverse_sqrt_weekly_binary,challenger,-0.178158166653,-0.65003634543,0.0,0.0,-0.001951033603839858,-0.0,0.0,-0.0,0.7331283664492076,1.0600607489130438
2019-01-11,000985.CSI,中证全指,entry_frequency_inverse_sqrt_weekly_binary,challenger,-0.178158166653,-0.65003634543,0.0,0.0,0.007504769526233801,0.0,0.0,0.0,0.7386303258725532,1.0600607489130438
2019-01-14,000985.CSI,中证全指,entry_frequency_inverse_sqrt_weekly_binary,challenger,-0.178158166653,-0.178158166653,0.0,0.0,-0.00710907947266437,-0.0,0.0,-0.0,0.7333793441850052,1.0600607489130438
2019-01-15,000985.CSI,中证全指,entry_frequency_inverse_sqrt_weekly_binary,challenger,-0.178158166653,-0.178158166653,0.0,0.0,0.01571635352759926,0.0,0.0,0.0,0.7449053932280556,1.0600607489130438
2019-01-16,000985.CSI,中证全指,entry_frequency_inverse_sqrt_weekly_binary,challenger,0.047977434992,-0.178158166653,0.0,0.0,-0.0008838749035565696,-0.0,0.0,-0.0,0.7442469900454574,1.0600607489130438
2019-01-17,000985.CSI,中证全指,entry_frequency_inverse_sqrt_weekly_binary,challenger,0.047977434992,-0.178158166653,0.0,0.0,-0.007104222472971822,-0.0,0.0,-0.0,0.7389596938533348,1.0600607489130438
2019-01-18,000985.CSI,中证全指,entry_frequency_inverse_sqrt_weekly_binary,challenger,0.319042467319,-0.178158166653,1.0,1.0,0.012810212142962962,0.012810212142962962,0.0005,0.012310212142962962,0.748425924296695,1.0731103216165916
2019-01-21,000985.CSI,中证全指,entry_frequency_inverse_sqrt_weekly_binary,challenger,0.319042467319,0.319042467319,1.0,0.0,0.005570097395279916,0.005570097395279916,0.0,0.005570097395279916,0.75259472958818,1.0790876506238762
2019-01-22,000985.CSI,中证全指,entry_frequency_inverse_sqrt_weekly_binary,challenger,0.319042467319,0.319042467319,1.0,0.0,-0.012437319547479841,-0.012437319547479841,0.0,-0.012437319547479841,0.7432344684465426,1.0656666926933278
2019-01-23,000985.CSI,中证全指,entry_frequency_inverse_sqrt_weekly_binary,challenger,0.319042467319,0.319042467319,1.0,0.0,0.0005093930448805128,0.0005093930448805128,0.0,0.0005093930448805128,0.7436130669154848,1.0662095358947465
2019-01-24,000985.CSI,中证全指,entry_frequency_inverse_sqrt_weekly_binary,challenger,0.458758028479,0.319042467319,1.0,0.0,0.00525635859122775,0.00525635859122775,0.0,0.00525635859122775,0.7475217638483153,1.0718139155487958
2019-01-25,000985.CSI,中证全指,entry_frequency_inverse_sqrt_weekly_binary,challenger,0.458758028479,0.319042467319,1.0,0.0,0.0012577343120014906,0.0012577343120014906,0.0,0.0012577343120014906,0.7484619476196751,1.073161972686462
2019-01-28,000985.CSI,中证全指,entry_frequency_inverse_sqrt_weekly_binary,challenger,0.383663170778,0.383663170778,1.0,0.0,-0.0030989532546831233,-0.0030989532546831233,0.0,-0.0030989532546831233,0.7461424990310926,1.0698362938984032
2019-01-29,000985.CSI,中证全指,entry_frequency_inverse_sqrt_weekly_binary,challenger,0.383663170778,0.383663170778,1.0,0.0,-0.006151862229282989,-0.006151862229282989,0.0,-0.006151862229282989,0.7415523331736404,1.0632548084104534
2019-01-30,000985.CSI,中证全指,entry_frequency_inverse_sqrt_weekly_binary,challenger,0.383663170778,0.383663170778,1.0,0.0,-0.010598447156051294,-0.010598447156051294,0.0,-0.010598447156051294,0.7336930299570531,1.0519859585100977
2019-01-31,000985.CSI,中证全指,entry_frequency_inverse_sqrt_weekly_binary,challenger,0.491063376972,0.383663170778,1.0,0.0,-0.0011266888391016083,-0.0011266888391016083,0.0,-0.0011266888391016083,0.7328663862088739,1.0508006976717528
2019-02-01,000985.CSI,中证全指,entry_frequency_inverse_sqrt_weekly_binary,challenger,0.491063376972,0.383663170778,1.0,0.0,0.020547994578755224,0.020547994578755224,0.0,0.020547994578755224,0.7479253207396458,1.0723925447108642
2019-02-11,000985.CSI,中证全指,entry_frequency_inverse_sqrt_weekly_binary,challenger,0.491063376972,0.491063376972,1.0,0.0,0.022486680490645394,0.022486680490645394,0.0,0.022486680490645394,0.7647436784579816,1.0965070932243275
2019-02-12,000985.CSI,中证全指,entry_frequency_inverse_sqrt_weekly_binary,challenger,0.491063376972,0.491063376972,1.0,0.0,0.009720837860376808,0.009720837860376808,0.0,0.009720837860376808,0.7721776277610198,1.1071660608903142
2019-02-13,000985.CSI,中证全指,entry_frequency_inverse_sqrt_weekly_binary,challenger,0.491063376972,0.491063376972,1.0,0.0,0.01868714474448563,0.01868714474448563,0.0,0.01868714474448563,0.7866074228594435,1.1278558333263535
2019-02-14,000985.CSI,中证全指,entry_frequency_inverse_sqrt_weekly_binary,challenger,0.642950205173,0.491063376972,1.0,0.0,0.0030382557613943817,0.0030382557613943817,0.0,0.0030382557613943817,0.7889973373939018,1.1312825478099795
2019-02-15,000985.CSI,中证全指,entry_frequency_inverse_sqrt_weekly_binary,challenger,0.642950205173,0.491063376972,1.0,0.0,-0.010816170054421037,-0.010816170054421037,0.0,-0.010816170054421037,0.7804634080201639,1.119046403393268
2019-02-18,000985.CSI,中证全指,entry_frequency_inverse_sqrt_weekly_binary,challenger,0.642950205173,0.642950205173,1.0,0.0,0.03323724449829002,0.03323724449829002,0.0,0.03323724449829002,0.8064038611344988,1.1562404223077822
2019-02-19,000985.CSI,中证全指,entry_frequency_inverse_sqrt_weekly_binary,challenger,0.718045062874,0.642950205173,1.0,0.0,0.0007489966887588295,0.0007489966887588295,0.0,0.0007489966887588295,0.8070078549562909,1.1571064425554998
2019-02-20,000985.CSI,中证全指,entry_frequency_inverse_sqrt_weekly_binary,challenger,0.718045062874,0.642950205173,1.0,0.0,0.002676458052900621,0.002676458052900621,0.0,0.002676458052900621,0.8091677776284427,1.1602033894117407
2019-02-21,000985.CSI,中证全指,entry_frequency_inverse_sqrt_weekly_binary,challenger,0.718045062874,0.642950205173,1.0,0.0,-0.0025353969576368263,-0.0025353969576368263,0.0,-0.0025353969576368263,0.8071162161068258,1.1572618132679862
2019-02-22,000985.CSI,中证全指,entry_frequency_inverse_sqrt_weekly_binary,challenger,0.718045062874,0.642950205173,1.0,0.0,0.022745872770522313,0.022745872770522313,0.0,0.022745872770522313,0.8254747788694171,1.1835847432347637
2019-02-25,000985.CSI,中证全指,entry_frequency_inverse_sqrt_weekly_binary,challenger,0.637380246028,0.637380246028,1.0,0.0,0.05595080284118459,0.05595080284118459,0.0,0.05595080284118459,0.8716607554723104,1.249807259849326
2019-02-26,000985.CSI,中证全指,entry_frequency_inverse_sqrt_weekly_binary,challenger,0.637380246028,0.637380246028,1.0,0.0,-0.006659004744900332,-0.006659004744900332,0.0,-0.006659004744900332,0.8658563623656769,1.2414847873757784
2019-02-27,000985.CSI,中证全指,entry_frequency_inverse_sqrt_weekly_binary,challenger,0.485493417827,0.637380246028,1.0,0.0,-0.0022919341448583985,-0.0022919341448583985,0.0,-0.0022919341448583985,0.863871876604228,1.2386393860012697
2019-02-28,000985.CSI,中证全指,entry_frequency_inverse_sqrt_weekly_binary,challenger,0.485493417827,0.637380246028,1.0,0.0,4.405930459583374e-06,4.405930459583374e-06,0.0,4.405930459583374e-06,0.8638756827636423,1.2386448433602688
2019-03-01,000985.CSI,中证全指,entry_frequency_inverse_sqrt_weekly_binary,challenger,0.485493417827,0.637380246028,1.0,0.0,0.014973259972105302,0.014973259972105302,0.0,0.014973259972105302,0.8768107179452423,1.2571913946130098
2019-03-04,000985.CSI,中证全指,entry_frequency_inverse_sqrt_weekly_binary,challenger,0.485493417827,0.485493417827,1.0,0.0,0.016001603149140786,0.016001603149140786,0.0,0.016001603149140786,0.8908410950907153,1.277308472392122
2019-03-05,000985.CSI,中证全指,entry_frequency_inverse_sqrt_weekly_binary,challenger,0.485493417827,0.485493417827,1.0,0.0,0.016850477192006164,0.016850477192006164,0.0,0.016850477192006164,0.9058521926452432,1.2988317296733216
2019-03-06,000985.CSI,中证全指,entry_frequency_inverse_sqrt_weekly_binary,challenger,0.345777856668,0.485493417827,1.0,0.0,0.014529058265773998,0.014529058265773998,0.0,0.014529058265773998,0.9190133719323651,1.3177025315511812
2019-03-07,000985.CSI,中证全指,entry_frequency_inverse_sqrt_weekly_binary,challenger,0.230209309137,0.485493417827,1.0,0.0,0.002373550359515475,0.002373550359515475,0.0,0.002373550359515475,0.9211946964517147,1.3208301648686789
2019-03-08,000985.CSI,中证全指,entry_frequency_inverse_sqrt_weekly_binary,challenger,0.230209309137,0.485493417827,1.0,0.0,-0.04049768027395906,-0.04049768027395906,0.0,-0.04049768027395906,0.8838884481647464,1.2673396071556264
2019-03-11,000985.CSI,中证全指,entry_frequency_inverse_sqrt_weekly_binary,challenger,0.310874125982,0.310874125982,1.0,0.0,0.030325157186959828,0.030325157186959828,0.0,0.030325157186959828,0.9106925042910804,1.3057718799518807
2019-03-12,000985.CSI,中证全指,entry_frequency_inverse_sqrt_weekly_binary,challenger,0.192138730532,0.310874125982,1.0,0.0,0.014009321368277483,0.014009321368277483,0.0,0.014009321368277483,0.9234506882513756,1.3240648578517864
2019-03-13,000985.CSI,中证全指,entry_frequency_inverse_sqrt_weekly_binary,challenger,0.192138730532,0.310874125982,1.0,0.0,-0.015486737523061622,-0.015486737523061622,0.0,-0.015486737523061622,0.9091494498269359,1.3035594129347259
2019-03-14,000985.CSI,中证全指,entry_frequency_inverse_sqrt_weekly_binary,challenger,-0.078926301796,0.310874125982,1.0,0.0,-0.017748885651680313,-0.017748885651680313,0.0,-0.017748885651680313,0.8930130602016696,1.280422685974376
2019-03-15,000985.CSI,中证全指,entry_frequency_inverse_sqrt_weekly_binary,challenger,-0.078926301796,0.310874125982,1.0,0.0,0.013468454026284826,0.013468454026284826,0.0,0.013468454026284826,0.9050405655478677,1.297668000054634
2019-03-18,000985.CSI,中证全指,entry_frequency_inverse_sqrt_weekly_binary,challenger,-0.078926301796,-0.078926301796,0.0,1.0,0.026454466157758372,0.0,0.0005,-0.0005,0.9289829305605523,1.2970191660546067
2019-03-19,000985.CSI,中证全指,entry_frequency_inverse_sqrt_weekly_binary,challenger,-0.078926301796,-0.078926301796,0.0,0.0,-0.00030614257136118983,-0.0,0.0,-0.0,0.9286985293374398,1.2970191660546067
2019-03-20,000985.CSI,中证全指,entry_frequency_inverse_sqrt_weekly_binary,challenger,-0.078926301796,-0.078926301796,0.0,0.0,-0.0003646886272645755,-0.0,0.0,-0.0,0.9283598435456331,1.2970191660546067
2019-03-21,000985.CSI,中证全指,entry_frequency_inverse_sqrt_weekly_binary,challenger,-0.078926301796,-0.078926301796,0.0,0.0,0.0061806625425060435,0.0,0.0,0.0,0.9340977224566023,1.2970191660546067
2019-03-22,000985.CSI,中证全指,entry_frequency_inverse_sqrt_weekly_binary,challenger,-0.238226551134,-0.078926301796,0.0,0.0,0.0018710178664504973,0.0,0.0,0.0,0.9358454359843293,1.2970191660546067
2019-03-25,000985.CSI,中证全指,entry_frequency_inverse_sqrt_weekly_binary,challenger,-0.313321408835,-0.313321408835,0.0,0.0,-0.016724504784521033,-0.0,0.0,-0.0,0.9201938845126373,1.2970191660546067
2019-03-26,000985.CSI,中证全指,entry_frequency_inverse_sqrt_weekly_binary,challenger,-0.503721624318,-0.313321408835,0.0,0.0,-0.019375792542652204,-0.0,0.0,-0.0,0.9023643987073031,1.2970191660546067
2019-03-27,000985.CSI,中证全指,entry_frequency_inverse_sqrt_weekly_binary,challenger,-0.503721624318,-0.313321408835,0.0,0.0,0.009432889393879318,0.0,0.0,0.0,0.9108763022732835,1.2970191660546067
2019-03-28,000985.CSI,中证全指,entry_frequency_inverse_sqrt_weekly_binary,challenger,-0.611121830512,-0.313321408835,0.0,0.0,-0.008980475305593982,-0.0,0.0,-0.0,0.9026962001342675,1.2970191660546067
2019-03-29,000985.CSI,中证全指,entry_frequency_inverse_sqrt_weekly_binary,challenger,-0.611121830512,-0.313321408835,0.0,0.0,0.03399777966705786,0.0,0.0,0.0,0.9333858666527227,1.2970191660546067
2019-04-01,000985.CSI,中证全指,entry_frequency_inverse_sqrt_weekly_binary,challenger,-0.611121830512,-0.611121830512,0.0,0.0,0.03178733002181944,0.0,0.0,0.0,0.9630557112337148,1.2970191660546067
2019-04-02,000985.CSI,中证全指,entry_frequency_inverse_sqrt_weekly_binary,challenger,-0.611121830512,-0.611121830512,0.0,0.0,0.0021474534141798785,0.0,0.0,0.0,0.965123828508849,1.2970191660546067
2019-04-03,000985.CSI,中证全指,entry_frequency_inverse_sqrt_weekly_binary,challenger,-0.611121830512,-0.611121830512,0.0,0.0,0.011373179952544943,0.0,0.0,0.0,0.9761003554869693,1.2970191660546067
2019-04-04,000985.CSI,中证全指,entry_frequency_inverse_sqrt_weekly_binary,challenger,-0.611121830512,-0.611121830512,0.0,0.0,0.0073680716921749045,0.0,0.0,0.0,0.9832923328849547,1.2970191660546067
2019-04-08,000985.CSI,中证全指,entry_frequency_inverse_sqrt_weekly_binary,challenger,-0.536026972811,-0.536026972811,0.0,0.0,-0.002661567152229649,-0.0,0.0,-0.0,0.9806752343107088,1.2970191660546067
2019-04-09,000985.CSI,中证全指,entry_frequency_inverse_sqrt_weekly_binary,challenger,-0.536026972811,-0.536026972811,0.0,0.0,0.0036132345332302584,0.0,0.0,0.0,0.9842186439332039,1.2970191660546067
2019-04-10,000985.CSI,中证全指,entry_frequency_inverse_sqrt_weekly_binary,challenger,-0.536026972811,-0.536026972811,0.0,0.0,0.0008030439637038977,0.0,0.0,0.0,0.9850090147741793,1.2970191660546067
2019-04-11,000985.CSI,中证全指,entry_frequency_inverse_sqrt_weekly_binary,challenger,-0.536026972811,-0.536026972811,0.0,0.0,-0.020379780095929,-0.0,0.0,-0.0,0.9649347476605739,1.2970191660546067
2019-04-12,000985.CSI,中证全指,entry_frequency_inverse_sqrt_weekly_binary,challenger,-0.536026972811,-0.536026972811,0.0,0.0,-0.0015935456862485875,-0.0,0.0,-0.0,0.963397080055928,1.2970191660546067
2019-04-15,000985.CSI,中证全指,entry_frequency_inverse_sqrt_weekly_binary,challenger,-0.455362155965,-0.455362155965,0.0,0.0,-0.006194374169569361,-0.0,0.0,-0.0,0.9574294380681909,1.2970191660546067
2019-04-16,000985.CSI,中证全指,entry_frequency_inverse_sqrt_weekly_binary,challenger,-0.455362155965,-0.455362155965,0.0,0.0,0.02385964243045513,0.0,0.0,0.0,0.9802733621128895,1.2970191660546067
2019-04-17,000985.CSI,中证全指,entry_frequency_inverse_sqrt_weekly_binary,challenger,-0.455362155965,-0.455362155965,0.0,0.0,0.0043642356770861035,0.0,0.0,0.0,0.9845515060931197,1.2970191660546067
2019-04-18,000985.CSI,中证全指,entry_frequency_inverse_sqrt_weekly_binary,challenger,-0.562762362159,-0.455362155965,0.0,0.0,-0.004731437531823479,-0.0,0.0,-0.0,0.9798931621451774,1.2970191660546067
2019-04-19,000985.CSI,中证全指,entry_frequency_inverse_sqrt_weekly_binary,challenger,-0.63785721986,-0.455362155965,0.0,0.0,0.009597920549953454,0.0,0.0,0.0,0.9892980988628894,1.2970191660546067
2019-04-22,000985.CSI,中证全指,entry_frequency_inverse_sqrt_weekly_binary,challenger,-0.718522036705,-0.718522036705,0.0,0.0,-0.017322733334714013,-0.0,0.0,-0.0,0.9721607517077481,1.2970191660546067
2019-04-23,000985.CSI,中证全指,entry_frequency_inverse_sqrt_weekly_binary,challenger,-0.718522036705,-0.718522036705,0.0,0.0,-0.009320228220552451,-0.0,0.0,-0.0,0.963099991634768,1.2970191660546067
2019-04-24,000985.CSI,中证全指,entry_frequency_inverse_sqrt_weekly_binary,challenger,-0.718522036705,-0.718522036705,0.0,0.0,0.006666744266718538,0.0,0.0,0.0,0.9695207329822758,1.2970191660546067
2019-04-25,000985.CSI,中证全指,entry_frequency_inverse_sqrt_weekly_binary,challenger,-0.718522036705,-0.718522036705,0.0,0.0,-0.03069734494745424,-0.0,0.0,-0.0,0.9397590206082103,1.2970191660546067
2019-04-26,000985.CSI,中证全指,entry_frequency_inverse_sqrt_weekly_binary,challenger,-0.840699750662,-0.718522036705,0.0,0.0,-0.01276561143519872,-0.0,0.0,-0.0,0.927762422108403,1.2970191660546067
2019-04-29,000985.CSI,中证全指,entry_frequency_inverse_sqrt_weekly_binary,challenger,-0.840699750662,-0.840699750662,0.0,0.0,-0.01498588263999856,-0.0,0.0,-0.0,0.9138590833328857,1.2970191660546067
2019-04-30,000985.CSI,中证全指,entry_frequency_inverse_sqrt_weekly_binary,challenger,-1.0,-0.840699750662,0.0,0.0,0.0065222808979226166,0.0,0.0,0.0,0.9198195289755008,1.2970191660546067
2019-05-06,000985.CSI,中证全指,entry_frequency_inverse_sqrt_weekly_binary,challenger,-1.0,-1.0,0.0,0.0,-0.0666687725698707,-0.0,0.0,-0.0,0.8584962899929075,1.2970191660546067
2019-05-07,000985.CSI,中证全指,entry_frequency_inverse_sqrt_weekly_binary,challenger,-1.0,-1.0,0.0,0.0,0.011567995314715418,0.0,0.0,0.0,0.8684273710532461,1.2970191660546067
2019-05-08,000985.CSI,中证全指,entry_frequency_inverse_sqrt_weekly_binary,challenger,-1.0,-1.0,0.0,0.0,-0.00954218588394784,-0.0,0.0,-0.0,0.8601406756519479,1.2970191660546067
2019-05-09,000985.CSI,中证全指,entry_frequency_inverse_sqrt_weekly_binary,challenger,-1.0,-1.0,0.0,0.0,-0.014247646826249238,-0.0,0.0,-0.0,0.8478856950843675,1.2970191660546067
2019-05-10,000985.CSI,中证全指,entry_frequency_inverse_sqrt_weekly_binary,challenger,-0.919335183155,-1.0,0.0,0.0,0.03664604244798997,0.0,0.0,0.0,0.8789573502574727,1.2970191660546067
2019-05-13,000985.CSI,中证全指,entry_frequency_inverse_sqrt_weekly_binary,challenger,-0.919335183155,-0.919335183155,0.0,0.0,-0.012404379379234998,-0.0,0.0,-0.0,0.8680544298267119,1.2970191660546067
2019-05-14,000985.CSI,中证全指,entry_frequency_inverse_sqrt_weekly_binary,challenger,-0.919335183155,-0.919335183155,0.0,0.0,-0.00686303994841464,-0.0,0.0,-0.0,0.8620969375974129,1.2970191660546067
2019-05-15,000985.CSI,中证全指,entry_frequency_inverse_sqrt_weekly_binary,challenger,-0.728671777923,-0.919335183155,0.0,0.0,0.02255812530633583,0.0,0.0,0.0,0.8815442283419437,1.2970191660546067
2019-05-16,000985.CSI,中证全指,entry_frequency_inverse_sqrt_weekly_binary,challenger,-0.809336594768,-0.919335183155,0.0,0.0,0.0054787099271143,0.0,0.0,0.0,0.886373953456951,1.2970191660546067
2019-05-17,000985.CSI,中证全指,entry_frequency_inverse_sqrt_weekly_binary,challenger,-0.657449766567,-0.919335183155,0.0,0.0,-0.02981268478323562,-0.0,0.0,-0.0,0.8599487661824686,1.2970191660546067
2019-05-20,000985.CSI,中证全指,entry_frequency_inverse_sqrt_weekly_binary,challenger,-0.657449766567,-0.657449766567,0.0,0.0,-0.006356432729755057,-0.0,0.0,-0.0,0.854482559699194,1.2970191660546067
2019-05-21,000985.CSI,中证全指,entry_frequency_inverse_sqrt_weekly_binary,challenger,-0.657449766567,-0.657449766567,0.0,0.0,0.015755210079650306,0.0,0.0,0.0,0.8679451119366521,1.2970191660546067
2019-05-22,000985.CSI,中证全指,entry_frequency_inverse_sqrt_weekly_binary,challenger,-0.657449766567,-0.657449766567,0.0,0.0,-0.004895931941631071,-0.0,0.0,-0.0,0.863695711739539,1.2970191660546067
2019-05-23,000985.CSI,中证全指,entry_frequency_inverse_sqrt_weekly_binary,challenger,-0.657449766567,-0.657449766567,0.0,0.0,-0.020189634767059483,-0.0,0.0,-0.0,0.8462580107696421,1.2970191660546067
2019-05-24,000985.CSI,中证全指,entry_frequency_inverse_sqrt_weekly_binary,challenger,-0.53527205261,-0.657449766567,0.0,0.0,-0.003015184825875039,-0.0,0.0,-0.0,0.8437063864567943,1.2970191660546067
2019-05-27,000985.CSI,中证全指,entry_frequency_inverse_sqrt_weekly_binary,challenger,-0.687158880811,-0.687158880811,0.0,0.0,0.019748001318661723,0.0,0.0,0.0,0.8603679012891063,1.2970191660546067
2019-05-28,000985.CSI,中证全指,entry_frequency_inverse_sqrt_weekly_binary,challenger,-0.405203943685,-0.687158880811,0.0,0.0,0.005585370910188736,0.0,0.0,0.0,0.8651733751370266,1.2970191660546067
2019-05-29,000985.CSI,中证全指,entry_frequency_inverse_sqrt_weekly_binary,challenger,-0.405203943685,-0.687158880811,0.0,0.0,5.233487211975252e-05,0.0,0.0,0.0,0.8652186538749759,1.2970191660546067
2019-05-30,000985.CSI,中证全指,entry_frequency_inverse_sqrt_weekly_binary,challenger,0.041312035964,-0.687158880811,0.0,0.0,-0.006244831691012975,-0.0,0.0,-0.0,0.8598155090056019,1.2970191660546067
2019-05-31,000985.CSI,中证全指,entry_frequency_inverse_sqrt_weekly_binary,challenger,0.148712242158,-0.687158880811,0.0,0.0,-0.002534379802639597,-0.0,0.0,-0.0,0.8576364099455818,1.2970191660546067
2019-06-03,000985.CSI,中证全指,entry_frequency_inverse_sqrt_weekly_binary,challenger,0.148712242158,0.148712242158,1.0,1.0,-0.006242372098002047,-0.006242372098002047,0.0005,-0.006742372098002047,0.8522827243499068,1.2882741802188262
2019-06-04,000985.CSI,中证全指,entry_frequency_inverse_sqrt_weekly_binary,challenger,0.068047425313,0.148712242158,1.0,0.0,-0.0120792954786334,-0.0120792954786334,0.0,-0.0120792954786334,0.8419877494911496,1.2727127357384689
2019-06-05,000985.CSI,中证全指,entry_frequency_inverse_sqrt_weekly_binary,challenger,0.068047425313,0.148712242158,1.0,0.0,-0.0003998494271842956,-0.0003998494271842956,0.0,-0.0003998494271842956,0.8416510811718194,1.2722038422801136
2019-06-06,000985.CSI,中证全指,entry_frequency_inverse_sqrt_weekly_binary,challenger,0.068047425313,0.148712242158,1.0,0.0,-0.016240004831644672,-0.016240004831644672,0.0,-0.016240004831644672,0.8279826635470301,1.2515432457346476
2019-06-10,000985.CSI,中证全指,entry_frequency_inverse_sqrt_weekly_binary,challenger,0.068047425313,0.068047425313,1.0,0.0,0.012206873380956162,0.012206873380956162,0.0,0.012206873380956162,0.8380897430825756,1.2668206756661213
2019-06-11,000985.CSI,中证全指,entry_frequency_inverse_sqrt_weekly_binary,challenger,0.227347674651,0.068047425313,1.0,0.0,0.03335741966877914,0.03335741966877914,0.0,0.03335741966877914,0.8660462543626803,1.3090785445894024
2019-06-12,000985.CSI,中证全指,entry_frequency_inverse_sqrt_weekly_binary,challenger,0.386647923988,0.068047425313,1.0,0.0,-0.006424337139153469,-0.006424337139153469,0.0,-0.006424337139153469,0.8604824812465535,1.3006685826773277
2019-06-13,000985.CSI,中证全指,entry_frequency_inverse_sqrt_weekly_binary,challenger,0.386647923988,0.068047425313,1.0,0.0,0.001841609408690159,0.001841609408690159,0.0,0.001841609408690159,0.8620671538800302,1.303063906176774
2019-06-14,000985.CSI,中证全指,entry_frequency_inverse_sqrt_weekly_binary,challenger,0.386647923988,0.068047425313,1.0,0.0,-0.014159471895444531,-0.014159471895444531,0.0,-0.014159471895444531,0.84986073824268,1.2846132094192957
2019-06-17,000985.CSI,中证全指,entry_frequency_inverse_sqrt_weekly_binary,challenger,0.386647923988,0.386647923988,1.0,0.0,-2.246626096213955e-05,-2.246626096213955e-05,0.0,-2.246626096213955e-05,0.8498416450495532,1.2845843489636974
2019-06-18,000985.CSI,中证全指,entry_frequency_inverse_sqrt_weekly_binary,challenger,0.467312740834,0.386647923988,1.0,0.0,0.0014425719366013556,0.0014425719366013556,0.0,0.0014425719366013556,0.8510676027572568,1.2864374542957098
2019-06-19,000985.CSI,中证全指,entry_frequency_inverse_sqrt_weekly_binary,challenger,0.467312740834,0.386647923988,1.0,0.0,0.013440650912437402,0.013440650912437402,0.0,0.013440650912437402,0.862506505308802,1.303728011039583
2019-06-20,000985.CSI,中证全指,entry_frequency_inverse_sqrt_weekly_binary,challenger,0.467312740834,0.386647923988,1.0,0.0,0.024090121651497265,0.024090121651497265,0.0,0.024090121651497265,0.8832843919468988,1.335134977425991
2019-06-21,000985.CSI,中证全指,entry_frequency_inverse_sqrt_weekly_binary,challenger,0.467312740834,0.386647923988,1.0,0.0,0.008298028552133463,0.008298028552133463,0.0,0.008298028552133463,0.890613911050928,1.346213965589624
2019-06-24,000985.CSI,中证全指,entry_frequency_inverse_sqrt_weekly_binary,challenger,0.467312740834,0.467312740834,1.0,0.0,0.0009500782600782021,0.0009500782600782021,0.0,0.0009500782600782021,0.8914600639659407,1.3474929742117443
2019-06-25,000985.CSI,中证全指,entry_frequency_inverse_sqrt_weekly_binary,challenger,0.327597179674,0.467312740834,1.0,0.0,-0.01018122007590705,-0.01018122007590705,0.0,-0.01018122007590705,0.8823839128658213,1.333773851690556
2019-06-26,000985.CSI,中证全指,entry_frequency_inverse_sqrt_weekly_binary,challenger,0.327597179674,0.467312740834,1.0,0.0,-0.0015787159382613103,-0.0015787159382613103,0.0,-0.0015787159382613103,0.8809908793189146,1.3316682016528558
2019-06-27,000985.CSI,中证全指,entry_frequency_inverse_sqrt_weekly_binary,challenger,0.327597179674,0.467312740834,1.0,0.0,0.009442275944610001,0.009442275944610001,0.0,0.009442275944610001,0.8893094383061284,1.3442421802795246
2019-06-28,000985.CSI,中证全指,entry_frequency_inverse_sqrt_weekly_binary,challenger,0.327597179674,0.467312740834,1.0,0.0,-0.007416793746306549,-0.007416793746306549,0.0,-0.007416793746306549,0.8827136136255681,1.334272213283306
2019-07-01,000985.CSI,中证全指,entry_frequency_inverse_sqrt_weekly_binary,challenger,0.327597179674,0.327597179674,1.0,0.0,0.029128619682971646,0.029128619682971646,0.0,0.029128619682971646,0.9084258427658488,1.3731377211375924
2019-07-02,000985.CSI,中证全指,entry_frequency_inverse_sqrt_weekly_binary,challenger,0.327597179674,0.327597179674,1.0,0.0,-0.0003397434077551109,-0.0003397434077551109,0.0,-0.0003397434077551109,0.9081172110743347,1.372671206648896
2019-07-03,000985.CSI,中证全指,entry_frequency_inverse_sqrt_weekly_binary,challenger,0.327597179674,0.327597179674,1.0,0.0,-0.010367608020852681,-0.010367608020852681,0.0,-0.010367608020852681,0.8987022077929261,1.3584398896368493
2019-07-04,000985.CSI,中证全指,entry_frequency_inverse_sqrt_weekly_binary,challenger,0.327597179674,0.327597179674,1.0,0.0,-0.004627539900421973,-0.004627539900421973,0.0,-0.004627539900421973,0.894543427467767,1.35215365484523
2019-07-05,000985.CSI,中证全指,entry_frequency_inverse_sqrt_weekly_binary,challenger,0.087632113491,0.327597179674,1.0,0.0,0.004415408145722832,0.004415408145722832,0.0,0.004415408145722832,0.8984932018041111,1.3581239651071024
2019-07-08,000985.CSI,中证全指,entry_frequency_inverse_sqrt_weekly_binary,challenger,0.087632113491,0.087632113491,1.0,0.0,-0.028174873891535723,-0.028174873891535723,0.0,-0.028174873891535723,0.873178269150878,1.3198589936611373
2019-07-09,000985.CSI,中证全指,entry_frequency_inverse_sqrt_weekly_binary,challenger,0.01253725579,0.087632113491,1.0,0.0,0.00013560451482774738,0.00013560451482774738,0.0,0.00013560451482774738,0.8732966760664244,1.3200379724996139
2019-07-10,000985.CSI,中证全指,entry_frequency_inverse_sqrt_weekly_binary,challenger,0.01253725579,0.087632113491,1.0,0.0,-0.004406799254959903,-0.004406799254959903,0.0,-0.004406799254959903,0.8694482329249759,1.3142208301458838
2019-07-11,000985.CSI,中证全指,entry_frequency_inverse_sqrt_weekly_binary,challenger,0.01253725579,0.087632113491,1.0,0.0,-0.00034119529781551083,-0.00034119529781551083,0.0,-0.00034119529781551083,0.8691515812762078,1.3137724241783468
2019-07-12,000985.CSI,中证全指,entry_frequency_inverse_sqrt_weekly_binary,challenger,0.01253725579,0.087632113491,1.0,0.0,0.00459525315111553,0.00459525315111553,0.0,0.00459525315111553,0.8731455528188644,1.3198095410504012
2019-07-15,000985.CSI,中证全指,entry_frequency_inverse_sqrt_weekly_binary,challenger,0.01253725579,0.01253725579,1.0,0.0,0.0072440726184264115,0.0072440726184264115,0.0,0.0072440726184264115,0.8794706826099403,1.3293703372082624
2019-07-16,000985.CSI,中证全指,entry_frequency_inverse_sqrt_weekly_binary,challenger,0.01253725579,0.01253725579,1.0,0.0,-0.0015075588300195175,-0.0015075588300195175,0.0,-0.0015075588300195175,0.8781448288166284,1.327366233218038
2019-07-17,000985.CSI,中证全指,entry_frequency_inverse_sqrt_weekly_binary,challenger,-0.10619813966,0.01253725579,1.0,0.0,-0.00013185328592268952,-0.00013185328592268952,0.0,-0.00013185328592268952,0.8780290425354329,1.3271912156185655
2019-07-18,000985.CSI,中证全指,entry_frequency_inverse_sqrt_weekly_binary,challenger,-0.10619813966,0.01253725579,1.0,0.0,-0.013380526626612488,-0.013380526626612488,0.0,-0.013380526626612488,0.8662805515528484,1.3094326982193751
2019-07-19,000985.CSI,中证全指,entry_frequency_inverse_sqrt_weekly_binary,challenger,-0.221766687191,0.01253725579,1.0,0.0,0.008221367324697582,0.008221367324697582,0.0,0.008221367324697582,0.8734025621734061,1.3201980254184065
2019-07-22,000985.CSI,中证全指,entry_frequency_inverse_sqrt_weekly_binary,challenger,-0.221766687191,-0.221766687191,0.0,1.0,-0.015685720451343976,-0.0,0.0005,-0.0005,0.8597026137416665,1.3195379264056974
2019-07-23,000985.CSI,中证全指,entry_frequency_inverse_sqrt_weekly_binary,challenger,-0.221766687191,-0.221766687191,0.0,0.0,0.006357744670676846,0.0,0.0,0.0,0.8651683834525495,1.3195379264056974
2019-07-24,000985.CSI,中证全指,entry_frequency_inverse_sqrt_weekly_binary,challenger,-0.14667182949,-0.221766687191,0.0,0.0,0.009637629283445914,0.0,0.0,0.0,0.8735065556000234,1.3195379264056974
2019-07-25,000985.CSI,中证全指,entry_frequency_inverse_sqrt_weekly_binary,challenger,-0.14667182949,-0.221766687191,0.0,0.0,0.00588447180140883,0.0,0.0,0.0,0.8786466802947975,1.3195379264056974
2019-07-26,000985.CSI,中证全指,entry_frequency_inverse_sqrt_weekly_binary,challenger,-0.413372285022,-0.221766687191,0.0,0.0,0.0016237546336219655,0.0,0.0,0.0,0.8800733869132428,1.3195379264056974
2019-07-29,000985.CSI,中证全指,entry_frequency_inverse_sqrt_weekly_binary,challenger,-0.261485456821,-0.261485456821,0.0,0.0,-0.0006923966701718465,-0.0,0.0,-0.0,0.8794640270306372,1.3195379264056974
2019-07-30,000985.CSI,中证全指,entry_frequency_inverse_sqrt_weekly_binary,challenger,-0.261485456821,-0.261485456821,0.0,0.0,0.004443059963418872,0.0,0.0,0.0,0.8833715384384041,1.3195379264056974
2019-07-31,000985.CSI,中证全指,entry_frequency_inverse_sqrt_weekly_binary,challenger,-0.336580314522,-0.261485456821,0.0,0.0,-0.007658702213457325,-0.0,0.0,-0.0,0.8766060588816607,1.3195379264056974
2019-08-01,000985.CSI,中证全指,entry_frequency_inverse_sqrt_weekly_binary,challenger,-0.336580314522,-0.261485456821,0.0,0.0,-0.0067832286596783975,-0.0,0.0,-0.0,0.8706598395398069,1.3195379264056974
2019-08-02,000985.CSI,中证全指,entry_frequency_inverse_sqrt_weekly_binary,challenger,-0.255915497677,-0.261485456821,0.0,0.0,-0.014773600394369257,-0.0,0.0,-0.0,0.8577970589910201,1.3195379264056974
2019-08-05,000985.CSI,中证全指,entry_frequency_inverse_sqrt_weekly_binary,challenger,-0.336580314522,-0.336580314522,0.0,0.0,-0.01564705154954127,-0.0,0.0,-0.0,0.8443750641899427,1.3195379264056974
2019-08-06,000985.CSI,中证全指,entry_frequency_inverse_sqrt_weekly_binary,challenger,-0.443980520716,-0.336580314522,0.0,0.0,-0.017587527080779264,-0.0,0.0,-0.0,0.8295245948821673,1.3195379264056974
2019-08-07,000985.CSI,中证全指,entry_frequency_inverse_sqrt_weekly_binary,challenger,-0.443980520716,-0.336580314522,0.0,0.0,-0.0038966980615121605,-0.0,0.0,-0.0,0.8262921880013133,1.3195379264056974
2019-08-08,000985.CSI,中证全指,entry_frequency_inverse_sqrt_weekly_binary,challenger,-0.443980520716,-0.336580314522,0.0,0.0,0.01033434850906656,0.0,0.0,0.0,0.834831379442438,1.3195379264056974
2019-08-09,000985.CSI,中证全指,entry_frequency_inverse_sqrt_weekly_binary,challenger,-0.443980520716,-0.336580314522,0.0,0.0,-0.010548010059428847,-0.0,0.0,-0.0,0.8260255696541523,1.3195379264056974
2019-08-12,000985.CSI,中证全指,entry_frequency_inverse_sqrt_weekly_binary,challenger,-0.336580314522,-0.336580314522,0.0,0.0,0.0178026199388559,0.0,0.0,0.0,0.8407309889304821,1.3195379264056974
2019-08-13,000985.CSI,中证全指,entry_frequency_inverse_sqrt_weekly_binary,challenger,-0.28822084617,-0.336580314522,0.0,0.0,-0.007340895921990054,-0.0,0.0,-0.0,0.8345592702423517,1.3195379264056974
2019-08-14,000985.CSI,中证全指,entry_frequency_inverse_sqrt_weekly_binary,challenger,-0.180820639976,-0.336580314522,0.0,0.0,0.005312895430440889,0.0,0.0,0.0,0.8389931963756543,1.3195379264056974
2019-08-15,000985.CSI,中证全指,entry_frequency_inverse_sqrt_weekly_binary,challenger,0.094048156893,-0.336580314522,0.0,0.0,0.0037913658280184226,0.0,0.0,0.0,0.8421741265103329,1.3195379264056974
2019-08-16,000985.CSI,中证全指,entry_frequency_inverse_sqrt_weekly_binary,challenger,0.094048156893,-0.336580314522,0.0,0.0,0.004711755742534907,0.0,0.0,0.0,0.8461422452871322,1.3195379264056974
2019-08-19,000985.CSI,中证全指,entry_frequency_inverse_sqrt_weekly_binary,challenger,0.094048156893,0.094048156893,1.0,1.0,0.0261675988491068,0.0261675988491068,0.0005,0.0256675988491068,0.8682837561310884,1.353407296566861
2019-08-20,000985.CSI,中证全指,entry_frequency_inverse_sqrt_weekly_binary,challenger,0.094048156893,0.094048156893,1.0,0.0,0.00021747644444336522,0.00021747644444336522,0.0,0.00021747644444336522,0.8684725873951398,1.353701630773602
2019-08-21,000985.CSI,中证全指,entry_frequency_inverse_sqrt_weekly_binary,challenger,0.094048156893,0.094048156893,1.0,0.0,-0.00036806572754866096,-0.00036806572754866096,0.0,-0.00036806572754866096,0.8681529324004041,1.3532033795979876
2019-08-22,000985.CSI,中证全指,entry_frequency_inverse_sqrt_weekly_binary,challenger,0.094048156893,0.094048156893,1.0,0.0,0.003215226555530082,0.003215226555530082,0.0,0.003215226555530082,0.8709442407629192,1.357554235039104
2019-08-23,000985.CSI,中证全指,entry_frequency_inverse_sqrt_weekly_binary,challenger,0.094048156893,0.094048156893,1.0,0.0,0.0033976385795750907,0.0033976385795750907,0.0,0.0033976385795750907,0.8739033945159941,1.3621667136819384
2019-08-26,000985.CSI,中证全指,entry_frequency_inverse_sqrt_weekly_binary,challenger,-0.013352049301,-0.013352049301,0.0,1.0,-0.01070536709667902,-0.0,0.0005,-0.0005,0.8645479378706664,1.3614856303250975
2019-08-27,000985.CSI,中证全指,entry_frequency_inverse_sqrt_weekly_binary,challenger,0.10538334615,-0.013352049301,0.0,0.0,0.015562977284716561,0.0,0.0,0.0,0.8780028777892961,1.3614856303250975
2019-08-28,000985.CSI,中证全指,entry_frequency_inverse_sqrt_weekly_binary,challenger,0.264683595488,-0.013352049301,1.0,1.0,-0.0026821214447363406,-0.0026821214447363406,0.0005,-0.0031821214447363406,0.8756479674422372,1.3571532177041397
2019-08-29,000985.CSI,中证全指,entry_frequency_inverse_sqrt_weekly_binary,challenger,0.264683595488,-0.013352049301,1.0,0.0,-0.0014213398260821686,-0.0014213398260821686,0.0,-0.0014213398260821686,0.8744033741124836,1.3552242417857212
2019-08-30,000985.CSI,中证全指,entry_frequency_inverse_sqrt_weekly_binary,challenger,0.264683595488,-0.013352049301,1.0,0.0,-0.004601144289585246,-0.004601144289585246,0.0,-0.004601144289585246,0.8703801180208919,1.3489886595045213
2019-09-02,000985.CSI,中证全指,entry_frequency_inverse_sqrt_weekly_binary,challenger,0.264683595488,0.264683595488,1.0,0.0,0.018348615960922965,0.018348615960922965,0.0,0.018348615960922965,0.8863503885464801,1.37374073435341
2019-09-03,000985.CSI,中证全指,entry_frequency_inverse_sqrt_weekly_binary,challenger,0.45508381097,0.264683595488,1.0,0.0,0.0040708947288501385,0.0040708947288501385,0.0,0.0040708947288501385,0.8899586276711282,1.379333088267696
2019-09-04,000985.CSI,中证全指,entry_frequency_inverse_sqrt_weekly_binary,challenger,0.45508381097,0.264683595488,1.0,0.0,0.008221120962433881,0.008221120962433881,0.0,0.008221120962433881,0.8972750852007743,1.3906727524338323
2019-09-05,000985.CSI,中证全指,entry_frequency_inverse_sqrt_weekly_binary,challenger,0.45508381097,0.264683595488,1.0,0.0,0.00960994092109968,0.00960994092109968,0.0,0.00960994092109968,0.9058978457595284,1.4040370354253044
2019-09-06,000985.CSI,中证全指,entry_frequency_inverse_sqrt_weekly_binary,challenger,0.45508381097,0.264683595488,1.0,0.0,0.004846387602548852,0.004846387602548852,0.0,0.004846387602548852,0.910288177848393,1.4108415431073091
2019-09-09,000985.CSI,中证全指,entry_frequency_inverse_sqrt_weekly_binary,challenger,0.45508381097,0.45508381097,1.0,0.0,0.01369795031697807,0.01369795031697807,0.0,0.01369795031697807,0.9227572600826928,1.4301671804699216
2019-09-10,000985.CSI,中证全指,entry_frequency_inverse_sqrt_weekly_binary,challenger,0.59479937213,0.45508381097,1.0,0.0,-0.0016964741620264512,-0.0016964741620264512,0.0,-0.0016964741620264512,0.9211918262331401,1.4277409388008762
2019-09-11,000985.CSI,中证全指,entry_frequency_inverse_sqrt_weekly_binary,challenger,0.59479937213,0.45508381097,1.0,0.0,-0.0070134096265622725,-0.0070134096265622725,0.0,-0.0070134096265622725,0.9147311306111261,1.417727606756453
2019-09-12,000985.CSI,中证全指,entry_frequency_inverse_sqrt_weekly_binary,challenger,0.59479937213,0.45508381097,1.0,0.0,0.008164917161203045,0.008164917161203045,0.0,0.008164917161203045,0.9221998345173396,1.4293032352227701
2019-09-16,000985.CSI,中证全指,entry_frequency_inverse_sqrt_weekly_binary,challenger,0.59479937213,0.59479937213,1.0,0.0,-0.00018279481109917395,-0.00018279481109917395,0.0,-0.00018279481109917395,0.9220312611727932,1.4290419660078841
2019-09-17,000985.CSI,中证全指,entry_frequency_inverse_sqrt_weekly_binary,challenger,0.519704514429,0.59479937213,1.0,0.0,-0.019605660371059486,-0.019605660371059486,0.0,-0.019605660371059486,0.9039542294147398,1.4010246545663425
2019-09-18,000985.CSI,中证全指,entry_frequency_inverse_sqrt_weekly_binary,challenger,0.519704514429,0.59479937213,1.0,0.0,0.00277000056486032,0.00277000056486032,0.0,0.00277000056486032,0.9064581831408265,1.4049054936508745
2019-09-19,000985.CSI,中证全指,entry_frequency_inverse_sqrt_weekly_binary,challenger,0.519704514429,0.59479937213,1.0,0.0,0.007029499816153084,0.007029499816153084,0.0,0.007029499816153084,0.9128301307725654,1.4147812765602057
2019-09-20,000985.CSI,中证全指,entry_frequency_inverse_sqrt_weekly_binary,challenger,0.323471150052,0.59479937213,1.0,0.0,0.00213106576209654,0.00213106576209654,0.0,0.00213106576209654,0.9147754318108648,1.4177962684995384
2019-09-23,000985.CSI,中证全指,entry_frequency_inverse_sqrt_weekly_binary,challenger,0.189958246839,0.189958246839,1.0,0.0,-0.009967380564866346,-0.009967380564866346,0.0,-0.009967380564866346,0.905657516950616,1.4036645535279562
2019-09-24,000985.CSI,中证全指,entry_frequency_inverse_sqrt_weekly_binary,challenger,0.189958246839,0.189958246839,1.0,0.0,0.0028820517298155934,0.0028820517298155934,0.0,0.0028820517298155934,0.908267668763964,1.4077099873825323
2019-09-25,000985.CSI,中证全指,entry_frequency_inverse_sqrt_weekly_binary,challenger,0.030657997501,0.189958246839,1.0,0.0,-0.012810206671822755,-0.012810206671822755,0.0,-0.012810206671822755,0.896632572213763,1.3896769315101731
2019-09-26,000985.CSI,中证全指,entry_frequency_inverse_sqrt_weekly_binary,challenger,0.030657997501,0.189958246839,1.0,0.0,-0.01716784898930801,-0.01716784898930801,0.0,-0.01716784898930801,0.8812393196151024,1.3658191678060816
2019-09-27,000985.CSI,中证全指,entry_frequency_inverse_sqrt_weekly_binary,challenger,0.105752855202,0.189958246839,1.0,0.0,0.0053772068144612994,0.0053772068144612994,0.0,0.0053772068144612994,0.8859779256897079,1.3731634599425304
2019-09-30,000985.CSI,中证全指,entry_frequency_inverse_sqrt_weekly_binary,challenger,0.105752855202,0.105752855202,1.0,0.0,-0.010653769908458899,-0.010653769908458899,0.0,-0.010653769908458899,0.876538920725436,1.3585340923935993
2019-10-08,000985.CSI,中证全指,entry_frequency_inverse_sqrt_weekly_binary,challenger,0.105752855202,0.105752855202,1.0,0.0,0.00362834928793343,0.00362834928793343,0.0,0.00362834928793343,0.8797193100942962,1.363463328600369
2019-10-09,000985.CSI,中证全指,entry_frequency_inverse_sqrt_weekly_binary,challenger,0.105752855202,0.105752855202,1.0,0.0,0.004915044424917303,0.004915044424917303,0.0,0.004915044424917303,0.8840431695848672,1.3701648114321854
2019-10-10,000985.CSI,中证全指,entry_frequency_inverse_sqrt_weekly_binary,challenger,0.105752855202,0.105752855202,1.0,0.0,0.010870758434078587,0.010870758434078587,0.0,0.010870758434078587,0.8936533893267214,1.3850595421121394
2019-10-11,000985.CSI,中证全指,entry_frequency_inverse_sqrt_weekly_binary,challenger,-0.033962705957,0.105752855202,1.0,0.0,0.0059297614780482455,0.0059297614780482455,0.0,0.0059297614780482455,0.8989525407694783,1.3932726148297592
2019-10-14,000985.CSI,中证全指,entry_frequency_inverse_sqrt_weekly_binary,challenger,-0.193262955295,-0.193262955295,0.0,1.0,0.012654204133655034,0.0,0.0005,-0.0005,0.9103280697268431,1.3925759785223444
2019-10-15,000985.CSI,中证全指,entry_frequency_inverse_sqrt_weekly_binary,challenger,-0.152789265465,-0.193262955295,0.0,0.0,-0.00838853679808682,-0.0,0.0,-0.0,0.9026917492156081,1.3925759785223444
2019-10-16,000985.CSI,中证全指,entry_frequency_inverse_sqrt_weekly_binary,challenger,-0.152789265465,-0.193262955295,0.0,0.0,-0.004248320646910164,-0.0,0.0,-0.0,0.89885682521962,1.3925759785223444
2019-10-17,000985.CSI,中证全指,entry_frequency_inverse_sqrt_weekly_binary,challenger,-0.152789265465,-0.193262955295,0.0,0.0,-0.00023800818020658365,-0.0,0.0,-0.0,0.8986428899423832,1.3925759785223444
2019-10-18,000985.CSI,中证全指,entry_frequency_inverse_sqrt_weekly_binary,challenger,-0.152789265465,-0.193262955295,0.0,0.0,-0.013618785561022362,-0.0,0.0,-0.0,0.8864044651283204,1.3925759785223444
2019-10-21,000985.CSI,中证全指,entry_frequency_inverse_sqrt_weekly_binary,challenger,-0.28285737439,-0.28285737439,0.0,0.0,-0.0002936063159545421,-0.0,0.0,-0.0,0.8861442111788684,1.3925759785223444
2019-10-22,000985.CSI,中证全指,entry_frequency_inverse_sqrt_weekly_binary,challenger,-0.28285737439,-0.28285737439,0.0,0.0,0.007500390792047229,0.0,0.0,0.0,0.8927906390608203,1.3925759785223444
2019-10-23,000985.CSI,中证全指,entry_frequency_inverse_sqrt_weekly_binary,challenger,-0.28285737439,-0.28285737439,0.0,0.0,-0.006809986828292813,-0.0,0.0,-0.0,0.886710746568393,1.3925759785223444
2019-10-24,000985.CSI,中证全指,entry_frequency_inverse_sqrt_weekly_binary,challenger,-0.28285737439,-0.28285737439,0.0,0.0,-0.0007881215261815733,-0.0,0.0,-0.0,0.8860119107415259,1.3925759785223444
2019-10-25,000985.CSI,中证全指,entry_frequency_inverse_sqrt_weekly_binary,challenger,-0.202192557545,-0.28285737439,0.0,0.0,0.006995306673079238,0.0,0.0,0.0,0.8922098357731637,1.3925759785223444
2019-10-28,000985.CSI,中证全指,entry_frequency_inverse_sqrt_weekly_binary,challenger,-0.202192557545,-0.202192557545,0.0,0.0,0.013244690851418328,0.0,0.0,0.0,0.904026879222574,1.3925759785223444
2019-10-29,000985.CSI,中证全指,entry_frequency_inverse_sqrt_weekly_binary,challenger,-0.202192557545,-0.202192557545,0.0,0.0,-0.00853277506168193,-0.0,0.0,-0.0,0.8963130212124535,1.3925759785223444
2019-10-30,000985.CSI,中证全指,entry_frequency_inverse_sqrt_weekly_binary,challenger,-0.234497906038,-0.202192557545,0.0,0.0,-0.007795135624114935,-0.0,0.0,-0.0,0.8893261396504422,1.3925759785223444
2019-10-31,000985.CSI,中证全指,entry_frequency_inverse_sqrt_weekly_binary,challenger,-0.234497906038,-0.202192557545,0.0,0.0,-0.005133941303779754,-0.0,0.0,-0.0,0.8847603914495598,1.3925759785223444
2019-11-01,000985.CSI,中证全指,entry_frequency_inverse_sqrt_weekly_binary,challenger,-0.234497906038,-0.202192557545,0.0,0.0,0.013429551619226876,0.0,0.0,0.0,0.896642326797179,1.3925759785223444
2019-11-04,000985.CSI,中证全指,entry_frequency_inverse_sqrt_weekly_binary,challenger,-0.234497906038,-0.234497906038,0.0,0.0,0.005830408622450545,0.0,0.0,0.0,0.9018701179505915,1.3925759785223444
2019-11-05,000985.CSI,中证全指,entry_frequency_inverse_sqrt_weekly_binary,challenger,-0.234497906038,-0.234497906038,0.0,0.0,0.005031262366132161,0.0,0.0,0.0,0.9064076631341754,1.3925759785223444
2019-11-06,000985.CSI,中证全指,entry_frequency_inverse_sqrt_weekly_binary,challenger,-0.234497906038,-0.234497906038,0.0,0.0,-0.006711856155452556,-0.0,0.0,-0.0,0.900323985281019,1.3925759785223444
2019-11-07,000985.CSI,中证全指,entry_frequency_inverse_sqrt_weekly_binary,challenger,-0.234497906038,-0.234497906038,0.0,0.0,0.003996484623763674,0.0,0.0,0.0,0.9039221162446002,1.3925759785223444
2019-11-08,000985.CSI,中证全指,entry_frequency_inverse_sqrt_weekly_binary,challenger,-0.234497906038,-0.234497906038,0.0,0.0,-0.003921764342510237,-0.0,0.0,-0.0,0.9003771467207057,1.3925759785223444
2019-11-11,000985.CSI,中证全指,entry_frequency_inverse_sqrt_weekly_binary,challenger,-0.386384734239,-0.386384734239,0.0,0.0,-0.020652043322885505,-0.0,0.0,-0.0,0.8817825188796936,1.3925759785223444
2019-11-12,000985.CSI,中证全指,entry_frequency_inverse_sqrt_weekly_binary,challenger,-0.467049551084,-0.386384734239,0.0,0.0,0.0010480688422300766,0.0,0.0,0.0,0.8827066876633546,1.3925759785223444
2019-11-13,000985.CSI,中证全指,entry_frequency_inverse_sqrt_weekly_binary,challenger,-0.467049551084,-0.386384734239,0.0,0.0,-0.001478563968043356,-0.0,0.0,-0.0,0.8814015493606246,1.3925759785223444
2019-11-14,000985.CSI,中证全指,entry_frequency_inverse_sqrt_weekly_binary,challenger,-0.467049551084,-0.386384734239,0.0,0.0,0.0039850154395868476,0.0,0.0,0.0,0.8849139481433025,1.3925759785223444
2019-11-15,000985.CSI,中证全指,entry_frequency_inverse_sqrt_weekly_binary,challenger,-0.467049551084,-0.386384734239,0.0,0.0,-0.00901845831311332,-0.0,0.0,-0.0,0.8769333885912796,1.3925759785223444
2019-11-18,000985.CSI,中证全指,entry_frequency_inverse_sqrt_weekly_binary,challenger,-0.467049551084,-0.467049551084,0.0,0.0,0.007263134786382297,0.0,0.0,0.0,0.883302673991297,1.3925759785223444
2019-11-19,000985.CSI,中证全指,entry_frequency_inverse_sqrt_weekly_binary,challenger,-0.467049551084,-0.467049551084,0.0,0.0,0.013468974038313375,0.0,0.0,0.0,0.8951998547752585,1.3925759785223444
2019-11-20,000985.CSI,中证全指,entry_frequency_inverse_sqrt_weekly_binary,challenger,-0.542144408785,-0.467049551084,0.0,0.0,-0.008019413968136435,-0.0,0.0,-0.0,0.8880208765556001,1.3925759785223444
2019-11-21,000985.CSI,中证全指,entry_frequency_inverse_sqrt_weekly_binary,challenger,-0.542144408785,-0.467049551084,0.0,0.0,-0.002925894012110297,-0.0,0.0,-0.0,0.8854226215902572,1.3925759785223444
2019-11-22,000985.CSI,中证全指,entry_frequency_inverse_sqrt_weekly_binary,challenger,-0.390257580584,-0.467049551084,0.0,0.0,-0.010377207666254828,-0.0,0.0,-0.0,0.8762344071736153,1.3925759785223444
2019-11-25,000985.CSI,中证全指,entry_frequency_inverse_sqrt_weekly_binary,challenger,-0.505826128115,-0.505826128115,0.0,0.0,0.0022784846001657755,0.0,0.0,0.0,0.8782308937764958,1.3925759785223444
2019-11-26,000985.CSI,中证全指,entry_frequency_inverse_sqrt_weekly_binary,challenger,-0.505826128115,-0.505826128115,0.0,0.0,0.00103182195852769,0.0,0.0,0.0,0.8791370716973518,1.3925759785223444
2019-11-27,000985.CSI,中证全指,entry_frequency_inverse_sqrt_weekly_binary,challenger,-0.505826128115,-0.505826128115,0.0,0.0,-0.0017609646927690958,-0.0,0.0,-0.0,0.8775889423539883,1.3925759785223444
2019-11-28,000985.CSI,中证全指,entry_frequency_inverse_sqrt_weekly_binary,challenger,-0.505826128115,-0.505826128115,0.0,0.0,-0.003238033027240017,-0.0,0.0,-0.0,0.8747472803743055,1.3925759785223444
2019-11-29,000985.CSI,中证全指,entry_frequency_inverse_sqrt_weekly_binary,challenger,-0.346525878777,-0.505826128115,0.0,0.0,-0.004660774587058936,-0.0,0.0,-0.0,0.870670280479838,1.3925759785223444
2019-12-02,000985.CSI,中证全指,entry_frequency_inverse_sqrt_weekly_binary,challenger,-0.346525878777,-0.346525878777,0.0,0.0,0.0019164969375176089,0.0,0.0,0.0,0.8723389174059651,1.3925759785223444
2019-12-03,000985.CSI,中证全指,entry_frequency_inverse_sqrt_weekly_binary,challenger,-0.346525878777,-0.346525878777,0.0,0.0,0.004718346673892038,0.0,0.0,0.0,0.8764549148354142,1.3925759785223444
2019-12-04,000985.CSI,中证全指,entry_frequency_inverse_sqrt_weekly_binary,challenger,-0.346525878777,-0.346525878777,0.0,0.0,0.0001245849570805646,0.0,0.0,0.0,0.8765641079333619,1.3925759785223444
2019-12-05,000985.CSI,中证全指,entry_frequency_inverse_sqrt_weekly_binary,challenger,-0.265861061932,-0.346525878777,0.0,0.0,0.009002289206623049,0.0,0.0,0.0,0.8844551915411236,1.3925759785223444
2019-12-06,000985.CSI,中证全指,entry_frequency_inverse_sqrt_weekly_binary,challenger,-0.158460855738,-0.346525878777,0.0,0.0,0.00659759726682263,0.0,0.0,0.0,0.8902904706954624,1.3925759785223444
2019-12-09,000985.CSI,中证全指,entry_frequency_inverse_sqrt_weekly_binary,challenger,-0.265861061932,-0.265861061932,0.0,0.0,0.0004544314919996406,0.0,0.0,0.0,0.8906950467223737,1.3925759785223444
2019-12-10,000985.CSI,中证全指,entry_frequency_inverse_sqrt_weekly_binary,challenger,-0.158460855738,-0.265861061932,0.0,0.0,0.003169674689659452,0.0,0.0,0.0,0.8935182602681746,1.3925759785223444
2019-12-11,000985.CSI,中证全指,entry_frequency_inverse_sqrt_weekly_binary,challenger,-0.158460855738,-0.265861061932,0.0,0.0,-0.0012985935580933639,-0.0,0.0,-0.0,0.8923579432113515,1.3925759785223444
2019-12-12,000985.CSI,中证全指,entry_frequency_inverse_sqrt_weekly_binary,challenger,-0.051060649544,-0.265861061932,0.0,0.0,-0.002293883332056157,-0.0,0.0,-0.0,0.8903109781991911,1.3925759785223444
2019-12-13,000985.CSI,中证全指,entry_frequency_inverse_sqrt_weekly_binary,challenger,0.207390307066,-0.265861061932,0.0,0.0,0.016319769991756994,0.0,0.0,0.0,0.9048406485845382,1.3925759785223444
2019-12-16,000985.CSI,中证全指,entry_frequency_inverse_sqrt_weekly_binary,challenger,0.207390307066,0.207390307066,1.0,1.0,0.010695142300014338,0.010695142300014338,0.0005,0.010195142300014337,0.914518048079987,1.4067734887869614
2019-12-17,000985.CSI,中证全指,entry_frequency_inverse_sqrt_weekly_binary,challenger,0.207390307066,0.207390307066,1.0,0.0,0.013143690971249233,0.013143690971249233,0.0,0.013143690971249233,0.9265381906915804,1.4252636847901234
2019-12-18,000985.CSI,中证全指,entry_frequency_inverse_sqrt_weekly_binary,challenger,0.329568021022,0.207390307066,1.0,0.0,-0.0010752690344403293,-0.0010752690344403293,0.0,-0.0010752690344403293,0.9255419128659034,1.4237311428839563
2019-12-19,000985.CSI,中证全指,entry_frequency_inverse_sqrt_weekly_binary,challenger,0.329568021022,0.207390307066,1.0,0.0,0.0010735950231031133,0.0010735950231031133,0.0,0.0010735950231031133,0.9265355700572295,1.4252596535531934
2019-12-20,000985.CSI,中证全指,entry_frequency_inverse_sqrt_weekly_binary,challenger,0.329568021022,0.207390307066,1.0,0.0,-0.006329538869432105,-0.006329538869432105,0.0,-0.006329538869432105,0.9206710271526408,1.416238417176995
2019-12-23,000985.CSI,中证全指,entry_frequency_inverse_sqrt_weekly_binary,challenger,0.329568021022,0.329568021022,1.0,0.0,-0.016498008350820936,-0.016498008350820936,0.0,-0.016498008350820936,0.9054817888583176,1.3928733039436556
2019-12-24,000985.CSI,中证全指,entry_frequency_inverse_sqrt_weekly_binary,challenger,0.222167814828,0.329568021022,1.0,0.0,0.0111426230483469,0.0111426230483469,0.0,0.0111426230483469,0.9155712311087087,1.4083935661236053
2019-12-25,000985.CSI,中证全指,entry_frequency_inverse_sqrt_weekly_binary,challenger,0.222167814828,0.329568021022,1.0,0.0,0.001989976063495824,0.001989976063495824,0.0,0.001989976063495824,0.9173931959430405,1.4111962356081729
2019-12-26,000985.CSI,中证全指,entry_frequency_inverse_sqrt_weekly_binary,challenger,0.222167814828,0.329568021022,1.0,0.0,0.008100529084934749,0.008100529084934749,0.0,0.008100529084934749,0.9248245662090984,1.4226276717592674
2019-12-27,000985.CSI,中证全指,entry_frequency_inverse_sqrt_weekly_binary,challenger,0.412568030311,0.329568021022,1.0,0.0,-0.0040184835309509115,-0.0040184835309509115,0.0,-0.0040184835309509115,0.9211081739207683,1.4169108658896277
2019-12-30,000985.CSI,中证全指,entry_frequency_inverse_sqrt_weekly_binary,challenger,0.412568030311,0.412568030311,1.0,0.0,0.01166596961996369,0.01166596961996369,0.0,0.01166596961996369,0.9318537938944281,1.4334405050052925
2019-12-31,000985.CSI,中证全指,entry_frequency_inverse_sqrt_weekly_binary,challenger,0.412568030311,0.412568030311,1.0,0.0,0.004414008326805607,0.004414008326805607,0.0,0.004414008326805607,0.9359670043000435,1.4397677233303663
2020-01-02,000985.CSI,中证全指,entry_frequency_inverse_sqrt_weekly_binary,challenger,0.412568030311,0.412568030311,1.0,0.0,0.01590986634195879,0.01590986634195879,0.0,0.01590986634195879,0.9508581142389408,1.4626742353720188
2020-01-03,000985.CSI,中证全指,entry_frequency_inverse_sqrt_weekly_binary,challenger,0.412568030311,0.412568030311,1.0,0.0,0.0010548759939961183,0.0010548759939961183,0.0,0.0010548759939961183,0.951861151637348,1.4642171753099493
2020-01-06,000985.CSI,中证全指,entry_frequency_inverse_sqrt_weekly_binary,challenger,0.26068120211,0.26068120211,1.0,0.0,0.0020552404512681477,0.0020552404512681477,0.0,0.0020552404512681477,0.9538174551801837,1.4672264936780879
2020-01-07,000985.CSI,中证全指,entry_frequency_inverse_sqrt_weekly_binary,challenger,0.26068120211,0.26068120211,1.0,0.0,0.01032863262136674,0.01032863262136674,0.0,0.01032863262136674,0.9636690852625868,1.482380937103625
2020-01-08,000985.CSI,中证全指,entry_frequency_inverse_sqrt_weekly_binary,challenger,0.26068120211,0.26068120211,1.0,0.0,-0.01250881307006535,-0.01250881307006535,0.0,-0.01250881307006535,0.9516147288136362,1.4638381110627674
2020-01-09,000985.CSI,中证全指,entry_frequency_inverse_sqrt_weekly_binary,challenger,0.101380952772,0.26068120211,1.0,0.0,0.014097098370401628,0.014097098370401628,0.0,0.014097098370401628,0.9650297352564451,1.484473980912762
2020-01-10,000985.CSI,中证全指,entry_frequency_inverse_sqrt_weekly_binary,challenger,-0.017354442678,0.26068120211,1.0,0.0,-0.001386917055868464,-0.001386917055868464,0.0,-0.001386917055868464,0.9636913190571977,1.4824151386296411
2020-01-13,000985.CSI,中证全指,entry_frequency_inverse_sqrt_weekly_binary,challenger,-0.017354442678,-0.017354442678,0.0,1.0,0.011230009978365318,0.0,0.0005,-0.0005,0.9745135821862742,1.4816739310603264
2020-01-14,000985.CSI,中证全指,entry_frequency_inverse_sqrt_weekly_binary,challenger,-0.017354442678,-0.017354442678,0.0,0.0,-0.0027328814158941173,-0.0,0.0,-0.0,0.9718503521279809,1.4816739310603264
2020-01-15,000985.CSI,中证全指,entry_frequency_inverse_sqrt_weekly_binary,challenger,-0.017354442678,-0.017354442678,0.0,0.0,-0.00379426864328547,-0.0,0.0,-0.0,0.9681628908109358,1.4816739310603264
2020-01-16,000985.CSI,中证全指,entry_frequency_inverse_sqrt_weekly_binary,challenger,-0.017354442678,-0.017354442678,0.0,0.0,-0.0029447315299595545,-0.0,0.0,-0.0,0.9653119110202281,1.4816739310603264
2020-01-17,000985.CSI,中证全指,entry_frequency_inverse_sqrt_weekly_binary,challenger,-0.157070003838,-0.017354442678,0.0,0.0,-0.0008503805899144901,-0.0,0.0,-0.0,0.9644910285078832,1.4816739310603264
2020-01-20,000985.CSI,中证全指,entry_frequency_inverse_sqrt_weekly_binary,challenger,-0.157070003838,-0.157070003838,0.0,0.0,0.010212907199780519,0.0,0.0,0.0,0.974341285877055,1.4816739310603264
2020-01-21,000985.CSI,中证全指,entry_frequency_inverse_sqrt_weekly_binary,challenger,-0.157070003838,-0.157070003838,0.0,0.0,-0.01389580631056142,-0.0,0.0,-0.0,0.9608020280881241,1.4816739310603264
2020-01-22,000985.CSI,中证全指,entry_frequency_inverse_sqrt_weekly_binary,challenger,-0.550312750122,-0.157070003838,0.0,0.0,0.00486248337899986,0.0,0.0,0.0,0.9654739119802119,1.4816739310603264
2020-01-23,000985.CSI,中证全指,entry_frequency_inverse_sqrt_weekly_binary,challenger,-0.657712956316,-0.157070003838,0.0,0.0,-0.03296599916557408,-0.0,0.0,-0.0,0.9336460998034887,1.4816739310603264
2020-02-03,000985.CSI,中证全指,entry_frequency_inverse_sqrt_weekly_binary,challenger,-0.657712956316,-0.657712956316,0.0,0.0,-0.08183735995023711,-0.0,0.0,-0.0,0.8572389678677356,1.4816739310603264
2020-02-04,000985.CSI,中证全指,entry_frequency_inverse_sqrt_weekly_binary,challenger,-0.550312750122,-0.657712956316,0.0,0.0,0.017316132221121494,0.0,0.0,0.0,0.872083031180431,1.4816739310603264
2020-02-05,000985.CSI,中证全指,entry_frequency_inverse_sqrt_weekly_binary,challenger,-0.550312750122,-0.657712956316,0.0,0.0,0.019095453513533034,0.0,0.0,0.0,0.8887358521622779,1.4816739310603264
2020-02-06,000985.CSI,中证全指,entry_frequency_inverse_sqrt_weekly_binary,challenger,-0.420244641197,-0.657712956316,0.0,0.0,0.024257796313845725,0.0,0.0,0.0,0.9102946254408425,1.4816739310603264
2020-02-07,000985.CSI,中证全指,entry_frequency_inverse_sqrt_weekly_binary,challenger,-0.29806692724,-0.657712956316,0.0,0.0,0.00468794579176679,0.0,0.0,0.0,0.9145620372994459,1.4816739310603264
2020-02-10,000985.CSI,中证全指,entry_frequency_inverse_sqrt_weekly_binary,challenger,-0.29806692724,-0.29806692724,0.0,0.0,0.008509257732197018,0.0,0.0,0.0,0.92234428138691,1.4816739310603264
2020-02-11,000985.CSI,中证全指,entry_frequency_inverse_sqrt_weekly_binary,challenger,-0.29806692724,-0.29806692724,0.0,0.0,0.001792168443087716,0.0,0.0,0.0,0.9239972777016741,1.4816739310603264
2020-02-12,000985.CSI,中证全指,entry_frequency_inverse_sqrt_weekly_binary,challenger,-0.182498379709,-0.29806692724,0.0,0.0,0.013419040676270866,0.0,0.0,0.0,0.9363964347559164,1.4816739310603264
2020-02-13,000985.CSI,中证全指,entry_frequency_inverse_sqrt_weekly_binary,challenger,0.125148123038,-0.29806692724,0.0,0.0,-0.007550191401274553,-0.0,0.0,-0.0,0.9293264624460381,1.4816739310603264
2020-02-14,000985.CSI,中证全指,entry_frequency_inverse_sqrt_weekly_binary,challenger,0.125148123038,-0.29806692724,0.0,0.0,0.004382639167229474,0.0,0.0,0.0,0.9333993649994969,1.4816739310603264
2020-02-17,000985.CSI,中证全指,entry_frequency_inverse_sqrt_weekly_binary,challenger,0.264863684197,0.264863684197,1.0,1.0,0.027898021574405796,0.027898021574405796,0.0005,0.027398021574405795,0.9594393606217896,1.522268865389752
2020-02-18,000985.CSI,中证全指,entry_frequency_inverse_sqrt_weekly_binary,challenger,0.264863684197,0.264863684197,1.0,0.0,0.005992394332098527,0.005992394332098527,0.0,0.005992394332098527,0.9651886996083718,1.5313909007106437
2020-02-19,000985.CSI,中证全指,entry_frequency_inverse_sqrt_weekly_binary,challenger,0.264863684197,0.264863684197,1.0,0.0,-0.004872599449780801,-0.004872599449780801,0.0,-0.004872599449780801,0.9604857216817254,1.5239290462504416
2020-02-20,000985.CSI,中证全指,entry_frequency_inverse_sqrt_weekly_binary,challenger,0.032312039151,0.264863684197,1.0,0.0,0.021283358810026298,0.021283358810026298,0.0,0.021283358810026298,0.9809280839281846,1.556363374942811
2020-02-21,000985.CSI,中证全指,entry_frequency_inverse_sqrt_weekly_binary,challenger,0.032312039151,0.264863684197,1.0,0.0,0.007455316918553834,0.007455316918553834,0.0,0.007455316918553834,0.9882412136681791,1.5679665571434396
2020-02-24,000985.CSI,中证全指,entry_frequency_inverse_sqrt_weekly_binary,challenger,0.032312039151,0.032312039151,1.0,0.0,0.006061231705623005,0.006061231705623005,0.0,0.006061231705623005,0.994231172645268,1.5774703657529539
2020-02-25,000985.CSI,中证全指,entry_frequency_inverse_sqrt_weekly_binary,challenger,0.020979325676,0.032312039151,1.0,0.0,0.0008080523323870104,0.0008080523323870104,0.0,0.0008080523323870104,0.9950345634632558,1.5787450443612718
2020-02-26,000985.CSI,中证全指,entry_frequency_inverse_sqrt_weekly_binary,challenger,0.020979325676,0.032312039151,1.0,0.0,-0.018755352078784537,-0.018755352078784537,0.0,-0.018755352078784537,0.9763723398949428,1.5491351252116399
2020-02-27,000985.CSI,中证全指,entry_frequency_inverse_sqrt_weekly_binary,challenger,0.020979325676,0.032312039151,1.0,0.0,0.00225390090244848,0.00225390090244848,0.0,0.00225390090244848,0.9785729863929578,1.552626722268369
2020-02-28,000985.CSI,中证全指,entry_frequency_inverse_sqrt_weekly_binary,challenger,0.101644142522,0.032312039151,1.0,0.0,-0.04505386128283939,-0.04505386128283939,0.0,-0.04505386128283939,0.9344844948088755,1.4826748932992602
2020-03-02,000985.CSI,中证全指,entry_frequency_inverse_sqrt_weekly_binary,challenger,0.292044358004,0.292044358004,1.0,0.0,0.03618323525145639,0.03618323525145639,0.0,0.03618323525145639,0.9682971671233834,1.5363228677649352
2020-03-03,000985.CSI,中证全指,entry_frequency_inverse_sqrt_weekly_binary,challenger,0.292044358004,0.292044358004,1.0,0.0,0.008896184142127783,0.008896184142127783,0.0,0.008896184142127783,0.9769113170264138,1.549990278898334
2020-03-04,000985.CSI,中证全指,entry_frequency_inverse_sqrt_weekly_binary,challenger,-0.038071418638,0.292044358004,1.0,0.0,0.005253581876837332,0.005253581876837332,0.0,0.005253581876837332,0.982043600616821,1.5581332797368284
2020-03-05,000985.CSI,中证全指,entry_frequency_inverse_sqrt_weekly_binary,challenger,-0.038071418638,0.292044358004,1.0,0.0,0.01924866750836185,0.01924866750836185,0.0,0.01924866750836185,1.0009466313638087,1.5881252691721959
2020-03-06,000985.CSI,中证全指,entry_frequency_inverse_sqrt_weekly_binary,challenger,-0.156806814088,0.292044358004,1.0,0.0,-0.010037905910790346,-0.010037905910790346,0.0,-0.010037905910790346,0.9908992232564562,1.5721838171456968
2020-03-09,000985.CSI,中证全指,entry_frequency_inverse_sqrt_weekly_binary,challenger,-0.156806814088,-0.156806814088,0.0,1.0,-0.035947393662833504,-0.0,0.0005,-0.0005,0.9552789787978604,1.571397725237124
2020-03-10,000985.CSI,中证全指,entry_frequency_inverse_sqrt_weekly_binary,challenger,-0.272375361619,-0.156806814088,0.0,0.0,0.022886525227413967,0.0,0.0,0.0,0.9771419952453358,1.571397725237124
2020-03-11,000985.CSI,中证全指,entry_frequency_inverse_sqrt_weekly_binary,challenger,-0.353040178465,-0.156806814088,0.0,0.0,-0.012994692529631702,-0.0,0.0,-0.0,0.9644443354593318,1.571397725237124
2020-03-12,000985.CSI,中证全指,entry_frequency_inverse_sqrt_weekly_binary,challenger,-0.353040178465,-0.156806814088,0.0,0.0,-0.019367098186480858,-0.0,0.0,-0.0,0.9457658473190956,1.571397725237124
2020-03-13,000985.CSI,中证全指,entry_frequency_inverse_sqrt_weekly_binary,challenger,-0.537870434803,-0.156806814088,0.0,0.0,-0.011586944217090278,-0.0,0.0,-0.0,0.9348073112037801,1.571397725237124
2020-03-16,000985.CSI,中证全指,entry_frequency_inverse_sqrt_weekly_binary,challenger,-0.537870434803,-0.537870434803,0.0,0.0,-0.04397510318051856,-0.0,0.0,-0.0,0.8936990632396907,1.571397725237124
2020-03-17,000985.CSI,中证全指,entry_frequency_inverse_sqrt_weekly_binary,challenger,-0.66004814876,-0.537870434803,0.0,0.0,-0.0030571097309488593,-0.0,0.0,-0.0,0.8909669271369208,1.571397725237124
2020-03-18,000985.CSI,中证全指,entry_frequency_inverse_sqrt_weekly_binary,challenger,-0.66004814876,-0.537870434803,0.0,0.0,-0.01800843164714705,-0.0,0.0,-0.0,0.8749220101297069,1.571397725237124
2020-03-19,000985.CSI,中证全指,entry_frequency_inverse_sqrt_weekly_binary,challenger,-0.740712965605,-0.537870434803,0.0,0.0,-0.002655646453780247,-0.0,0.0,-0.0,0.8725985265961717,1.571397725237124
2020-03-20,000985.CSI,中证全指,entry_frequency_inverse_sqrt_weekly_binary,challenger,-0.740712965605,-0.537870434803,0.0,0.0,0.014670725221778369,0.0,0.0,0.0,0.8854001798087927,1.571397725237124
2020-03-23,000985.CSI,中证全指,entry_frequency_inverse_sqrt_weekly_binary,challenger,-0.740712965605,-0.740712965605,0.0,0.0,-0.03797629161771099,-0.0,0.0,-0.0,0.8517759643820002,1.571397725237124
2020-03-24,000985.CSI,中证全指,entry_frequency_inverse_sqrt_weekly_binary,challenger,-0.740712965605,-0.740712965605,0.0,0.0,0.023081087664708066,0.0,0.0,0.0,0.8714358800865925,1.571397725237124
2020-03-25,000985.CSI,中证全指,entry_frequency_inverse_sqrt_weekly_binary,challenger,-0.625144418074,-0.740712965605,0.0,0.0,0.025696536333287057,0.0,0.0,0.0,0.8938287638413676,1.571397725237124
2020-03-26,000985.CSI,中证全指,entry_frequency_inverse_sqrt_weekly_binary,challenger,-0.495076309149,-0.740712965605,0.0,0.0,-0.007908342040476302,-0.0,0.0,-0.0,0.886760060251294,1.571397725237124
2020-03-27,000985.CSI,中证全指,entry_frequency_inverse_sqrt_weekly_binary,challenger,-0.419981451448,-0.740712965605,0.0,0.0,-0.001346768494436268,-0.0,0.0,-0.0,0.8855657997400231,1.571397725237124
2020-03-30,000985.CSI,中证全指,entry_frequency_inverse_sqrt_weekly_binary,challenger,-0.419981451448,-0.419981451448,0.0,0.0,-0.015721369525132367,-0.0,0.0,-0.0,0.8716434925634908,1.571397725237124
2020-03-31,000985.CSI,中证全指,entry_frequency_inverse_sqrt_weekly_binary,challenger,-0.419981451448,-0.419981451448,0.0,0.0,0.0027192518497285434,0.0,0.0,0.0,0.874013710742948,1.571397725237124
2020-04-01,000985.CSI,中证全指,entry_frequency_inverse_sqrt_weekly_binary,challenger,-0.419981451448,-0.419981451448,0.0,0.0,-0.0039141607459957095,-0.0,0.0,-0.0,0.8705926805848959,1.571397725237124
2020-04-02,000985.CSI,中证全指,entry_frequency_inverse_sqrt_weekly_binary,challenger,-0.419981451448,-0.419981451448,0.0,0.0,0.020054845825044465,0.0,0.0,0.0,0.8880522825704382,1.571397725237124
2020-04-03,000985.CSI,中证全指,entry_frequency_inverse_sqrt_weekly_binary,challenger,-0.495076309149,-0.419981451448,0.0,0.0,-0.005858209095048195,-0.0,0.0,-0.0,0.8828498866118057,1.571397725237124
2020-04-07,000985.CSI,中证全指,entry_frequency_inverse_sqrt_weekly_binary,challenger,-0.335776059811,-0.335776059811,0.0,0.0,0.02768601385588143,0.0,0.0,0.0,0.9072924808052035,1.571397725237124
2020-04-08,000985.CSI,中证全指,entry_frequency_inverse_sqrt_weekly_binary,challenger,-0.26068120211,-0.335776059811,0.0,0.0,-0.0011996537206824254,-0.0,0.0,-0.0,0.9062040440048583,1.571397725237124
2020-04-09,000985.CSI,中证全指,entry_frequency_inverse_sqrt_weekly_binary,challenger,-0.26068120211,-0.335776059811,0.0,0.0,0.006576321240802319,0.0,0.0,0.0,0.9121635329079484,1.571397725237124
2020-04-10,000985.CSI,中证全指,entry_frequency_inverse_sqrt_weekly_binary,challenger,-0.180016385265,-0.335776059811,0.0,0.0,-0.015122698908091481,-0.0,0.0,-0.0,0.8983691584448404,1.571397725237124
2020-04-13,000985.CSI,中证全指,entry_frequency_inverse_sqrt_weekly_binary,challenger,-0.180016385265,-0.180016385265,0.0,0.0,-0.0066170983147831874,-0.0,0.0,-0.0,0.8924245614004419,1.571397725237124
2020-04-14,000985.CSI,中证全指,entry_frequency_inverse_sqrt_weekly_binary,challenger,0.078434571345,-0.180016385265,0.0,0.0,0.020345816870005695,0.0,0.0,0.0,0.9105816680969905,1.571397725237124
2020-04-15,000985.CSI,中证全指,entry_frequency_inverse_sqrt_weekly_binary,challenger,0.078434571345,-0.180016385265,0.0,0.0,-0.006255217477862174,-0.0,0.0,-0.0,0.9048857817316893,1.571397725237124
2020-04-16,000985.CSI,中证全指,entry_frequency_inverse_sqrt_weekly_binary,challenger,0.078434571345,-0.180016385265,0.0,0.0,0.004171938438969569,0.0,0.0,0.0,0.9086609095073728,1.571397725237124
2020-04-17,000985.CSI,中证全指,entry_frequency_inverse_sqrt_weekly_binary,challenger,0.003339713644,-0.180016385265,0.0,0.0,0.00521088192279584,0.0,0.0,0.0,0.913395834214676,1.571397725237124
2020-04-20,000985.CSI,中证全指,entry_frequency_inverse_sqrt_weekly_binary,challenger,0.003339713644,0.003339713644,1.0,1.0,0.008217931868488071,0.008217931868488071,0.0005,0.0077179318684880704,0.920902058949213,1.5835256658188015
2020-04-21,000985.CSI,中证全指,entry_frequency_inverse_sqrt_weekly_binary,challenger,0.003339713644,0.003339713644,1.0,0.0,-0.008895647160408582,-0.008895647160408582,0.0,-0.008895647160408582,0.912710039163507,1.5694391802262264
2020-04-22,000985.CSI,中证全指,entry_frequency_inverse_sqrt_weekly_binary,challenger,0.003339713644,0.003339713644,1.0,0.0,0.008738792715112131,0.008738792715112131,0.0,0.008738792715112131,0.9206860230047588,1.5831541839011989
2020-04-23,000985.CSI,中证全指,entry_frequency_inverse_sqrt_weekly_binary,challenger,0.003339713644,0.003339713644,1.0,0.0,-0.003913903475963543,-0.003913903475963543,0.0,-0.003913903475963543,0.9170825467790494,1.5769578712378418
2020-04-24,000985.CSI,中证全指,entry_frequency_inverse_sqrt_weekly_binary,challenger,0.003339713644,0.003339713644,1.0,0.0,-0.013103670594444394,-0.013103670594444394,0.0,-0.013103670594444394,0.9050653991781427,1.556293934751825
2020-04-27,000985.CSI,中证全指,entry_frequency_inverse_sqrt_weekly_binary,challenger,0.262626748039,0.262626748039,1.0,0.0,0.00136822480076626,0.00136822480076626,0.0,0.00136822480076626,0.9063037321036136,1.5584232947106345
2020-04-28,000985.CSI,中证全指,entry_frequency_inverse_sqrt_weekly_binary,challenger,0.262626748039,0.262626748039,1.0,0.0,-0.0026207658423975655,-0.0026207658423975655,0.0,-0.0026207658423975655,0.903928522239679,1.5543390321718602
2020-04-29,000985.CSI,中证全指,entry_frequency_inverse_sqrt_weekly_binary,challenger,0.262626748039,0.262626748039,1.0,0.0,0.0014653648390532403,0.0014653648390532403,0.0,0.0014653648390532403,0.9052531073131864,1.5566167059375728
2020-04-30,000985.CSI,中证全指,entry_frequency_inverse_sqrt_weekly_binary,challenger,0.262626748039,0.262626748039,1.0,0.0,0.0169766316860136,0.0169766316860136,0.0,0.0169766316860136,0.9206212558986617,1.5830428144305708
2020-05-06,000985.CSI,中证全指,entry_frequency_inverse_sqrt_weekly_binary,challenger,0.262626748039,0.262626748039,1.0,0.0,0.012267642581286431,0.012267642581286431,0.0,0.012267642581286431,0.9319151084187616,1.6024630178688788
2020-05-07,000985.CSI,中证全指,entry_frequency_inverse_sqrt_weekly_binary,challenger,0.232917633795,0.262626748039,1.0,0.0,-0.0021428614630265574,-0.0021428614630265574,0.0,-0.0021428614630265574,0.9299181434461188,1.5990291616219623
2020-05-08,000985.CSI,中证全指,entry_frequency_inverse_sqrt_weekly_binary,challenger,0.232917633795,0.262626748039,1.0,0.0,0.010431347013019954,0.010431347013019954,0.0,0.010431347013019954,0.9396184422941085,1.6157091896907794
2020-05-11,000985.CSI,中证全指,entry_frequency_inverse_sqrt_weekly_binary,challenger,0.232917633795,0.232917633795,1.0,0.0,-0.001467943105954439,-0.001467943105954439,0.0,-0.001467943105954439,0.9382391358795152,1.6133374205245457
2020-05-12,000985.CSI,中证全指,entry_frequency_inverse_sqrt_weekly_binary,challenger,0.117349086264,0.232917633795,1.0,0.0,0.001115549545425365,0.001115549545425365,0.0,0.001115549545425365,0.9392857881210459,1.6151371783506296
2020-05-13,000985.CSI,中证全指,entry_frequency_inverse_sqrt_weekly_binary,challenger,0.117349086264,0.232917633795,1.0,0.0,0.003916580354765387,0.003916580354765387,0.0,0.003916580354765387,0.9429645763863111,1.6214629928936088
2020-05-14,000985.CSI,中证全指,entry_frequency_inverse_sqrt_weekly_binary,challenger,0.117349086264,0.232917633795,1.0,0.0,-0.009870769583133487,-0.009870769583133487,0.0,-0.009870769583133487,0.9336567903277448,1.6054579053031781
2020-05-15,000985.CSI,中证全指,entry_frequency_inverse_sqrt_weekly_binary,challenger,0.117349086264,0.232917633795,1.0,0.0,0.0005371775829026149,0.0005371775829026149,0.0,0.0005371775829026149,0.9341583298256337,1.6063203213002009
2020-05-18,000985.CSI,中证全指,entry_frequency_inverse_sqrt_weekly_binary,challenger,0.117349086264,0.117349086264,1.0,0.0,-0.0010206104305717778,-0.0010206104305717778,0.0,-0.0010206104305717778,0.9332049180904082,1.6046808940254425
2020-05-19,000985.CSI,中证全指,entry_frequency_inverse_sqrt_weekly_binary,challenger,0.117349086264,0.117349086264,1.0,0.0,0.010458549978663134,0.010458549978663134,0.0,0.010458549978663134,0.942964888366591,1.6214635293554134
2020-05-20,000985.CSI,中证全指,entry_frequency_inverse_sqrt_weekly_binary,challenger,0.00994888007,0.117349086264,1.0,0.0,-0.007468770592678364,-0.007468770592678364,0.0,-0.007468770592678364,0.9359220999384303,1.6093531902302631
2020-05-21,000985.CSI,中证全指,entry_frequency_inverse_sqrt_weekly_binary,challenger,-0.070715936775,0.117349086264,1.0,0.0,-0.008390279103143716,-0.008390279103143716,0.0,-0.008390279103143716,0.9280694523011466,1.5958502677886965
2020-05-22,000985.CSI,中证全指,entry_frequency_inverse_sqrt_weekly_binary,challenger,0.417484700384,0.117349086264,1.0,0.0,-0.020618717272535614,-0.020618717272535614,0.0,-0.020618717272535614,0.9089338506548722,1.5629458823078612
2020-05-25,000985.CSI,中证全指,entry_frequency_inverse_sqrt_weekly_binary,challenger,0.31008449419,0.31008449419,1.0,0.0,0.00034106376885634226,0.00034106376885634226,0.0,0.00034106376885634226,0.9092438550596177,1.5634789465209997
2020-05-26,000985.CSI,中证全指,entry_frequency_inverse_sqrt_weekly_binary,challenger,0.417484700384,0.31008449419,1.0,0.0,0.016375200982880367,0.016375200982880367,0.0,0.016375200982880367,0.9241329059286679,1.589081228502783
2020-05-27,000985.CSI,中证全指,entry_frequency_inverse_sqrt_weekly_binary,challenger,0.417484700384,0.31008449419,1.0,0.0,-0.006730737960187749,-0.006730737960187749,0.0,-0.006730737960187749,0.9179128094984752,1.5783855391562776
2020-05-28,000985.CSI,中证全指,entry_frequency_inverse_sqrt_weekly_binary,challenger,0.492579558085,0.31008449419,1.0,0.0,0.00013348223706266538,0.00013348223706266538,0.0,0.00013348223706266538,0.9180353345537156,1.5785962255889916
2020-05-29,000985.CSI,中证全指,entry_frequency_inverse_sqrt_weekly_binary,challenger,0.373844162634,0.31008449419,1.0,0.0,0.005704216379199822,0.005704216379199822,0.0,0.005704216379199822,0.923272006745761,1.5876008800351393
2020-06-01,000985.CSI,中证全指,entry_frequency_inverse_sqrt_weekly_binary,challenger,0.373844162634,0.373844162634,1.0,0.0,0.02819434792500064,0.02819434792500064,0.0,0.02819434792500064,0.9493030589333645,1.6323622516128873
2020-06-02,000985.CSI,中证全指,entry_frequency_inverse_sqrt_weekly_binary,challenger,0.373844162634,0.373844162634,1.0,0.0,0.002164760856969705,0.002164760856969705,0.0,0.002164760856969705,0.9513580730367451,1.6358959255195737
2020-06-03,000985.CSI,中证全指,entry_frequency_inverse_sqrt_weekly_binary,challenger,0.382012503971,0.373844162634,1.0,0.0,0.00016405319835954835,0.00016405319835954835,0.0,0.00016405319835954835,0.951514146371412,1.6361642994783385
2020-06-04,000985.CSI,中证全指,entry_frequency_inverse_sqrt_weekly_binary,challenger,0.382012503971,0.373844162634,1.0,0.0,0.0008792587270773922,0.0008792587270773922,0.0,0.0008792587270773922,0.9523507734885466,1.6376029112175874
2020-06-05,000985.CSI,中证全指,entry_frequency_inverse_sqrt_weekly_binary,challenger,0.382012503971,0.373844162634,1.0,0.0,0.0028534807789708516,0.0028534807789708516,0.0,0.0028534807789708516,0.9550682881155341,1.6422757796483334
2020-06-08,000985.CSI,中证全指,entry_frequency_inverse_sqrt_weekly_binary,challenger,0.541312753309,0.541312753309,1.0,0.0,0.0014649067315346542,0.0014649067315346542,0.0,0.0014649067315346542,0.9564673740798698,1.6446815604929765
2020-06-09,000985.CSI,中证全指,entry_frequency_inverse_sqrt_weekly_binary,challenger,0.541312753309,0.541312753309,1.0,0.0,0.006250647602693116,0.006250647602693116,0.0,0.006250647602693116,0.9624459145787163,1.6549618853462655
2020-06-10,000985.CSI,中证全指,entry_frequency_inverse_sqrt_weekly_binary,challenger,0.541312753309,0.541312753309,1.0,0.0,-0.0005984739325315402,-0.0005984739325315402,0.0,-0.0005984739325315402,0.9618699157873695,1.6539714337985525
2020-06-11,000985.CSI,中证全指,entry_frequency_inverse_sqrt_weekly_binary,challenger,0.621977570154,0.541312753309,1.0,0.0,-0.0070337822600802236,-0.0070337822600802236,0.0,-0.0070337822600802236,0.9551043322371994,1.6423377588688208
2020-06-12,000985.CSI,中证全指,entry_frequency_inverse_sqrt_weekly_binary,challenger,0.740712965605,0.541312753309,1.0,0.0,0.0010511225925702306,0.0010511225925702306,0.0,0.0010511225925702306,0.9561082639790756,1.644064057191799
2020-06-15,000985.CSI,中证全指,entry_frequency_inverse_sqrt_weekly_binary,challenger,0.740712965605,0.740712965605,1.0,0.0,-0.006623239607507103,-0.006623239607507103,0.0,-0.006623239607507103,0.9497757298560244,1.6331750270109275
2020-06-16,000985.CSI,中证全指,entry_frequency_inverse_sqrt_weekly_binary,challenger,0.740712965605,0.740712965605,1.0,0.0,0.016795663199057342,0.016795663199057342,0.0,0.016795663199057342,0.9657278431293251,1.6606052847097144
2020-06-17,000985.CSI,中证全指,entry_frequency_inverse_sqrt_weekly_binary,challenger,0.740712965605,0.740712965605,1.0,0.0,0.002737779277887542,0.002737779277887542,0.0,0.002737779277887542,0.9683717928063237,1.6651516554469432
2020-06-18,000985.CSI,中证全指,entry_frequency_inverse_sqrt_weekly_binary,challenger,0.665618107904,0.740712965605,1.0,0.0,0.002503582583398778,0.002503582583398778,0.0,0.002503582583398778,0.9707961915610482,1.6693205001302378
2020-06-19,000985.CSI,中证全指,entry_frequency_inverse_sqrt_weekly_binary,challenger,0.665618107904,0.740712965605,1.0,0.0,0.010780865580063193,0.010780865580063193,0.0,0.010780865580063193,0.9812622148079052,1.6873172200521858
2020-06-22,000985.CSI,中证全指,entry_frequency_inverse_sqrt_weekly_binary,challenger,0.665618107904,0.665618107904,1.0,0.0,0.001702598928973842,0.001702598928973842,0.0,0.001702598928973842,0.9829329108038797,1.6901900445438858
2020-06-23,000985.CSI,中证全指,entry_frequency_inverse_sqrt_weekly_binary,challenger,0.665618107904,0.665618107904,1.0,0.0,0.003705888886347264,0.003705888886347264,0.0,0.003705888886347264,0.9865755509540527,1.6964537010457756
2020-06-24,000985.CSI,中证全指,entry_frequency_inverse_sqrt_weekly_binary,challenger,0.665618107904,0.665618107904,1.0,0.0,0.0010293348630210364,0.0010293348630210364,0.0,0.0010293348630210364,0.9875910675636539,1.6981999199837632
2020-06-29,000985.CSI,中证全指,entry_frequency_inverse_sqrt_weekly_binary,challenger,0.665618107904,0.665618107904,1.0,0.0,-0.005731083665742931,-0.005731083665742931,0.0,-0.005731083665742931,0.9819311005279062,1.6884673941611783
2020-06-30,000985.CSI,中证全指,entry_frequency_inverse_sqrt_weekly_binary,challenger,0.740712965605,0.665618107904,1.0,0.0,0.015163686759987804,0.015163686759987804,0.0,0.015163686759987804,0.9968207961562014,1.7140707848306913
2020-07-01,000985.CSI,中证全指,entry_frequency_inverse_sqrt_weekly_binary,challenger,0.740712965605,0.665618107904,1.0,0.0,0.01183993876033318,0.01183993876033318,0.0,0.01183993876033318,1.0086230933377174,1.734365277953963
2020-07-02,000985.CSI,中证全指,entry_frequency_inverse_sqrt_weekly_binary,challenger,0.740712965605,0.665618107904,1.0,0.0,0.01683483673220243,0.01683483673220243,0.0,0.01683483673220243,1.0256030984383868,1.7635630342423187
2020-07-03,000985.CSI,中证全指,entry_frequency_inverse_sqrt_weekly_binary,challenger,0.848113171799,0.665618107904,1.0,0.0,0.01566668001055671,0.01566668001055671,0.0,0.01566668001055671,1.0416708939994566,1.7911922119782395
2020-07-06,000985.CSI,中证全指,entry_frequency_inverse_sqrt_weekly_binary,challenger,0.848113171799,0.848113171799,1.0,0.0,0.04811011898789741,0.04811011898789741,0.0,0.04811011898789741,1.0917858046559998,1.8773666824267077
2020-07-07,000985.CSI,中证全指,entry_frequency_inverse_sqrt_weekly_binary,challenger,0.70839761064,0.848113171799,1.0,0.0,0.01002765701039876,0.01002765701039876,0.0,0.01002765701039876,1.1027338582339123,1.8961922716008328
2020-07-08,000985.CSI,中证全指,entry_frequency_inverse_sqrt_weekly_binary,challenger,0.70839761064,0.848113171799,1.0,0.0,0.01920183860240443,0.01920183860240443,0.0,0.01920183860240443,1.1239083758011266,1.9326026495592386
2020-07-09,000985.CSI,中证全指,entry_frequency_inverse_sqrt_weekly_binary,challenger,0.633302752939,0.848113171799,1.0,0.0,0.020384132699619917,0.020384132699619917,0.0,0.020384132699619917,1.146818273275671,1.971997078423491
2020-07-10,000985.CSI,中证全指,entry_frequency_inverse_sqrt_weekly_binary,challenger,0.633302752939,0.848113171799,1.0,0.0,-0.011071877119813944,-0.011071877119813944,0.0,-0.011071877119813944,1.1341208422752056,1.950163369090554
2020-07-13,000985.CSI,中证全指,entry_frequency_inverse_sqrt_weekly_binary,challenger,0.633302752939,0.633302752939,1.0,0.0,0.02772101488896994,0.02772101488896994,0.0,0.02772101488896994,1.1655598230298077,2.004223876881037
2020-07-14,000985.CSI,中证全指,entry_frequency_inverse_sqrt_weekly_binary,challenger,0.665618107904,0.633302752939,1.0,0.0,-0.009600701440925952,-0.009600701440925952,0.0,-0.009600701440925952,1.15436963115736,1.9849819218183273
2020-07-15,000985.CSI,中证全指,entry_frequency_inverse_sqrt_weekly_binary,challenger,0.665618107904,0.633302752939,1.0,0.0,-0.018805900639918827,-0.018805900639918827,0.0,-0.018805900639918827,1.1326606705720748,1.9476525490245769
2020-07-16,000985.CSI,中证全指,entry_frequency_inverse_sqrt_weekly_binary,challenger,0.740712965605,0.633302752939,1.0,0.0,-0.049024333892868754,-0.049024333892868754,0.0,-0.049024333892868754,1.0771327356706288,1.852170180153899
2020-07-17,000985.CSI,中证全指,entry_frequency_inverse_sqrt_weekly_binary,challenger,0.625144418074,0.633302752939,1.0,0.0,0.004627552359548037,0.004627552359548037,0.0,0.004627552359548037,1.0821172238031278,1.8607411946413548
2020-07-20,000985.CSI,中证全指,entry_frequency_inverse_sqrt_weekly_binary,challenger,0.625144418074,0.625144418074,1.0,0.0,0.030723249748141335,0.030723249748141335,0.0,0.030723249748141335,1.1153633815267967,1.917909211080976
2020-07-21,000985.CSI,中证全指,entry_frequency_inverse_sqrt_weekly_binary,challenger,0.506409022623,0.625144418074,1.0,0.0,0.004347038110487755,0.004347038110487755,0.0,0.004347038110487755,1.1202119086533362,1.9262464355140003
2020-07-22,000985.CSI,中证全指,entry_frequency_inverse_sqrt_weekly_binary,challenger,0.176293245981,0.625144418074,1.0,0.0,0.006336921826552988,0.006336921826552988,0.0,0.006336921826552988,1.1273106039476462,1.9384529085945288
2020-07-23,000985.CSI,中证全指,entry_frequency_inverse_sqrt_weekly_binary,challenger,0.176293245981,0.625144418074,1.0,0.0,-0.0004024829703025423,-0.0004024829703025423,0.0,-0.0004024829703025423,1.1268568806273158,1.937672714310086
2020-07-24,000985.CSI,中证全指,entry_frequency_inverse_sqrt_weekly_binary,challenger,0.176293245981,0.625144418074,1.0,0.0,-0.045930732578067346,-0.045930732578067346,0.0,-0.045930732578067346,1.0750995185894674,1.8486739870452915
2020-07-27,000985.CSI,中证全指,entry_frequency_inverse_sqrt_weekly_binary,challenger,0.068893039787,0.068893039787,1.0,0.0,0.0028517678135953073,0.0028517678135953073,0.0,0.0028517678135953073,1.0781654527929927,1.8539459760193782
2020-07-28,000985.CSI,中证全指,entry_frequency_inverse_sqrt_weekly_binary,challenger,-0.011771777058,0.068893039787,1.0,0.0,0.010004214270438627,0.010004214270438627,0.0,0.010004214270438627,1.0889516510017183,1.8724932488092936
2020-07-29,000985.CSI,中证全指,entry_frequency_inverse_sqrt_weekly_binary,challenger,-0.011771777058,0.068893039787,1.0,0.0,0.025655257390479136,0.025655257390479136,0.0,0.025655257390479136,1.1168889858939546,1.9205325450694304
2020-07-30,000985.CSI,中证全指,entry_frequency_inverse_sqrt_weekly_binary,challenger,0.095628429136,0.068893039787,1.0,0.0,-0.0033828690438989506,-0.0033828690438989506,0.0,-0.0033828690438989506,1.1131106967181021,1.9140356349749146
2020-07-31,000985.CSI,中证全指,entry_frequency_inverse_sqrt_weekly_binary,challenger,0.020533571435,0.068893039787,1.0,0.0,0.010767116755533213,0.010767116755533213,0.0,0.010767116755533213,1.125095689551499,1.9346442801309407
2020-08-03,000985.CSI,中证全指,entry_frequency_inverse_sqrt_weekly_binary,challenger,0.020533571435,0.020533571435,1.0,0.0,0.022101317474486182,0.022101317474486182,0.0,0.022101317474486182,1.1499617865754526,1.9774024675663133
2020-08-04,000985.CSI,中证全指,entry_frequency_inverse_sqrt_weekly_binary,challenger,0.020533571435,0.020533571435,1.0,0.0,-0.0029745097853741687,-0.0029745097853741687,0.0,-0.0029745097853741687,1.1465412139884774,1.9715206645769143
2020-08-05,000985.CSI,中证全指,entry_frequency_inverse_sqrt_weekly_binary,challenger,0.020533571435,0.020533571435,1.0,0.0,0.005877099915977402,0.005877099915977402,0.0,0.005877099915977402,1.1532795512608738,1.983107488509047
2020-08-06,000985.CSI,中证全指,entry_frequency_inverse_sqrt_weekly_binary,challenger,0.020533571435,0.020533571435,1.0,0.0,-0.001669316608871596,-0.001669316608871596,0.0,-0.001669316608871596,1.151354362551282,1.9797970542413013
2020-08-07,000985.CSI,中证全指,entry_frequency_inverse_sqrt_weekly_binary,challenger,0.020533571435,0.020533571435,1.0,0.0,-0.011903266419030722,-0.011903266419030722,0.0,-0.011903266419030722,1.137649484831121,1.9562310024490548
2020-08-10,000985.CSI,中证全指,entry_frequency_inverse_sqrt_weekly_binary,challenger,0.020533571435,0.020533571435,1.0,0.0,0.003988215761032032,0.003988215761032032,0.0,0.003988215761032032,1.1421866764370543,1.9640328737652415
2020-08-11,000985.CSI,中证全指,entry_frequency_inverse_sqrt_weekly_binary,challenger,-0.086866634759,0.020533571435,1.0,0.0,-0.013986395876837476,-0.013986395876837476,0.0,-0.013986395876837476,1.1262116014151564,1.936563132477638
2020-08-12,000985.CSI,中证全指,entry_frequency_inverse_sqrt_weekly_binary,challenger,-0.086866634759,0.020533571435,1.0,0.0,-0.009488162037338599,-0.009488162037338599,0.0,-0.009488162037338599,1.115525923252599,1.9181887076811541
2020-08-13,000985.CSI,中证全指,entry_frequency_inverse_sqrt_weekly_binary,challenger,-0.086866634759,0.020533571435,1.0,0.0,0.0005794970112862341,0.0005794970112862341,0.0,0.0005794970112862341,1.116172367191136,1.9193002923043383
2020-08-14,000985.CSI,中证全指,entry_frequency_inverse_sqrt_weekly_binary,challenger,-0.23875346296,0.020533571435,1.0,0.0,0.012110512288848518,0.012110512288848518,0.0,0.012110512288848518,1.1296897863604776,1.9425440020802804
2020-08-17,000985.CSI,中证全指,entry_frequency_inverse_sqrt_weekly_binary,challenger,-0.23875346296,-0.23875346296,0.0,1.0,0.021344095846628663,0.0,0.0005,-0.0005,1.153801993437513,1.9415727300792405
2020-08-18,000985.CSI,中证全指,entry_frequency_inverse_sqrt_weekly_binary,challenger,-0.23875346296,-0.23875346296,0.0,0.0,0.003769408197126678,0.0,0.0,0.0,1.1581511441294374,1.9415727300792405
2020-08-19,000985.CSI,中证全指,entry_frequency_inverse_sqrt_weekly_binary,challenger,-0.23875346296,-0.23875346296,0.0,0.0,-0.016832111665816107,-0.0,0.0,-0.0,1.1386570147455581,1.9415727300792405
2020-08-20,000985.CSI,中证全指,entry_frequency_inverse_sqrt_weekly_binary,challenger,-0.23875346296,-0.23875346296,0.0,0.0,-0.012641938987757118,-0.0,0.0,-0.0,1.1242621822371632,1.9415727300792405
2020-08-21,000985.CSI,中证全指,entry_frequency_inverse_sqrt_weekly_binary,challenger,-0.285836319216,-0.23875346296,0.0,0.0,0.007819591947628046,0.0,0.0,0.0,1.1330534537444077,1.9415727300792405
2020-08-24,000985.CSI,中证全指,entry_frequency_inverse_sqrt_weekly_binary,challenger,-0.285836319216,-0.285836319216,0.0,0.0,0.00790391688319625,0.0,0.0,0.0,1.142009014067022,1.9415727300792405
2020-08-25,000985.CSI,中证全指,entry_frequency_inverse_sqrt_weekly_binary,challenger,-0.285836319216,-0.285836319216,0.0,0.0,-0.0014275944652621941,-0.0,0.0,-0.0,1.1403786883192604,1.9415727300792405
2020-08-26,000985.CSI,中证全指,entry_frequency_inverse_sqrt_weekly_binary,challenger,-0.285836319216,-0.285836319216,0.0,0.0,-0.016271153537363525,-0.0,0.0,-0.0,1.1218234115908805,1.9415727300792405
2020-08-27,000985.CSI,中证全指,entry_frequency_inverse_sqrt_weekly_binary,challenger,-0.285836319216,-0.285836319216,0.0,0.0,0.00834996578522662,0.0,0.0,0.0,1.1311905986947306,1.9415727300792405
2020-08-28,000985.CSI,中证全指,entry_frequency_inverse_sqrt_weekly_binary,challenger,-0.285836319216,-0.285836319216,0.0,0.0,0.01886238740333468,0.0,0.0,0.0,1.1525275539943207,1.9415727300792405
2020-08-31,000985.CSI,中证全指,entry_frequency_inverse_sqrt_weekly_binary,challenger,-0.285836319216,-0.285836319216,0.0,0.0,-0.0029114756389334584,-0.0,0.0,-0.0,1.1491719980976667,1.9415727300792405
2020-09-01,000985.CSI,中证全指,entry_frequency_inverse_sqrt_weekly_binary,challenger,-0.178436113022,-0.285836319216,0.0,0.0,0.005662440695063609,0.0,0.0,0.0,1.1556791163853224,1.9415727300792405
2020-09-02,000985.CSI,中证全指,entry_frequency_inverse_sqrt_weekly_binary,challenger,-0.178436113022,-0.285836319216,0.0,0.0,0.0014740931918879596,0.0,0.0,0.0,1.157382695102793,1.9415727300792405
2020-09-03,000985.CSI,中证全指,entry_frequency_inverse_sqrt_weekly_binary,challenger,-0.33773636236,-0.285836319216,0.0,0.0,-0.007656614788859151,-0.0,0.0,-0.0,1.1485210616430994,1.9415727300792405
2020-09-04,000985.CSI,中证全指,entry_frequency_inverse_sqrt_weekly_binary,challenger,-0.33773636236,-0.285836319216,0.0,0.0,-0.006665924314202432,-0.0,0.0,-0.0,1.140865107172919,1.9415727300792405
2020-09-07,000985.CSI,中证全指,entry_frequency_inverse_sqrt_weekly_binary,challenger,-0.33773636236,-0.33773636236,0.0,0.0,-0.019946018751183403,-0.0,0.0,-0.0,1.118109390352677,1.9415727300792405
2020-09-08,000985.CSI,中证全指,entry_frequency_inverse_sqrt_weekly_binary,challenger,-0.603231435543,-0.33773636236,0.0,0.0,0.006131868212407188,0.0,0.0,0.0,1.1249654897813746,1.9415727300792405
2020-09-09,000985.CSI,中证全指,entry_frequency_inverse_sqrt_weekly_binary,challenger,-0.603231435543,-0.33773636236,0.0,0.0,-0.025955318468331323,-0.0,0.0,-0.0,1.0957666522282166,1.9415727300792405
2020-09-10,000985.CSI,中证全指,entry_frequency_inverse_sqrt_weekly_binary,challenger,-0.603231435543,-0.33773636236,0.0,0.0,-0.01428109134125588,-0.0,0.0,-0.0,1.0801179085790433,1.9415727300792405
2020-09-11,000985.CSI,中证全指,entry_frequency_inverse_sqrt_weekly_binary,challenger,-0.603231435543,-0.33773636236,0.0,0.0,0.012212232497448516,0.0,0.0,0.0,1.0933085596032683,1.9415727300792405
2020-09-14,000985.CSI,中证全指,entry_frequency_inverse_sqrt_weekly_binary,challenger,-0.603231435543,-0.603231435543,0.0,0.0,0.008741428956086095,0.0,0.0,0.0,1.1028656387041211,1.9415727300792405
2020-09-15,000985.CSI,中证全指,entry_frequency_inverse_sqrt_weekly_binary,challenger,-0.603231435543,-0.603231435543,0.0,0.0,0.006558079399102468,0.0,0.0,0.0,1.1100983191292846,1.9415727300792405
2020-09-16,000985.CSI,中证全指,entry_frequency_inverse_sqrt_weekly_binary,challenger,-0.603231435543,-0.603231435543,0.0,0.0,-0.007411114338889413,-0.0,0.0,-0.0,1.1018712535588084,1.9415727300792405
2020-09-17,000985.CSI,中证全指,entry_frequency_inverse_sqrt_weekly_binary,challenger,-0.487662888012,-0.603231435543,0.0,0.0,-0.0018730630612808774,-0.0,0.0,-0.0,1.09980737921548,1.9415727300792405
2020-09-18,000985.CSI,中证全指,entry_frequency_inverse_sqrt_weekly_binary,challenger,-0.487662888012,-0.603231435543,0.0,0.0,0.01876763340064902,0.0,0.0,0.0,1.1204481609199248,1.9415727300792405
2020-09-21,000985.CSI,中证全指,entry_frequency_inverse_sqrt_weekly_binary,challenger,-0.487662888012,-0.487662888012,0.0,0.0,-0.006021706812956551,-0.0,0.0,-0.0,1.1137011505957486,1.9415727300792405
2020-09-22,000985.CSI,中证全指,entry_frequency_inverse_sqrt_weekly_binary,challenger,-0.487662888012,-0.487662888012,0.0,0.0,-0.012640011172301957,-0.0,0.0,-0.0,1.0996239556096128,1.9415727300792405
2020-09-23,000985.CSI,中证全指,entry_frequency_inverse_sqrt_weekly_binary,challenger,-0.487662888012,-0.487662888012,0.0,0.0,0.004665473220876404,0.0,0.0,0.0,1.1047542217275437,1.9415727300792405
2020-09-24,000985.CSI,中证全指,entry_frequency_inverse_sqrt_weekly_binary,challenger,-0.335776059811,-0.487662888012,0.0,0.0,-0.02239326917014406,-0.0,0.0,-0.0,1.0800151630735457,1.9415727300792405
2020-09-25,000985.CSI,中证全指,entry_frequency_inverse_sqrt_weekly_binary,challenger,-0.335776059811,-0.487662888012,0.0,0.0,-0.0010433090336204875,-0.0,0.0,-0.0,1.078888373497464,1.9415727300792405
2020-09-28,000985.CSI,中证全指,entry_frequency_inverse_sqrt_weekly_binary,challenger,-0.335776059811,-0.335776059811,0.0,0.0,-0.004285627920792123,-0.0,0.0,-0.0,1.0742646593605851,1.9415727300792405
2020-09-29,000985.CSI,中证全指,entry_frequency_inverse_sqrt_weekly_binary,challenger,-0.335776059811,-0.335776059811,0.0,0.0,0.0059816919081912,0.0,0.0,0.0,1.0806905795807382,1.9415727300792405
2020-09-30,000985.CSI,中证全指,entry_frequency_inverse_sqrt_weekly_binary,challenger,-0.335776059811,-0.335776059811,0.0,0.0,-0.001269987610750034,-0.0,0.0,-0.0,1.0793181159336165,1.9415727300792405
2020-10-09,000985.CSI,中证全指,entry_frequency_inverse_sqrt_weekly_binary,challenger,-0.18388923161,-0.18388923161,0.0,0.0,0.025068903521657804,0.0,0.0,0.0,1.1063754376511339,1.9415727300792405
2020-10-12,000985.CSI,中证全指,entry_frequency_inverse_sqrt_weekly_binary,challenger,0.018953299192,0.018953299192,1.0,1.0,0.030548747258386078,0.030548747258386078,0.0005,0.030048747258386077,1.1401738212688246,1.9999145583291664
2020-10-13,000985.CSI,中证全指,entry_frequency_inverse_sqrt_weekly_binary,challenger,0.018953299192,0.018953299192,1.0,0.0,0.0032376062290520036,0.0032376062290520036,0.0,0.0032376062290520036,1.1438652551347666,2.0063894941607847
2020-10-14,000985.CSI,中证全指,entry_frequency_inverse_sqrt_weekly_binary,challenger,0.018953299192,0.018953299192,1.0,0.0,-0.0066964018654254165,-0.0066964018654254165,0.0,-0.0066964018654254165,1.1362054737064868,1.9929539038093165
2020-10-15,000985.CSI,中证全指,entry_frequency_inverse_sqrt_weekly_binary,challenger,0.158668860352,0.018953299192,1.0,0.0,-0.0048657376461128665,-0.0048657376461128665,0.0,-0.0048657376461128665,1.1306769959593537,1.983256712972584
2020-10-16,000985.CSI,中证全指,entry_frequency_inverse_sqrt_weekly_binary,challenger,0.158668860352,0.018953299192,1.0,0.0,-0.002149590712652527,-0.002149590712652527,0.0,-0.002149590712652527,1.1282465031898297,1.9789935227615723
2020-10-19,000985.CSI,中证全指,entry_frequency_inverse_sqrt_weekly_binary,challenger,0.158668860352,0.158668860352,1.0,0.0,-0.007603189681150813,-0.007603189681150813,0.0,-0.007603189681150813,1.1196682310189823,1.9639468596302472
2020-10-20,000985.CSI,中证全指,entry_frequency_inverse_sqrt_weekly_binary,challenger,0.158668860352,0.158668860352,1.0,0.0,0.009186919412383476,0.009186919412383476,0.0,0.009186919412383476,1.1299545328259597,1.981989481159874
2020-10-21,000985.CSI,中证全指,entry_frequency_inverse_sqrt_weekly_binary,challenger,0.158668860352,0.158668860352,1.0,0.0,-0.006816960578334252,-0.006816960578334252,0.0,-0.006816960578334252,1.122251677320375,1.968478337000134
2020-10-22,000985.CSI,中证全指,entry_frequency_inverse_sqrt_weekly_binary,challenger,0.158668860352,0.158668860352,1.0,0.0,-0.003934962677697551,-0.003934962677697551,0.0,-0.003934962677697551,1.117835658855136,1.9607324482121824
2020-10-23,000985.CSI,中证全指,entry_frequency_inverse_sqrt_weekly_binary,challenger,0.233763718052,0.158668860352,1.0,0.0,-0.014686328320423492,-0.014686328320423492,0.0,-0.014686328320423492,1.1014187573609124,1.9319364877292304
2020-10-26,000985.CSI,中证全指,entry_frequency_inverse_sqrt_weekly_binary,challenger,0.341163924246,0.341163924246,1.0,0.0,-0.0020332663018013397,-0.0020332663018013397,0.0,-0.0020332663018013397,1.0991792797173985,1.92800834637151
2020-10-27,000985.CSI,中证全指,entry_frequency_inverse_sqrt_weekly_binary,challenger,0.233763718052,0.341163924246,1.0,0.0,0.00229976261577014,0.00229976261577014,0.0,0.00229976261577014,1.1017071311329216,1.9324423078893882
2020-10-28,000985.CSI,中证全指,entry_frequency_inverse_sqrt_weekly_binary,challenger,0.341163924246,0.341163924246,1.0,0.0,0.005475831553600763,0.005475831553600763,0.0,0.005475831553600763,1.1077398938044063,1.943024036454442
2020-10-29,000985.CSI,中证全指,entry_frequency_inverse_sqrt_weekly_binary,challenger,0.233763718052,0.341163924246,1.0,0.0,0.003922298895014942,0.003922298895014942,0.0,0.003922298895014942,1.1120847807658394,1.9506451574856147
2020-10-30,000985.CSI,中证全指,entry_frequency_inverse_sqrt_weekly_binary,challenger,0.341163924246,0.341163924246,1.0,0.0,-0.019773085687754044,-0.019773085687754044,0.0,-0.019773085687754044,1.0900954331037094,1.9120748836402492
2020-11-02,000985.CSI,中证全指,entry_frequency_inverse_sqrt_weekly_binary,challenger,0.341163924246,0.341163924246,1.0,0.0,0.004914947788327018,0.004914947788327018,0.0,0.004914947788327018,1.095453195241708,1.9214726318607125
2020-11-03,000985.CSI,中证全指,entry_frequency_inverse_sqrt_weekly_binary,challenger,0.341163924246,0.341163924246,1.0,0.0,0.014593041858046218,0.014593041858046218,0.0,0.014593041858046218,1.1114391895734006,1.949512762406546
2020-11-04,000985.CSI,中证全指,entry_frequency_inverse_sqrt_weekly_binary,challenger,0.341163924246,0.341163924246,1.0,0.0,0.0032666295569623305,0.0032666295569623305,0.0,0.0032666295569623305,1.1150698496808273,1.9558810984178985
2020-11-05,000985.CSI,中证全指,entry_frequency_inverse_sqrt_weekly_binary,challenger,0.341163924246,0.341163924246,1.0,0.0,0.01635882934499855,0.01635882934499855,0.0,0.01635882934499855,1.1333110870595091,1.9878770235260252
2020-11-06,000985.CSI,中证全指,entry_frequency_inverse_sqrt_weekly_binary,challenger,0.233763718052,0.341163924246,1.0,0.0,-0.004586622235887572,-0.004586622235887572,0.0,-0.004586622235887572,1.128113017227424,1.9787593825677108
2020-11-09,000985.CSI,中证全指,entry_frequency_inverse_sqrt_weekly_binary,challenger,0.233763718052,0.233763718052,1.0,0.0,0.020673333858042042,0.020673333858042042,0.0,0.020673333858042042,1.1514348742621698,2.0196669359082664
2020-11-10,000985.CSI,中证全指,entry_frequency_inverse_sqrt_weekly_binary,challenger,0.233763718052,0.233763718052,1.0,0.0,-0.007584823561086362,-0.007584823561086362,0.0,-0.007584823561086362,1.1427014438988097,2.0043481185472425
2020-11-11,000985.CSI,中证全指,entry_frequency_inverse_sqrt_weekly_binary,challenger,0.233763718052,0.233763718052,1.0,0.0,-0.012431962975875122,-0.012431962975875122,0.0,-0.012431962975875122,1.1284954218557806,1.9794301369466982
2020-11-12,000985.CSI,中证全指,entry_frequency_inverse_sqrt_weekly_binary,challenger,0.233763718052,0.233763718052,1.0,0.0,0.0017207042417344276,0.0017207042417344276,0.0,0.0017207042417344276,1.1304372287149458,1.9828361507795593
2020-11-13,000985.CSI,中证全指,entry_frequency_inverse_sqrt_weekly_binary,challenger,0.39306396739,0.233763718052,1.0,0.0,-0.005955267482725679,-0.005955267482725679,0.0,-0.005955267482725679,1.1237051726455172,1.9710278311272489
2020-11-16,000985.CSI,中证全指,entry_frequency_inverse_sqrt_weekly_binary,challenger,0.39306396739,0.39306396739,1.0,0.0,0.009986765678095866,0.009986765678095866,0.0,0.009986765678095866,1.1349273528959922,1.9907120242217222
2020-11-17,000985.CSI,中证全指,entry_frequency_inverse_sqrt_weekly_binary,challenger,0.511799362841,0.39306396739,1.0,0.0,-0.005250382353786276,-0.005250382353786276,0.0,-0.005250382353786276,1.1289685503495177,1.9802600249382782
2020-11-18,000985.CSI,中证全指,entry_frequency_inverse_sqrt_weekly_binary,challenger,0.511799362841,0.39306396739,1.0,0.0,-0.00020887693826732168,-0.00020887693826732168,0.0,-0.00020887693826732168,1.1287327348553207,1.979846394287296
2020-11-19,000985.CSI,中证全指,entry_frequency_inverse_sqrt_weekly_binary,challenger,0.702199578324,0.39306396739,1.0,0.0,0.006003988212368583,0.006003988212368583,0.0,0.006003988212368583,1.1355096328903065,1.9917333687008973
2020-11-20,000985.CSI,中证全指,entry_frequency_inverse_sqrt_weekly_binary,challenger,0.627104720623,0.39306396739,1.0,0.0,0.005356985203477382,0.005356985203477382,0.0,0.005356985203477382,1.141592541192106,2.0024030548863
2020-11-23,000985.CSI,中证全指,entry_frequency_inverse_sqrt_weekly_binary,challenger,0.627104720623,0.627104720623,1.0,0.0,0.009202822503523,0.009202822503523,0.0,0.009202822503523,1.1520984147200426,2.020830814780931
2020-11-24,000985.CSI,中证全指,entry_frequency_inverse_sqrt_weekly_binary,challenger,0.734504926816,0.627104720623,1.0,0.0,-0.0032823370988255274,-0.0032823370988255274,0.0,-0.0032823370988255274,1.148316839351909,2.0141977668271256
2020-11-25,000985.CSI,中证全指,entry_frequency_inverse_sqrt_weekly_binary,challenger,0.653840109971,0.627104720623,1.0,0.0,-0.014950255410920654,-0.014950255410920654,0.0,-0.014950255410920654,1.1311492093109368,1.984084995764954
2020-11-26,000985.CSI,中证全指,entry_frequency_inverse_sqrt_weekly_binary,challenger,0.653840109971,0.627104720623,1.0,0.0,-0.0011054210644060314,-0.0011054210644060314,0.0,-0.0011054210644060314,1.1298988131479781,1.9818917464170636
2020-11-27,000985.CSI,中证全指,entry_frequency_inverse_sqrt_weekly_binary,challenger,0.653840109971,0.627104720623,1.0,0.0,0.006982357380214799,0.006982357380214799,0.0,0.006982357380214799,1.1377881704648578,1.9957300228794455
2020-11-30,000985.CSI,中证全指,entry_frequency_inverse_sqrt_weekly_binary,challenger,0.653840109971,0.653840109971,1.0,0.0,-0.00365183596645946,-0.00365183596645946,0.0,-0.00365183596645946,1.1336331547017422,1.9884419442025514
2020-12-01,000985.CSI,中证全指,entry_frequency_inverse_sqrt_weekly_binary,challenger,0.653840109971,0.653840109971,1.0,0.0,0.01836228389819161,0.01836228389819161,0.0,0.01836228389819161,1.1544492485247781,2.0249542796970705
2020-12-02,000985.CSI,中证全指,entry_frequency_inverse_sqrt_weekly_binary,challenger,0.728934967672,0.653840109971,1.0,0.0,0.0009427830667874115,0.0009427830667874115,0.0,0.0009427830667874115,1.1555376437277527,2.0268633723029876
2020-12-03,000985.CSI,中证全指,entry_frequency_inverse_sqrt_weekly_binary,challenger,0.728934967672,0.653840109971,1.0,0.0,-0.0014033210503592297,-0.0014033210503592297,0.0,-0.0014033210503592297,1.153916053427827,2.0240190322664326
2020-12-04,000985.CSI,中证全指,entry_frequency_inverse_sqrt_weekly_binary,challenger,0.728934967672,0.653840109971,1.0,0.0,0.0030467964810534376,0.0030467964810534376,0.0,0.0030467964810534376,1.157431800798842,2.0301858063315272
2020-12-07,000985.CSI,中证全指,entry_frequency_inverse_sqrt_weekly_binary,challenger,0.728934967672,0.728934967672,1.0,0.0,-0.005924102122656483,-0.005924102122656483,0.0,-0.005924102122656483,1.1505750566108994,2.0181587782868515
2020-12-08,000985.CSI,中证全指,entry_frequency_inverse_sqrt_weekly_binary,challenger,0.728934967672,0.728934967672,1.0,0.0,-0.0012069681263994214,-0.0012069681263994214,0.0,-0.0012069681263994214,1.1491863491905399,2.015722924967446
2020-12-09,000985.CSI,中证全指,entry_frequency_inverse_sqrt_weekly_binary,challenger,0.728934967672,0.728934967672,1.0,0.0,-0.015606963595497625,-0.015606963595497625,0.0,-0.015606963595497625,1.1312510396742803,1.9842636106588691
2020-12-10,000985.CSI,中证全指,entry_frequency_inverse_sqrt_weekly_binary,challenger,0.728934967672,0.728934967672,1.0,0.0,0.000320772887812959,0.000320772887812959,0.0,0.000320772887812959,1.131613914337118,1.9849001086274423
2020-12-11,000985.CSI,中证全指,entry_frequency_inverse_sqrt_weekly_binary,challenger,0.430871356246,0.728934967672,1.0,0.0,-0.012700606238565726,-0.012700606238565726,0.0,-0.012700606238565726,1.1172417315970402,1.9596906739248787
2020-12-14,000985.CSI,中证全指,entry_frequency_inverse_sqrt_weekly_binary,challenger,0.430871356246,0.430871356246,1.0,0.0,0.009338469391592108,0.009338469391592108,0.0,0.009338469391592108,1.1276750593105684,1.9779911853003147
2020-12-15,000985.CSI,中证全指,entry_frequency_inverse_sqrt_weekly_binary,challenger,0.152835711458,0.430871356246,1.0,0.0,0.002246720837770555,0.002246720837770555,0.0,0.002246720837770555,1.1302086303645555,1.9824351793132553
2020-12-16,000985.CSI,中证全指,entry_frequency_inverse_sqrt_weekly_binary,challenger,0.312135960795,0.430871356246,1.0,0.0,-0.00213051478395776,-0.00213051478395776,0.0,-0.00213051478395776,1.1278007041686071,1.9782115718554905
2020-12-17,000985.CSI,中证全指,entry_frequency_inverse_sqrt_weekly_binary,challenger,0.312135960795,0.430871356246,1.0,0.0,0.011296493299214783,0.011296493299214783,0.0,0.011296493299214783,1.1405408972660975,2.000558425621385
2020-12-18,000985.CSI,中证全指,entry_frequency_inverse_sqrt_weekly_binary,challenger,0.387230818496,0.430871356246,1.0,0.0,-0.0033070456252450864,-0.0033070456252450864,0.0,-0.0033070456252450864,1.1367690764813805,1.9939424876318868
2020-12-21,000985.CSI,中证全指,entry_frequency_inverse_sqrt_weekly_binary,challenger,0.387230818496,0.387230818496,1.0,0.0,0.013310898635596313,0.013310898635596313,0.0,0.013310898635596313,1.1519004944305045,2.0204836539699635
2020-12-22,000985.CSI,中证全指,entry_frequency_inverse_sqrt_weekly_binary,challenger,0.502799366028,0.387230818496,1.0,0.0,-0.018641908363332127,-0.018641908363332127,0.0,-0.018641908363332127,1.130426870969654,1.982817982843045
2020-12-23,000985.CSI,中证全指,entry_frequency_inverse_sqrt_weekly_binary,challenger,0.502799366028,0.387230818496,1.0,0.0,0.008388180497018949,0.008388180497018949,0.0,0.008388180497018949,1.139909095602028,1.9994502179758675
2020-12-24,000985.CSI,中证全指,entry_frequency_inverse_sqrt_weekly_binary,challenger,0.502799366028,0.387230818496,1.0,0.0,-0.008336631890802804,-0.008336631890802804,0.0,-0.008336631890802804,1.1304060930830158,1.9827815375246174
2020-12-25,000985.CSI,中证全指,entry_frequency_inverse_sqrt_weekly_binary,challenger,0.502799366028,0.387230818496,1.0,0.0,0.009333654119065171,0.009333654119065171,0.0,0.009333654119065171,1.1409569125699364,2.0012881345895406
2020-12-28,000985.CSI,中证全指,entry_frequency_inverse_sqrt_weekly_binary,challenger,0.502799366028,0.502799366028,1.0,0.0,-0.0003479217345629948,-0.0003479217345629948,0.0,-0.0003479217345629948,1.1405599488618534,2.000591842950394
2020-12-29,000985.CSI,中证全指,entry_frequency_inverse_sqrt_weekly_binary,challenger,0.502799366028,0.502799366028,1.0,0.0,-0.005357773382251296,-0.005357773382251296,0.0,-0.005357773382251296,1.1344490871269794,1.9898731252254853
2020-12-30,000985.CSI,中证全指,entry_frequency_inverse_sqrt_weekly_binary,challenger,0.502799366028,0.502799366028,1.0,0.0,0.012799291525934509,0.012799291525934509,0.0,0.012799291525934509,1.148969231714448,2.0153420914548685
2020-12-31,000985.CSI,中证全指,entry_frequency_inverse_sqrt_weekly_binary,challenger,0.502799366028,0.502799366028,1.0,0.0,0.017647514462487912,0.017647514462487912,0.0,0.017647514462487912,1.1692456828480824,2.050907870160679
2021-01-04,000985.CSI,中证全指,entry_frequency_inverse_sqrt_weekly_binary,challenger,0.502799366028,0.502799366028,1.0,0.0,0.016090299482251824,0.016090299482251824,0.0,0.016090299482251824,1.1880591960534381,2.0839075920020718
2021-01-05,000985.CSI,中证全指,entry_frequency_inverse_sqrt_weekly_binary,challenger,0.702199578324,0.502799366028,1.0,0.0,0.011989214423253625,0.011989214423253625,0.0,0.011989214423253625,1.2023030925024412,2.1088920069608306
2021-01-06,000985.CSI,中证全指,entry_frequency_inverse_sqrt_weekly_binary,challenger,0.702199578324,0.502799366028,1.0,0.0,0.0018411883732412093,0.0018411883732412093,0.0,0.0018411883732412093,1.2045167589774686,2.1127748744044683
2021-01-07,000985.CSI,中证全指,entry_frequency_inverse_sqrt_weekly_binary,challenger,0.702199578324,0.502799366028,1.0,0.0,0.00491080432206048,0.00491080432206048,0.0,0.00491080432206048,1.2104319050834493,2.1231502983892345
2021-01-08,000985.CSI,中证全指,entry_frequency_inverse_sqrt_weekly_binary,challenger,0.702199578324,0.502799366028,1.0,0.0,-0.0026034270876148513,-0.0026034270876148513,0.0,-0.0026034270876148513,1.2072806338740418,2.1176228313913303
2021-01-11,000985.CSI,中证全指,entry_frequency_inverse_sqrt_weekly_binary,challenger,0.702199578324,0.702199578324,1.0,0.0,-0.013427693656860806,-0.013427693656860806,0.0,-0.013427693656860806,1.1910696393645204,2.089188040730633
2021-01-12,000985.CSI,中证全指,entry_frequency_inverse_sqrt_weekly_binary,challenger,0.550312750122,0.702199578324,1.0,0.0,0.021714321596593145,0.021714321596593145,0.0,0.021714321596593145,1.2169329085576197,2.1345533417228144
2021-01-13,000985.CSI,中证全指,entry_frequency_inverse_sqrt_weekly_binary,challenger,0.550312750122,0.702199578324,1.0,0.0,-0.00662015753591072,-0.00662015753591072,0.0,-0.00662015753591072,1.2088766209923343,2.1204222623318048
2021-01-14,000985.CSI,中证全指,entry_frequency_inverse_sqrt_weekly_binary,challenger,0.550312750122,0.702199578324,1.0,0.0,-0.013258700011090307,-0.013258700011090307,0.0,-0.013258700011090307,1.1928484885241764,2.09230821965871
2021-01-15,000985.CSI,中证全指,entry_frequency_inverse_sqrt_weekly_binary,challenger,0.550312750122,0.702199578324,1.0,0.0,0.0008841523005866936,0.0008841523005866936,0.0,0.0008841523005866936,1.1939031482595563,2.0941581387846577
2021-01-18,000985.CSI,中证全指,entry_frequency_inverse_sqrt_weekly_binary,challenger,0.550312750122,0.550312750122,1.0,0.0,0.013455593765449025,0.013455593765449025,0.0,0.013455593765449025,1.2099678240178275,2.122336279980753
2021-01-19,000985.CSI,中证全指,entry_frequency_inverse_sqrt_weekly_binary,challenger,0.550312750122,0.550312750122,1.0,0.0,-0.010646666027333662,-0.010646666027333662,0.0,-0.010646666027333662,1.1970857006916902,2.0997404744101043
2021-01-20,000985.CSI,中证全指,entry_frequency_inverse_sqrt_weekly_binary,challenger,0.550312750122,0.550312750122,1.0,0.0,0.008479192422453874,0.008479192422453874,0.0,0.008479192422453874,1.2072360206940231,2.1175445779298423
2021-01-21,000985.CSI,中证全指,entry_frequency_inverse_sqrt_weekly_binary,challenger,0.550312750122,0.550312750122,1.0,0.0,0.013841032838235456,0.013841032838235456,0.0,0.013841032838235456,1.2239454140999497,2.146853581969397
2021-01-22,000985.CSI,中证全指,entry_frequency_inverse_sqrt_weekly_binary,challenger,0.550312750122,0.550312750122,1.0,0.0,0.00010552744785052859,0.00010552744785052859,0.0,0.00010552744785052859,1.224074573935808,2.1470801339488106
2021-01-25,000985.CSI,中证全指,entry_frequency_inverse_sqrt_weekly_binary,challenger,0.469647933277,0.469647933277,1.0,0.0,0.002835687193848635,0.002835687193848635,0.0,0.002835687193848635,1.2275456665294335,2.153168581588816
2021-01-26,000985.CSI,中证全指,entry_frequency_inverse_sqrt_weekly_binary,challenger,0.469647933277,0.469647933277,1.0,0.0,-0.01876905200950263,-0.01876905200950263,0.0,-0.01876905200950263,1.2045057980703031,2.1127556484957486
2021-01-27,000985.CSI,中证全指,entry_frequency_inverse_sqrt_weekly_binary,challenger,0.350912537826,0.469647933277,1.0,0.0,0.0025031861377715625,0.0025031861377715625,0.0,0.0025031861377715625,1.207520900286898,2.118044269147562
2021-01-28,000985.CSI,中证全指,entry_frequency_inverse_sqrt_weekly_binary,challenger,0.275817680126,0.469647933277,1.0,0.0,-0.024198726646430302,-0.024198726646430302,0.0,-0.024198726646430302,1.178300432101004,2.066790294853422
2021-01-29,000985.CSI,中证全指,entry_frequency_inverse_sqrt_weekly_binary,challenger,0.020533571435,0.469647933277,1.0,0.0,-0.008770906351407537,-0.008770906351407537,0.0,-0.008770906351407537,1.1679656693572231,2.0486626707292643
2021-02-01,000985.CSI,中证全指,entry_frequency_inverse_sqrt_weekly_binary,challenger,0.020533571435,0.020533571435,1.0,0.0,0.009297784224926664,0.009297784224926664,0.0,0.009297784224926664,1.1788251621330286,2.067710694191367
2021-02-02,000985.CSI,中证全指,entry_frequency_inverse_sqrt_weekly_binary,challenger,0.020533571435,0.020533571435,1.0,0.0,0.01312854581741596,0.01312854581741596,0.0,0.01312854581741596,1.1943014222848147,2.0948567287772195
2021-02-03,000985.CSI,中证全指,entry_frequency_inverse_sqrt_weekly_binary,challenger,0.020533571435,0.020533571435,1.0,0.0,-0.0062195709875283445,-0.0062195709875283445,0.0,-0.0062195709875283445,1.1868733798084083,2.081827618643888
2021-02-04,000985.CSI,中证全指,entry_frequency_inverse_sqrt_weekly_binary,challenger,0.235343990295,0.020533571435,1.0,0.0,-0.008076901731429054,-0.008076901731429054,0.0,-0.008076901731429054,1.1772871201520467,2.0650129015463268
2021-02-05,000985.CSI,中证全指,entry_frequency_inverse_sqrt_weekly_binary,challenger,0.235343990295,0.020533571435,1.0,0.0,-0.0056468880600495375,-0.0056468880600495375,0.0,-0.0056468880600495375,1.17063911157001,2.0533520048487364
2021-02-08,000985.CSI,中证全指,entry_frequency_inverse_sqrt_weekly_binary,challenger,0.235343990295,0.235343990295,1.0,0.0,0.013166161978715119,0.013166161978715119,0.0,0.013166161978715119,1.18605193573156,2.0803867699438943
2021-02-09,000985.CSI,中证全指,entry_frequency_inverse_sqrt_weekly_binary,challenger,0.127943784101,0.235343990295,1.0,0.0,0.021699671998402392,0.021699671998402392,0.0,0.021699671998402392,1.211788873710005,2.1255304804814927
2021-02-10,000985.CSI,中证全指,entry_frequency_inverse_sqrt_weekly_binary,challenger,0.127943784101,0.235343990295,1.0,0.0,0.015844751475311947,0.015844751475311947,0.0,0.015844751475311947,1.2309893672544883,2.159208982697922
2021-02-18,000985.CSI,中证全指,entry_frequency_inverse_sqrt_weekly_binary,challenger,0.127943784101,0.127943784101,1.0,0.0,0.0020306180243334637,0.0020306180243334637,0.0,0.0020306180243334637,1.2334890364513982,2.1635935113764915
2021-02-19,000985.CSI,中证全指,entry_frequency_inverse_sqrt_weekly_binary,challenger,-0.099037901801,0.127943784101,1.0,0.0,0.007893285052301247,0.007893285052301247,0.0,0.007893285052301247,1.2432253170249974,2.1806713716990953
2021-02-22,000985.CSI,中证全指,entry_frequency_inverse_sqrt_weekly_binary,challenger,-0.229106010726,-0.229106010726,0.0,1.0,-0.019017979421431574,-0.0,0.0005,-0.0005,1.2195816835296132,2.179581036013246
2021-02-23,000985.CSI,中证全指,entry_frequency_inverse_sqrt_weekly_binary,challenger,-0.154011153025,-0.229106010726,0.0,0.0,-0.0040671454267589,-0.0,0.0,-0.0,1.2146214674628868,2.179581036013246
2021-02-24,000985.CSI,中证全指,entry_frequency_inverse_sqrt_weekly_binary,challenger,-0.154011153025,-0.229106010726,0.0,0.0,-0.01929190375567358,-0.0,0.0,-0.0,1.1911891070130178,2.179581036013246
2021-02-25,000985.CSI,中证全指,entry_frequency_inverse_sqrt_weekly_binary,challenger,-0.154011153025,-0.229106010726,0.0,0.0,0.0004680096200735395,0.0,0.0,0.0,1.1917465949744268,2.179581036013246
2021-02-26,000985.CSI,中证全指,entry_frequency_inverse_sqrt_weekly_binary,challenger,-0.154011153025,-0.229106010726,0.0,0.0,-0.0195890754433955,-0.0,0.0,-0.0,1.1684013810160632,2.179581036013246
2021-03-01,000985.CSI,中证全指,entry_frequency_inverse_sqrt_weekly_binary,challenger,-0.154011153025,-0.154011153025,0.0,0.0,0.01888494897901971,0.0,0.0,0.0,1.1904665814835678,2.179581036013246
2021-03-02,000985.CSI,中证全指,entry_frequency_inverse_sqrt_weekly_binary,challenger,0.155124457908,-0.154011153025,0.0,0.0,-0.010109405728277565,-0.0,0.0,-0.0,1.1784316718053949,2.179581036013246
2021-03-03,000985.CSI,中证全指,entry_frequency_inverse_sqrt_weekly_binary,challenger,0.122809102943,-0.154011153025,0.0,0.0,0.016511848525255113,0.0,0.0,0.0,1.1978897570676088,2.179581036013246
2021-03-04,000985.CSI,中证全指,entry_frequency_inverse_sqrt_weekly_binary,challenger,0.015408896749,-0.154011153025,0.0,0.0,-0.025671846340033833,-0.0,0.0,-0.0,1.1671377152918687,2.179581036013246
2021-03-05,000985.CSI,中证全指,entry_frequency_inverse_sqrt_weekly_binary,challenger,0.004073707492,-0.154011153025,0.0,0.0,-0.0007204370480350386,-0.0,0.0,-0.0,1.1662968660416135,2.179581036013246
2021-03-08,000985.CSI,中证全指,entry_frequency_inverse_sqrt_weekly_binary,challenger,0.004073707492,0.004073707492,1.0,1.0,-0.028725891725744357,-0.028725891725744357,0.0005,-0.029225891725744357,1.1327939485476273,2.115880836647237
2021-03-09,000985.CSI,中证全指,entry_frequency_inverse_sqrt_weekly_binary,challenger,-0.103326498702,0.004073707492,1.0,0.0,-0.023743731948166702,-0.023743731948166702,0.0,-0.023743731948166702,1.105897192680807,2.0656419292276222
2021-03-10,000985.CSI,中证全指,entry_frequency_inverse_sqrt_weekly_binary,challenger,0.004073707492,0.004073707492,1.0,0.0,0.0008880698201170212,0.0008880698201170212,0.0,0.0008880698201170212,1.106879306601779,2.0674763634841375
2021-03-11,000985.CSI,中证全指,entry_frequency_inverse_sqrt_weekly_binary,challenger,0.004073707492,0.004073707492,1.0,0.0,0.02450515763110772,0.02450515763110772,0.0,0.02450515763110772,1.1340035584886667,2.1181401976699057
2021-03-12,000985.CSI,中证全指,entry_frequency_inverse_sqrt_weekly_binary,challenger,0.286028644619,0.004073707492,1.0,0.0,0.003095527951878063,0.003095527951878063,0.0,0.003095527951878063,1.1375138982014976,2.1246969598577894
2021-03-15,000985.CSI,中证全指,entry_frequency_inverse_sqrt_weekly_binary,challenger,0.286028644619,0.286028644619,1.0,0.0,-0.015917117108880996,-0.015917117108880996,0.0,-0.015917117108880996,1.1194079562708446,2.0908779095268497
2021-03-16,000985.CSI,中证全指,entry_frequency_inverse_sqrt_weekly_binary,challenger,0.40159719215,0.286028644619,1.0,0.0,0.00890472456411695,0.00890472456411695,0.0,0.00890472456411695,1.1293759757963175,2.109496601408383
2021-03-17,000985.CSI,中证全指,entry_frequency_inverse_sqrt_weekly_binary,challenger,0.40159719215,0.286028644619,1.0,0.0,0.005123907663659111,0.005123907663659111,0.0,0.005123907663659111,1.1351627940138527,2.1203054672108026
2021-03-18,000985.CSI,中证全指,entry_frequency_inverse_sqrt_weekly_binary,challenger,0.40159719215,0.286028644619,1.0,0.0,0.006503136834770107,0.006503136834770107,0.0,0.006503136834770107,1.1425449129930647,2.1340941037955856
2021-03-19,000985.CSI,中证全指,entry_frequency_inverse_sqrt_weekly_binary,challenger,0.279419478193,0.286028644619,1.0,0.0,-0.018880568285488897,-0.018880568285488897,0.0,-0.018880568285488897,1.1209730157440612,2.093801194341214
2021-03-22,000985.CSI,中证全指,entry_frequency_inverse_sqrt_weekly_binary,challenger,0.279419478193,0.279419478193,1.0,0.0,0.012388002599063475,0.012388002599063475,0.0,0.012388002599063475,1.1348596323765787,2.119739208978635
2021-03-23,000985.CSI,中证全指,entry_frequency_inverse_sqrt_weekly_binary,challenger,0.279419478193,0.279419478193,1.0,0.0,-0.010774666699704283,-0.010774666699704283,0.0,-0.010774666699704283,1.1226318980867722,2.0968997255115953
2021-03-24,000985.CSI,中证全指,entry_frequency_inverse_sqrt_weekly_binary,challenger,0.279419478193,0.279419478193,1.0,0.0,-0.014568966905148195,-0.014568966905148195,0.0,-0.014568966905148195,1.1062763111168823,2.0663500628072025
2021-03-25,000985.CSI,中证全指,entry_frequency_inverse_sqrt_weekly_binary,challenger,0.279419478193,0.279419478193,1.0,0.0,-0.0001718565069421807,-0.0001718565069421807,0.0,-0.0001718565069421807,1.1060861903343409,2.0659949471032886
2021-03-26,000985.CSI,中证全指,entry_frequency_inverse_sqrt_weekly_binary,challenger,0.279419478193,0.279419478193,1.0,0.0,0.02025101944164498,0.02025101944164498,0.0,0.02025101944164498,1.1284855632789366,2.1078334509434176
2021-03-29,000985.CSI,中证全指,entry_frequency_inverse_sqrt_weekly_binary,challenger,0.279419478193,0.279419478193,1.0,0.0,0.0019162681214666133,0.0019162681214666133,0.0,0.0019162681214666133,1.1306480441893834,2.1118726249908213
2021-03-30,000985.CSI,中证全指,entry_frequency_inverse_sqrt_weekly_binary,challenger,0.279419478193,0.279419478193,1.0,0.0,0.005017961695879869,0.005017961695879869,0.0,0.005017961695879869,1.1363215927666472,2.1224699209296025
2021-03-31,000985.CSI,中证全指,entry_frequency_inverse_sqrt_weekly_binary,challenger,0.360084295038,0.279419478193,1.0,0.0,-0.005442039258159115,-0.005442039258159115,0.0,-0.005442039258159115,1.1301376860489172,2.110919356295642
2021-04-01,000985.CSI,中证全指,entry_frequency_inverse_sqrt_weekly_binary,challenger,0.360084295038,0.279419478193,1.0,0.0,0.009938057466833294,0.009938057466833294,0.0,0.009938057466833294,1.1413690593183052,2.131897794166359
2021-04-02,000985.CSI,中证全指,entry_frequency_inverse_sqrt_weekly_binary,challenger,0.360084295038,0.279419478193,1.0,0.0,0.006741241833256195,0.006741241833256195,0.0,0.006741241833256195,1.1490633041681662,2.1462694327606195
2021-04-06,000985.CSI,中证全指,entry_frequency_inverse_sqrt_weekly_binary,challenger,0.360084295038,0.360084295038,1.0,0.0,0.0005059467568508946,0.0005059467568508946,0.0,0.0005059467568508946,1.1496446690203264,2.147355330819453
2021-04-07,000985.CSI,中证全指,entry_frequency_inverse_sqrt_weekly_binary,challenger,0.360084295038,0.360084295038,1.0,0.0,-0.0032948787289818204,-0.0032948787289818204,0.0,-0.0032948787289818204,1.145856729254484,2.14028005541637
2021-04-08,000985.CSI,中证全指,entry_frequency_inverse_sqrt_weekly_binary,challenger,0.360084295038,0.360084295038,1.0,0.0,-4.550508172151968e-05,-4.550508172151968e-05,0.0,-4.550508172151968e-05,1.1458045869503781,2.140182661797541
2021-04-09,000985.CSI,中证全指,entry_frequency_inverse_sqrt_weekly_binary,challenger,0.360084295038,0.360084295038,1.0,0.0,-0.009335718825408623,-0.009335718825408623,0.0,-0.009335718825408623,1.135107677497746,2.120202518231985
2021-04-12,000985.CSI,中证全指,entry_frequency_inverse_sqrt_weekly_binary,challenger,0.360084295038,0.360084295038,1.0,0.0,-0.01695599016225713,-0.01695599016225713,0.0,-0.01695599016225713,1.1158608028849917,2.0842523851908505
2021-04-13,000985.CSI,中证全指,entry_frequency_inverse_sqrt_weekly_binary,challenger,0.360084295038,0.360084295038,1.0,0.0,-0.0026435146185374014,-0.0026435146185374014,0.0,-0.0026435146185374014,1.1129110085403122,2.0787426335418773
2021-04-14,000985.CSI,中证全指,entry_frequency_inverse_sqrt_weekly_binary,challenger,0.360084295038,0.360084295038,1.0,0.0,0.010757368345895246,0.010757368345895246,0.0,0.010757368345895246,1.1248830021953822,2.101104433747204
2021-04-15,000985.CSI,中证全指,entry_frequency_inverse_sqrt_weekly_binary,challenger,0.360084295038,0.360084295038,1.0,0.0,-0.004772787061509964,-0.004772787061509964,0.0,-0.004772787061509964,1.1195141751567916,2.091076309690934
2021-04-16,000985.CSI,中证全指,entry_frequency_inverse_sqrt_weekly_binary,challenger,0.360084295038,0.360084295038,1.0,0.0,0.007070181567158551,0.007070181567158551,0.0,0.007070181567158551,1.1274293436421579,2.105860598871233
2021-04-19,000985.CSI,中证全指,entry_frequency_inverse_sqrt_weekly_binary,challenger,0.478819690489,0.478819690489,1.0,0.0,0.020864556376363197,0.020864556376363197,0.0,0.020864556376363197,1.1509526567429458,2.1497984460571438
2021-04-20,000985.CSI,中证全指,entry_frequency_inverse_sqrt_weekly_binary,challenger,0.478819690489,0.478819690489,1.0,0.0,-0.0013091241857277058,-0.0013091241857277058,0.0,-0.0013091241857277058,1.149445916783376,2.1469840929169703
2021-04-21,000985.CSI,中证全指,entry_frequency_inverse_sqrt_weekly_binary,challenger,0.600997404446,0.478819690489,1.0,0.0,0.0010146327580937697,0.0010146327580937697,0.0,0.0010146327580937697,1.1506121822642015,2.1491624933087503
2021-04-22,000985.CSI,中证全指,entry_frequency_inverse_sqrt_weekly_binary,challenger,0.600997404446,0.478819690489,1.0,0.0,0.0007484266031638764,0.0007484266031638764,0.0,0.0007484266031638764,1.1514733310313325,2.1507709836932647
2021-04-23,000985.CSI,中证全指,entry_frequency_inverse_sqrt_weekly_binary,challenger,0.70839761064,0.478819690489,1.0,0.0,0.0043157503936668284,0.0043157503936668284,0.0,0.0043157503936668284,1.1564428025130278,2.160053174412826
2021-04-26,000985.CSI,中证全指,entry_frequency_inverse_sqrt_weekly_binary,challenger,0.70839761064,0.70839761064,1.0,0.0,-0.008513476721927704,-0.008513476721927704,0.0,-0.008513476721927704,1.1465974536335923,2.1416636119943364
2021-04-27,000985.CSI,中证全指,entry_frequency_inverse_sqrt_weekly_binary,challenger,0.70839761064,0.70839761064,1.0,0.0,0.0004796986349786536,0.0004796986349786536,0.0,0.0004796986349786536,1.1471474748669703,2.1426909651055936
2021-04-28,000985.CSI,中证全指,entry_frequency_inverse_sqrt_weekly_binary,challenger,0.70839761064,0.70839761064,1.0,0.0,0.005985117489396785,0.005985117489396785,0.0,0.005985117489396785,1.154013287281714,2.1555152222752194
2021-04-29,000985.CSI,中证全指,entry_frequency_inverse_sqrt_weekly_binary,challenger,0.70839761064,0.70839761064,1.0,0.0,0.0043566796488738735,0.0043566796488738735,0.0,0.0043566796488738735,1.1590409534849442,2.164906111576944
2021-04-30,000985.CSI,中证全指,entry_frequency_inverse_sqrt_weekly_binary,challenger,0.358697145819,0.70839761064,1.0,0.0,-0.005097866559165665,-0.005097866559165665,0.0,-0.005097866559165665,1.15313231736747,2.1538697091070023
2021-05-06,000985.CSI,中证全指,entry_frequency_inverse_sqrt_weekly_binary,challenger,0.358697145819,0.358697145819,1.0,0.0,-0.006177023794609271,-0.006177023794609271,0.0,-0.006177023794609271,1.146009391604758,2.14056520466336
2021-05-07,000985.CSI,中证全指,entry_frequency_inverse_sqrt_weekly_binary,challenger,0.358697145819,0.358697145819,1.0,0.0,-0.011781741618996922,-0.011781741618996922,0.0,-0.011781741618996922,1.1325074050599269,2.115345618503401
2021-05-10,000985.CSI,中证全指,entry_frequency_inverse_sqrt_weekly_binary,challenger,0.358697145819,0.358697145819,1.0,0.0,0.001735012230189792,0.001735012230189792,0.0,0.001735012230189792,1.1344723192584862,2.1190157690225826
2021-05-11,000985.CSI,中证全指,entry_frequency_inverse_sqrt_weekly_binary,challenger,0.358697145819,0.358697145819,1.0,0.0,0.0033978309366073933,0.0033978309366073933,0.0,0.0033978309366073933,1.1383270644015875,2.1262158263577264
2021-05-12,000985.CSI,中证全指,entry_frequency_inverse_sqrt_weekly_binary,challenger,0.176202081924,0.358697145819,1.0,0.0,0.0070158036650787015,0.0070158036650787015,0.0,0.0070158036650787015,1.1463133435920745,2.1411329391450353
2021-05-13,000985.CSI,中证全指,entry_frequency_inverse_sqrt_weekly_binary,challenger,0.176202081924,0.358697145819,1.0,0.0,-0.009324136416450135,-0.009324136416450135,0.0,-0.009324136416450135,1.1356249616004248,2.121168723534692
2021-05-14,000985.CSI,中证全指,entry_frequency_inverse_sqrt_weekly_binary,challenger,0.176202081924,0.358697145819,1.0,0.0,0.01869545696258501,0.01869545696258501,0.0,0.01869545696258501,1.156855989195663,2.1608249421159162
2021-05-17,000985.CSI,中证全指,entry_frequency_inverse_sqrt_weekly_binary,challenger,0.176202081924,0.176202081924,1.0,0.0,0.008930488720998886,0.008930488720998886,0.0,0.008930488720998886,1.1671872785589947,2.1801221648895357
2021-05-18,000985.CSI,中证全指,entry_frequency_inverse_sqrt_weekly_binary,challenger,0.176202081924,0.176202081924,1.0,0.0,0.001860657981208158,0.001860657981208158,0.0,0.001860657981208158,1.1693590148844102,2.184178626595646
2021-05-19,000985.CSI,中证全指,entry_frequency_inverse_sqrt_weekly_binary,challenger,0.176202081924,0.176202081924,1.0,0.0,-0.0017926199501813178,-0.0017926199501813178,0.0,-0.0017926199501813178,1.167262798585404,2.180263224414851
2021-05-20,000985.CSI,中证全指,entry_frequency_inverse_sqrt_weekly_binary,challenger,0.024315253723,0.176202081924,1.0,0.0,0.0003505758379640511,0.0003505758379640511,0.0,0.0003505758379640511,1.1676720127191424,2.1810275720217325
2021-05-21,000985.CSI,中证全指,entry_frequency_inverse_sqrt_weekly_binary,challenger,0.024315253723,0.176202081924,1.0,0.0,-0.005620909519079453,-0.005620909519079453,0.0,-0.005620909519079453,1.1611086339876868,2.1687682133807806
2021-05-24,000985.CSI,中证全指,entry_frequency_inverse_sqrt_weekly_binary,challenger,0.024315253723,0.024315253723,1.0,0.0,0.005107059411089798,0.005107059411089798,0.0,0.005107059411089798,1.1670384847641913,2.1798442414953993
2021-05-25,000985.CSI,中证全指,entry_frequency_inverse_sqrt_weekly_binary,challenger,0.164030814883,0.024315253723,1.0,0.0,0.02227966533434711,0.02227966533434711,0.0,0.02227966533434711,1.193039711637041,2.2284104416769206
2021-05-26,000985.CSI,中证全指,entry_frequency_inverse_sqrt_weekly_binary,challenger,0.164030814883,0.024315253723,1.0,0.0,0.0013998810068891476,0.0013998810068891476,0.0,0.0013998810068891476,1.1947098252698263,2.2315299511297777
2021-05-27,000985.CSI,中证全指,entry_frequency_inverse_sqrt_weekly_binary,challenger,0.239125672584,0.024315253723,1.0,0.0,0.005579057395038278,0.005579057395038278,0.0,0.005579057395038278,1.2013751799554229,2.2439797848058776
2021-05-28,000985.CSI,中证全指,entry_frequency_inverse_sqrt_weekly_binary,challenger,0.239125672584,0.024315253723,1.0,0.0,-0.0019405466974843355,-0.0019405466974843355,0.0,-0.0019405466974843355,1.1990438553175207,2.2396252372452508
2021-05-31,000985.CSI,中证全指,entry_frequency_inverse_sqrt_weekly_binary,challenger,0.239125672584,0.239125672584,1.0,0.0,0.0076963249061148264,0.0076963249061148264,0.0,0.0076963249061148264,1.208272086404725,2.256862120739025
2021-06-01,000985.CSI,中证全指,entry_frequency_inverse_sqrt_weekly_binary,challenger,0.239125672584,0.239125672584,1.0,0.0,0.0027932472374447848,0.0027932472374447848,0.0,0.0027932472374447848,1.2116470890721567,2.263166094623073
2021-06-02,000985.CSI,中证全指,entry_frequency_inverse_sqrt_weekly_binary,challenger,0.239125672584,0.239125672584,1.0,0.0,-0.010039061077130262,-0.010039061077130262,0.0,-0.010039061077130262,1.1994832899410341,2.2404460319714614
2021-06-03,000985.CSI,中证全指,entry_frequency_inverse_sqrt_weekly_binary,challenger,0.239125672584,0.239125672584,1.0,0.0,-0.004574543396606345,-0.004574543396606345,0.0,-0.004574543396606345,1.1939962015776948,2.2301970143704533
2021-06-04,000985.CSI,中证全指,entry_frequency_inverse_sqrt_weekly_binary,challenger,0.239125672584,0.239125672584,1.0,0.0,0.004919549244719601,0.004919549244719601,0.0,0.004919549244719601,1.1998701246893644,2.2411685784080753
2021-06-07,000985.CSI,中证全指,entry_frequency_inverse_sqrt_weekly_binary,challenger,0.239125672584,0.239125672584,1.0,0.0,0.0019502611470918474,0.0019502611470918474,0.0,0.0019502611470918474,1.2022101847751023,2.2455394424106276
2021-06-08,000985.CSI,中证全指,entry_frequency_inverse_sqrt_weekly_binary,challenger,0.239125672584,0.239125672584,1.0,0.0,-0.0070638982378185,-0.0070638982378185,0.0,-0.0070638982378185,1.193717894369382,2.229677180300431
2021-06-09,000985.CSI,中证全指,entry_frequency_inverse_sqrt_weekly_binary,challenger,0.239125672584,0.239125672584,1.0,0.0,0.0014053755632719156,0.0014053755632719156,0.0,0.0014053755632719156,1.1953955163275691,2.23281071412361
2021-06-10,000985.CSI,中证全指,entry_frequency_inverse_sqrt_weekly_binary,challenger,0.004821729602,0.239125672584,1.0,0.0,0.00865224378969276,0.00865224378969276,0.0,0.00865224378969276,1.2057383697599409,2.2521295367584457
2021-06-11,000985.CSI,中证全指,entry_frequency_inverse_sqrt_weekly_binary,challenger,0.004821729602,0.239125672584,1.0,0.0,-0.007150487076875489,-0.007150487076875489,0.0,-0.007150487076875489,1.1971167531288796,2.2360257136104047
2021-06-15,000985.CSI,中证全指,entry_frequency_inverse_sqrt_weekly_binary,challenger,0.004821729602,0.004821729602,1.0,0.0,-0.009761849959400437,-0.009761849959400437,0.0,-0.009761849959400437,1.1854306790009508,2.2141979660887787
2021-06-16,000985.CSI,中证全指,entry_frequency_inverse_sqrt_weekly_binary,challenger,0.004821729602,0.004821729602,1.0,0.0,-0.017644966190466183,-0.017644966190466183,0.0,-0.017644966190466183,1.1645137947488375,2.1751285178381434
2021-06-17,000985.CSI,中证全指,entry_frequency_inverse_sqrt_weekly_binary,challenger,0.004821729602,0.004821729602,1.0,0.0,0.007930393867066288,0.007930393867066288,0.0,0.007930393867066288,1.173748847804828,2.192378143696088
2021-06-18,000985.CSI,中证全指,entry_frequency_inverse_sqrt_weekly_binary,challenger,0.004821729602,0.004821729602,1.0,0.0,0.004619359320123806,0.004619359320123806,0.0,0.004619359320123806,1.1791708154844198,2.2025055261074065
2021-06-21,000985.CSI,中证全指,entry_frequency_inverse_sqrt_weekly_binary,challenger,0.004821729602,0.004821729602,1.0,0.0,0.00373934058633707,0.00373934058633707,0.0,0.00373934058633707,1.1835801367729848,2.2107414444128115
2021-06-22,000985.CSI,中证全指,entry_frequency_inverse_sqrt_weekly_binary,challenger,-0.070273128099,0.004821729602,1.0,0.0,0.006089235378574198,0.006089235378574198,0.0,0.006089235378574198,1.1907872348152004,2.22420316942901
2021-06-23,000985.CSI,中证全指,entry_frequency_inverse_sqrt_weekly_binary,challenger,-0.070273128099,0.004821729602,1.0,0.0,0.006091627854293513,0.006091627854293513,0.0,0.006091627854293513,1.198041067503338,2.237752187409512
2021-06-24,000985.CSI,中证全指,entry_frequency_inverse_sqrt_weekly_binary,challenger,-0.070273128099,0.004821729602,1.0,0.0,-0.002503412699009333,-0.002503412699009333,0.0,-0.002503412699009333,1.1950418762810153,2.232150170166315
2021-06-25,000985.CSI,中证全指,entry_frequency_inverse_sqrt_weekly_binary,challenger,0.120127087383,0.004821729602,1.0,0.0,0.011543596833057723,0.011543596833057723,0.0,0.011543596833057723,1.2088369578994242,2.2579172118015562
2021-06-28,000985.CSI,中证全指,entry_frequency_inverse_sqrt_weekly_binary,challenger,0.120127087383,0.120127087383,1.0,0.0,0.004677961010023379,0.004677961010023379,0.0,0.004677961010023379,1.214491850055953,2.2684796604822246
2021-06-29,000985.CSI,中证全指,entry_frequency_inverse_sqrt_weekly_binary,challenger,0.120127087383,0.120127087383,1.0,0.0,-0.009208767489893743,-0.009208767489893743,0.0,-0.009208767489893743,1.2033078769904169,2.2475897587332905
2021-06-30,000985.CSI,中证全指,entry_frequency_inverse_sqrt_weekly_binary,challenger,0.120127087383,0.120127087383,1.0,0.0,0.00841555656808679,0.00841555656808679,0.0,0.00841555656808679,1.2134343824980542,2.266504477489763
2021-07-01,000985.CSI,中证全指,entry_frequency_inverse_sqrt_weekly_binary,challenger,0.120127087383,0.120127087383,1.0,0.0,-0.0055363146600060364,-0.0055363146600060364,0.0,-0.0055363146600060364,1.2067164279372748,2.2539563955240673
2021-07-02,000985.CSI,中证全指,entry_frequency_inverse_sqrt_weekly_binary,challenger,0.120127087383,0.120127087383,1.0,0.0,-0.019751673937862924,-0.019751673937862924,0.0,-0.019751673937862924,1.1828817585171951,2.2094369837295154
2021-07-05,000985.CSI,中证全指,entry_frequency_inverse_sqrt_weekly_binary,challenger,0.120127087383,0.120127087383,1.0,0.0,0.0058812358994817515,0.0058812358994817515,0.0,0.0058812358994817515,1.1898385651802286,2.222431203835868
2021-07-06,000985.CSI,中证全指,entry_frequency_inverse_sqrt_weekly_binary,challenger,0.120127087383,0.120127087383,1.0,0.0,-0.001835706794050318,-0.001835706794050318,0.0,-0.001835706794050318,1.1876543704423042,2.218351471775677
2021-07-07,000985.CSI,中证全指,entry_frequency_inverse_sqrt_weekly_binary,challenger,0.120127087383,0.120127087383,1.0,0.0,0.01247562776589839,0.01247562776589839,0.0,0.01247562776589839,1.2024711042824847,2.2460267989914833
2021-07-08,000985.CSI,中证全指,entry_frequency_inverse_sqrt_weekly_binary,challenger,0.120127087383,0.120127087383,1.0,0.0,-0.0056216089436668115,-0.0056216089436668115,0.0,-0.0056216089436668115,1.1957112819681495,2.2334005146505573
2021-07-09,000985.CSI,中证全指,entry_frequency_inverse_sqrt_weekly_binary,challenger,-0.002050626573,0.120127087383,1.0,0.0,0.0005457842200158325,0.0005457842200158325,0.0,0.0005457842200158325,1.1963638823175426,2.234619469408429
2021-07-12,000985.CSI,中证全指,entry_frequency_inverse_sqrt_weekly_binary,challenger,-0.002050626573,-0.002050626573,0.0,1.0,0.015260983224773206,0.0,0.0005,-0.0005,1.214621571456315,2.233502159673725
2021-07-13,000985.CSI,中证全指,entry_frequency_inverse_sqrt_weekly_binary,challenger,-0.002050626573,-0.002050626573,0.0,0.0,0.0036262290223356697,0.0,0.0,0.0,1.219026067449885,2.233502159673725
2021-07-14,000985.CSI,中证全指,entry_frequency_inverse_sqrt_weekly_binary,challenger,-0.002050626573,-0.002050626573,0.0,0.0,-0.010594067533064355,-0.0,0.0,-0.0,1.206111622966755,2.233502159673725
2021-07-15,000985.CSI,中证全指,entry_frequency_inverse_sqrt_weekly_binary,challenger,-0.002050626573,-0.002050626573,0.0,0.0,0.007961020593949097,0.0,0.0,0.0,1.2157135024357948,2.233502159673725
2021-07-16,000985.CSI,中证全指,entry_frequency_inverse_sqrt_weekly_binary,challenger,0.073044231128,-0.002050626573,0.0,0.0,-0.008488171355996554,-0.0,0.0,-0.0,1.205394317907321,2.233502159673725
2021-07-19,000985.CSI,中证全指,entry_frequency_inverse_sqrt_weekly_binary,challenger,0.073044231128,0.073044231128,1.0,1.0,0.0004789207160351694,0.0004789207160351694,0.0005,-2.107928396483062e-05,1.205971606217158,2.233455079047465
2021-07-20,000985.CSI,中证全指,entry_frequency_inverse_sqrt_weekly_binary,challenger,-0.034355975066,0.073044231128,1.0,0.0,0.0013146596293480695,0.0013146596293480695,0.0,0.0013146596293480695,1.2075570484019917,2.2363913122738515
2021-07-21,000985.CSI,中证全指,entry_frequency_inverse_sqrt_weekly_binary,challenger,0.073044231128,0.073044231128,1.0,0.0,0.01201320091767566,0.01201320091767566,0.0,0.01201320091767566,1.2220636738440003,2.2632575304387417
2021-07-22,000985.CSI,中证全指,entry_frequency_inverse_sqrt_weekly_binary,challenger,-0.034355975066,0.073044231128,1.0,0.0,0.003888743042823606,0.003888743042823606,0.0,0.003888743042823606,1.2268159654535487,2.2720587574143534
2021-07-23,000985.CSI,中证全指,entry_frequency_inverse_sqrt_weekly_binary,challenger,-0.034355975066,0.073044231128,1.0,0.0,-0.010999628466533129,-0.010999628466533129,0.0,-0.010999628466533129,1.2133214456367485,2.2470669552286626
2021-07-26,000985.CSI,中证全指,entry_frequency_inverse_sqrt_weekly_binary,challenger,-0.034355975066,-0.034355975066,0.0,1.0,-0.02378017558113632,-0.0,0.0005,-0.0005,1.1844684486231485,2.2459434217510483
2021-07-27,000985.CSI,中证全指,entry_frequency_inverse_sqrt_weekly_binary,challenger,-0.034355975066,-0.034355975066,0.0,0.0,-0.031128041522200056,-0.0,0.0,-0.0,1.1475982655726713,2.2459434217510483
2021-07-28,000985.CSI,中证全指,entry_frequency_inverse_sqrt_weekly_binary,challenger,-0.034355975066,-0.034355975066,0.0,0.0,-0.006479862316699725,-0.0,0.0,-0.0,1.140161986816877,2.2459434217510483
2021-07-29,000985.CSI,中证全指,entry_frequency_inverse_sqrt_weekly_binary,challenger,-0.034355975066,-0.034355975066,0.0,0.0,0.02500009805004444,0.0,0.0,0.0,1.1686661482802325,2.2459434217510483
2021-07-30,000985.CSI,中证全指,entry_frequency_inverse_sqrt_weekly_binary,challenger,0.232344480465,-0.034355975066,0.0,0.0,-0.0019923322225193774,-0.0,0.0,-0.0,1.1663377770556462,2.2459434217510483
2021-08-02,000985.CSI,中证全指,entry_frequency_inverse_sqrt_weekly_binary,challenger,0.049849416571,0.049849416571,1.0,1.0,0.02139404419699642,0.02139404419699642,0.0005,0.02089404419699642,1.1912904590066014,2.292870262869068
2021-08-03,000985.CSI,中证全指,entry_frequency_inverse_sqrt_weekly_binary,challenger,0.157249622764,0.049849416571,1.0,0.0,-0.00487307340442622,-0.00487307340442622,0.0,-0.00487307340442622,1.1854852131538696,2.2816969377712812
2021-08-04,000985.CSI,中证全指,entry_frequency_inverse_sqrt_weekly_binary,challenger,0.157249622764,0.049849416571,1.0,0.0,0.014177213395453636,0.014177213395453636,0.0,0.014177213395453636,1.2022920899979068,2.3140450421618177
2021-08-05,000985.CSI,中证全指,entry_frequency_inverse_sqrt_weekly_binary,challenger,0.272818170296,0.049849416571,1.0,0.0,-0.005511817616386083,-0.005511817616386083,0.0,-0.005511817616386083,1.1956652752762147,2.301290447933319
2021-08-06,000985.CSI,中证全指,entry_frequency_inverse_sqrt_weekly_binary,challenger,0.165417964102,0.049849416571,1.0,0.0,-0.0018364326976518797,-0.0018364326976518797,0.0,-0.0018364326976518797,1.1934695164692506,2.2970642829079404
2021-08-09,000985.CSI,中证全指,entry_frequency_inverse_sqrt_weekly_binary,challenger,0.240512821803,0.240512821803,1.0,0.0,0.008301022225291721,0.008301022225291721,0.0,0.008301022225291721,1.20337653345067,2.316132264573283
2021-08-10,000985.CSI,中证全指,entry_frequency_inverse_sqrt_weekly_binary,challenger,0.240512821803,0.240512821803,1.0,0.0,0.00888871636009747,0.00888871636009747,0.0,0.00888871636009747,1.2140730061309104,2.3367197073255452
2021-08-11,000985.CSI,中证全指,entry_frequency_inverse_sqrt_weekly_binary,challenger,0.240512821803,0.240512821803,1.0,0.0,0.0007788759188731564,0.0007788759188731564,0.0,0.0007788759188731564,1.2150186183591396,2.3385397220347373
2021-08-12,000985.CSI,中证全指,entry_frequency_inverse_sqrt_weekly_binary,challenger,0.240512821803,0.240512821803,1.0,0.0,-0.003017817318753613,-0.003017817318753613,0.0,-0.003017817318753613,1.2113519141300473,2.3314824363609876
2021-08-13,000985.CSI,中证全指,entry_frequency_inverse_sqrt_weekly_binary,challenger,0.347913027997,0.240512821803,1.0,0.0,-0.00333832665822531,-0.00333832665822531,0.0,-0.00333832665822531,1.2073080257426148,2.3236991863904994
2021-08-16,000985.CSI,中证全指,entry_frequency_inverse_sqrt_weekly_binary,challenger,0.347913027997,0.347913027997,1.0,0.0,-0.00429084379496969,-0.00429084379496969,0.0,-0.00429084379496969,1.20212765559174,2.3137285561551995
2021-08-17,000985.CSI,中证全指,entry_frequency_inverse_sqrt_weekly_binary,challenger,0.267248211151,0.347913027997,1.0,0.0,-0.023058690425447503,-0.023058690425447503,0.0,-0.023058690425447503,1.174408166129581,2.260377005650299
2021-08-18,000985.CSI,中证全指,entry_frequency_inverse_sqrt_weekly_binary,challenger,0.267248211151,0.347913027997,1.0,0.0,0.010108491025493382,0.010108491025493382,0.0,0.010108491025493382,1.1862796605371682,2.2832260063261467
2021-08-19,000985.CSI,中证全指,entry_frequency_inverse_sqrt_weekly_binary,challenger,0.267248211151,0.347913027997,1.0,0.0,-0.0015609538076298834,-0.0015609538076298834,0.0,-0.0015609538076298834,1.1844279327841387,2.2796619959978925
2021-08-20,000985.CSI,中证全指,entry_frequency_inverse_sqrt_weekly_binary,challenger,0.374648417345,0.347913027997,1.0,0.0,-0.012025988963470624,-0.012025988963470624,0.0,-0.012025988963470624,1.1701840155364502,2.2522468059935785
2021-08-23,000985.CSI,中证全指,entry_frequency_inverse_sqrt_weekly_binary,challenger,0.493383812796,0.493383812796,1.0,0.0,0.018585164234808715,0.018585164234808715,0.0,0.018585164234808715,1.1919320776501432,2.2941051827802927
2021-08-24,000985.CSI,中证全指,entry_frequency_inverse_sqrt_weekly_binary,challenger,0.493383812796,0.493383812796,1.0,0.0,0.00965801505474384,0.00965801505474384,0.0,0.00965801505474384,1.2034437756003205,2.316261685172751
2021-08-25,000985.CSI,中证全指,entry_frequency_inverse_sqrt_weekly_binary,challenger,0.493383812796,0.493383812796,1.0,0.0,0.005298857370365839,0.005298857370365839,0.0,0.005298857370365839,1.209820652520481,2.3285352254749245
2021-08-26,000985.CSI,中证全指,entry_frequency_inverse_sqrt_weekly_binary,challenger,0.696226343598,0.493383812796,1.0,0.0,-0.01433730095264718,-0.01433730095264718,0.0,-0.01433730095264718,1.192475089726567,2.2951503151684505
2021-08-27,000985.CSI,中证全指,entry_frequency_inverse_sqrt_weekly_binary,challenger,0.696226343598,0.493383812796,1.0,0.0,0.00413898123591494,0.00413898123591494,0.0,0.00413898123591494,1.1974107217472412,2.3046498992565367
2021-08-30,000985.CSI,中证全指,entry_frequency_inverse_sqrt_weekly_binary,challenger,0.696226343598,0.696226343598,1.0,0.0,0.0009895006661460037,0.0009895006661460037,0.0,0.0009895006661460037,1.1985955604540603,2.3069303518670843
2021-08-31,000985.CSI,中证全指,entry_frequency_inverse_sqrt_weekly_binary,challenger,0.580657796067,0.696226343598,1.0,0.0,-0.0006223490839910584,-0.0006223490839910584,0.0,-0.0006223490839910584,1.197849615604936,2.3054946358757684
2021-09-01,000985.CSI,中证全指,entry_frequency_inverse_sqrt_weekly_binary,challenger,0.390257580584,0.696226343598,1.0,0.0,0.0004536870419591388,0.0004536870419591388,0.0,0.0004536870419591388,1.1983930644537517,2.3065406089173717
2021-09-02,000985.CSI,中证全指,entry_frequency_inverse_sqrt_weekly_binary,challenger,0.390257580584,0.696226343598,1.0,0.0,0.006354708531830067,0.006354708531830067,0.0,0.006354708531830067,1.206008503084922,2.3211980022038716
2021-09-03,000985.CSI,中证全指,entry_frequency_inverse_sqrt_weekly_binary,challenger,0.390257580584,0.696226343598,1.0,0.0,-0.005278672566208398,-0.005278672566208398,0.0,-0.005278672566208398,1.1996423790850734,2.3089451579889
2021-09-06,000985.CSI,中证全指,entry_frequency_inverse_sqrt_weekly_binary,challenger,0.390257580584,0.390257580584,1.0,0.0,0.016286307125881416,0.016286307125881416,0.0,0.016286307125881416,1.219180123312076,2.346549347968724
2021-09-07,000985.CSI,中证全指,entry_frequency_inverse_sqrt_weekly_binary,challenger,0.390257580584,0.390257580584,1.0,0.0,0.014012489718625343,0.014012489718625343,0.0,0.014012489718625343,1.236263872255139,2.379430346581383
2021-09-08,000985.CSI,中证全指,entry_frequency_inverse_sqrt_weekly_binary,challenger,0.390257580584,0.390257580584,1.0,0.0,-3.307563721921536e-05,-3.307563721921536e-05,0.0,-3.307563721921536e-05,1.236222982039793,2.3793516454064507
2021-09-09,000985.CSI,中证全指,entry_frequency_inverse_sqrt_weekly_binary,challenger,0.315162722883,0.390257580584,1.0,0.0,0.0017934620930060152,0.0017934620930060152,0.0,0.0017934620930060152,1.2384401010965842,2.3836189223884188
2021-09-10,000985.CSI,中证全指,entry_frequency_inverse_sqrt_weekly_binary,challenger,0.315162722883,0.390257580584,1.0,0.0,0.004356951722866986,0.004356951722866986,0.0,0.004356951722866986,1.2438359248287245,2.3940042349589774
2021-09-13,000985.CSI,中证全指,entry_frequency_inverse_sqrt_weekly_binary,challenger,0.467049551084,0.467049551084,1.0,0.0,0.0002347518168810403,0.0002347518168810403,0.0,0.0002347518168810403,1.24412791757198,2.394566231802755
2021-09-14,000985.CSI,中证全指,entry_frequency_inverse_sqrt_weekly_binary,challenger,0.467049551084,0.467049551084,1.0,0.0,-0.01022912595507186,-0.01022912595507186,0.0,-0.01022912595507186,1.2314015763989148,2.370071912209883
2021-09-15,000985.CSI,中证全指,entry_frequency_inverse_sqrt_weekly_binary,challenger,0.467049551084,0.467049551084,1.0,0.0,-0.0017844215479035919,-0.0017844215479035919,0.0,-0.0017844215479035919,1.229204236891866,2.3658427048196544
2021-09-16,000985.CSI,中证全指,entry_frequency_inverse_sqrt_weekly_binary,challenger,0.467049551084,0.467049551084,1.0,0.0,-0.017412493750221247,-0.017412493750221247,0.0,-0.017412493750221247,1.207800725799241,2.3246474835079756
2021-09-17,000985.CSI,中证全指,entry_frequency_inverse_sqrt_weekly_binary,challenger,0.35964934489,0.467049551084,1.0,0.0,0.003566030439317247,0.003566030439317247,0.0,0.003566030439317247,1.2121077799520705,2.332937247194847
2021-09-22,000985.CSI,中证全指,entry_frequency_inverse_sqrt_weekly_binary,challenger,0.237471630934,0.237471630934,1.0,0.0,-0.00053951659642415,-0.00053951659642415,0.0,-0.00053951659642415,1.2114538276881315,2.3316785888315694
2021-09-23,000985.CSI,中证全指,entry_frequency_inverse_sqrt_weekly_binary,challenger,0.237471630934,0.237471630934,1.0,0.0,0.005049457433211613,0.005049457433211613,0.0,0.005049457433211613,1.217571012223344,2.3434523006138055
2021-09-24,000985.CSI,中证全指,entry_frequency_inverse_sqrt_weekly_binary,challenger,0.237471630934,0.237471630934,1.0,0.0,-0.007877006328307679,-0.007877006328307679,0.0,-0.007877006328307679,1.2079801976548967,2.3249929120117834
2021-09-27,000985.CSI,中证全指,entry_frequency_inverse_sqrt_weekly_binary,challenger,-0.07166398,-0.07166398,0.0,1.0,-0.011048415208895435,-0.0,0.0005,-0.0005,1.194633930867082,2.3238304155557774
2021-09-28,000985.CSI,中证全指,entry_frequency_inverse_sqrt_weekly_binary,challenger,0.003430877701,-0.07166398,0.0,0.0,0.0015584120562512904,0.0,0.0,0.0,1.196495662787752,2.3238304155557774
2021-09-29,000985.CSI,中证全指,entry_frequency_inverse_sqrt_weekly_binary,challenger,0.003430877701,-0.07166398,0.0,0.0,-0.01969130710537481,-0.0,0.0,-0.0,1.1729350992415495,2.3238304155557774
2021-09-30,000985.CSI,中证全指,entry_frequency_inverse_sqrt_weekly_binary,challenger,0.003430877701,-0.07166398,0.0,0.0,0.014893445170133468,0.0,0.0,0.0,1.1904041438302286,2.3238304155557774
2021-10-08,000985.CSI,中证全指,entry_frequency_inverse_sqrt_weekly_binary,challenger,0.003430877701,0.003430877701,1.0,1.0,0.008008269685046754,0.008008269685046754,0.0005,0.007508269685046753,1.1999372212482182,2.3412783610180847
2021-10-11,000985.CSI,中证全指,entry_frequency_inverse_sqrt_weekly_binary,challenger,-0.155869371636,-0.155869371636,0.0,1.0,-0.0019759958134215605,-0.0,0.0005,-0.0005,1.1975661503226631,2.3401077218375756
2021-10-12,000985.CSI,中证全指,entry_frequency_inverse_sqrt_weekly_binary,challenger,-0.236534188482,-0.155869371636,0.0,0.0,-0.015533614854112976,-0.0,0.0,-0.0,1.178963618981228,2.3401077218375756
2021-10-13,000985.CSI,中证全指,entry_frequency_inverse_sqrt_weekly_binary,challenger,-0.311629046183,-0.155869371636,0.0,0.0,0.009667047405494733,0.0,0.0,0.0,1.1903607161752732,2.3401077218375756
2021-10-14,000985.CSI,中证全指,entry_frequency_inverse_sqrt_weekly_binary,challenger,-0.152328796845,-0.155869371636,0.0,0.0,0.00034282969791066265,0.0,0.0,0.0,1.1907688071800042,2.3401077218375756
2021-10-15,000985.CSI,中证全指,entry_frequency_inverse_sqrt_weekly_binary,challenger,-0.259729003039,-0.155869371636,0.0,0.0,0.002755531197019989,0.0,0.0,0.0,1.194050007776627,2.3401077218375756
2021-10-18,000985.CSI,中证全指,entry_frequency_inverse_sqrt_weekly_binary,challenger,-0.144160455508,-0.144160455508,0.0,0.0,-0.0007422415922527792,-0.0,0.0,-0.0,1.1931637341976253,2.3401077218375756
2021-10-19,000985.CSI,中证全指,entry_frequency_inverse_sqrt_weekly_binary,challenger,-0.069065597807,-0.144160455508,0.0,0.0,0.008517278677403262,0.0,0.0,0.0,1.2033262422295576,2.3401077218375756
2021-10-20,000985.CSI,中证全指,entry_frequency_inverse_sqrt_weekly_binary,challenger,-0.069065597807,-0.144160455508,0.0,0.0,-0.0011199207409861023,-0.0,0.0,-0.0,1.2019786122127118,2.3401077218375756
2021-10-21,000985.CSI,中证全指,entry_frequency_inverse_sqrt_weekly_binary,challenger,-0.069065597807,-0.144160455508,0.0,0.0,0.0006701552554315704,0.0,0.0,0.0,1.2027841244966024,2.3401077218375756
2021-10-22,000985.CSI,中证全指,entry_frequency_inverse_sqrt_weekly_binary,challenger,-0.069065597807,-0.144160455508,0.0,0.0,-0.0013043098962014499,-0.0,0.0,-0.0,1.2012153212600276,2.3401077218375756
2021-10-25,000985.CSI,中证全指,entry_frequency_inverse_sqrt_weekly_binary,challenger,0.145734814581,0.145734814581,1.0,1.0,0.007743723433511596,0.007743723433511596,0.0005,0.007243723433511595,1.210517200491962,2.357058814979192
2021-10-26,000985.CSI,中证全指,entry_frequency_inverse_sqrt_weekly_binary,challenger,0.267912528538,0.145734814581,1.0,0.0,-0.0031235040687268567,-0.0031235040687268567,0.0,-0.0031235040687268567,1.2067361450909615,2.349696532180376
2021-10-27,000985.CSI,中证全指,entry_frequency_inverse_sqrt_weekly_binary,challenger,0.267912528538,0.145734814581,1.0,0.0,-0.010715888368369453,-0.010715888368369453,0.0,-0.010715888368369453,1.1938048952700904,2.324517446441986
2021-10-28,000985.CSI,中证全指,entry_frequency_inverse_sqrt_weekly_binary,challenger,0.386647923988,0.145734814581,1.0,0.0,-0.012498864509333685,-0.012498864509333685,0.0,-0.012498864509333685,1.1788836896335302,2.2954636178293253
2021-10-29,000985.CSI,中证全指,entry_frequency_inverse_sqrt_weekly_binary,challenger,0.204152860094,0.145734814581,1.0,0.0,0.012742559929985298,0.012742559929985298,0.0,0.012742559929985298,1.1939056856991677,2.3247137005466163
2021-11-01,000985.CSI,中证全指,entry_frequency_inverse_sqrt_weekly_binary,challenger,0.311553066287,0.311553066287,1.0,0.0,0.00218943489654011,0.00218943489654011,0.0,0.00218943489654011,1.196519664470615,2.329803509847058
2021-11-02,000985.CSI,中证全指,entry_frequency_inverse_sqrt_weekly_binary,challenger,0.311553066287,0.311553066287,1.0,0.0,-0.010173284184463283,-0.010173284184463283,0.0,-0.010173284184463283,1.1843471298916568,2.306101756647424
2021-11-03,000985.CSI,中证全指,entry_frequency_inverse_sqrt_weekly_binary,challenger,0.467312740834,0.311553066287,1.0,0.0,-0.001098617898678822,-0.001098617898678822,0.0,-0.001098617898678822,1.183045984936509,2.303568231981396
2021-11-04,000985.CSI,中证全指,entry_frequency_inverse_sqrt_weekly_binary,challenger,0.467312740834,0.311553066287,1.0,0.0,0.010828450637636822,0.010828450637636822,0.0,0.010828450637636822,1.1958565399864483,2.328512306871835
2021-11-05,000985.CSI,中证全指,entry_frequency_inverse_sqrt_weekly_binary,challenger,0.35991253464,0.311553066287,1.0,0.0,-0.008207944043850723,-0.008207944043850723,0.0,-0.008207944043850723,1.1860410164217665,2.3094000081516133
2021-11-08,000985.CSI,中证全指,entry_frequency_inverse_sqrt_weekly_binary,challenger,0.35991253464,0.35991253464,1.0,0.0,0.0038996712430785507,0.0038996712430785507,0.0,0.0038996712430785507,1.1906661864666181,2.3184059089521676
2021-11-09,000985.CSI,中证全指,entry_frequency_inverse_sqrt_weekly_binary,challenger,0.35991253464,0.35991253464,1.0,0.0,0.005361713418747138,0.005361713418747138,0.0,0.005361713418747138,1.1970501973358447,2.330836537024299
2021-11-10,000985.CSI,中证全指,entry_frequency_inverse_sqrt_weekly_binary,challenger,0.244343987109,0.35991253464,1.0,0.0,-0.0033096322821536406,-0.0033096322821536406,0.0,-0.0033096322821536406,1.1930884013593837,2.32312232517694
2021-11-11,000985.CSI,中证全指,entry_frequency_inverse_sqrt_weekly_binary,challenger,0.244343987109,0.35991253464,1.0,0.0,0.01222427549713756,0.01222427549713756,0.0,0.01222427549713756,1.2076730426700402,2.3515208124934537
2021-11-12,000985.CSI,中证全指,entry_frequency_inverse_sqrt_weekly_binary,challenger,0.244343987109,0.35991253464,1.0,0.0,0.002557312016211455,0.002557312016211455,0.0,0.002557312016211455,1.210761439453715,2.3575343849236146
2021-11-15,000985.CSI,中证全指,entry_frequency_inverse_sqrt_weekly_binary,challenger,0.244343987109,0.244343987109,1.0,0.0,-0.0026183678373233876,-0.0026183678373233876,0.0,-0.0026183678373233876,1.2075912206419779,2.3513614927147466
2021-11-16,000985.CSI,中证全指,entry_frequency_inverse_sqrt_weekly_binary,challenger,0.244343987109,0.244343987109,1.0,0.0,-0.004174355427245979,-0.004174355427245979,0.0,-0.004174355427245979,1.2025503056761964,2.3415460741062155
2021-11-17,000985.CSI,中证全指,entry_frequency_inverse_sqrt_weekly_binary,challenger,0.136943780915,0.244343987109,1.0,0.0,0.007575212899149308,0.007575212899149308,0.0,0.007575212899149308,1.2116598802636307,2.3592837841307372
2021-11-18,000985.CSI,中证全指,entry_frequency_inverse_sqrt_weekly_binary,challenger,0.136943780915,0.244343987109,1.0,0.0,-0.006480866592863177,-0.006480866592863177,0.0,-0.006480866592863177,1.2038072742237176,2.3439935806710803
2021-11-19,000985.CSI,中证全指,entry_frequency_inverse_sqrt_weekly_binary,challenger,0.175457168196,0.244343987109,1.0,0.0,0.011345892452061301,0.011345892452061301,0.0,0.011345892452061301,1.2174655420900689,2.3705882797456965
2021-11-22,000985.CSI,中证全指,entry_frequency_inverse_sqrt_weekly_binary,challenger,0.175457168196,0.175457168196,1.0,0.0,0.01042304151601714,0.01042304151601714,0.0,0.01042304151601714,1.230155235979594,2.3952970198028694
2021-11-23,000985.CSI,中证全指,entry_frequency_inverse_sqrt_weekly_binary,challenger,0.175457168196,0.175457168196,1.0,0.0,-0.00017702012637677011,-0.00017702012637677011,0.0,-0.00017702012637677011,1.2299374737442579,2.394873004021714
2021-11-24,000985.CSI,中证全指,entry_frequency_inverse_sqrt_weekly_binary,challenger,0.175457168196,0.175457168196,1.0,0.0,-0.0002632435724102544,-0.0002632435724102544,0.0,-0.0002632435724102544,1.2296137006098282,2.3942425690966664
2021-11-25,000985.CSI,中证全指,entry_frequency_inverse_sqrt_weekly_binary,challenger,0.175457168196,0.175457168196,1.0,0.0,-0.0024770728172534007,-0.0024770728172534007,0.0,-0.0024770728172534007,1.2265678579363253,2.388311855910846
2021-11-26,000985.CSI,中证全指,entry_frequency_inverse_sqrt_weekly_binary,challenger,0.100362310495,0.175457168196,1.0,0.0,-0.0036145996556816717,-0.0036145996556816717,0.0,-0.0036145996556816717,1.2221343061793584,2.37967906469881
2021-11-29,000985.CSI,中证全指,entry_frequency_inverse_sqrt_weekly_binary,challenger,0.100362310495,0.100362310495,1.0,0.0,0.0018695486777939863,0.0018695486777939863,0.0,0.0018695486777939863,1.2244191457555627,2.3841279905477917
2021-11-30,000985.CSI,中证全指,entry_frequency_inverse_sqrt_weekly_binary,challenger,0.100362310495,0.100362310495,1.0,0.0,0.0007551041339781683,0.0007551041339781683,0.0,0.0007551041339781683,1.2253437097142448,2.3859282554493872
2021-12-01,000985.CSI,中证全指,entry_frequency_inverse_sqrt_weekly_binary,challenger,0.01969749365,0.100362310495,1.0,0.0,0.0025632578368384173,0.0025632578368384173,0.0,0.0025632578368384173,1.2284845815809904,2.392044004748302
2021-12-02,000985.CSI,中证全指,entry_frequency_inverse_sqrt_weekly_binary,challenger,0.01969749365,0.100362310495,1.0,0.0,-0.003309580490754249,-0.003309580490754249,0.0,-0.003309580490754249,1.2244188129765976,2.384127342577161
2021-12-03,000985.CSI,中证全指,entry_frequency_inverse_sqrt_weekly_binary,challenger,0.01969749365,0.100362310495,1.0,0.0,0.008221537587644434,0.008221537587644434,0.0,0.008221537587644434,1.2344854182705036,2.40372853513789
2021-12-06,000985.CSI,中证全指,entry_frequency_inverse_sqrt_weekly_binary,challenger,0.100362310495,0.100362310495,1.0,0.0,-0.008024950360558614,-0.008024950360558614,0.0,-0.008024950360558614,1.2245787340680494,2.3844387329631505
2021-12-07,000985.CSI,中证全指,entry_frequency_inverse_sqrt_weekly_binary,challenger,0.100362310495,0.100362310495,1.0,0.0,-0.003070228678603737,-0.003070228678603737,0.0,-0.003070228678603737,1.2208189973195054,2.3771179607828334
2021-12-08,000985.CSI,中证全指,entry_frequency_inverse_sqrt_weekly_binary,challenger,0.100362310495,0.100362310495,1.0,0.0,0.015462631257501247,0.015462631257501247,0.0,0.015462631257501247,1.2396960713072094,2.4138744592660015
2021-12-09,000985.CSI,中证全指,entry_frequency_inverse_sqrt_weekly_binary,challenger,0.100362310495,0.100362310495,1.0,0.0,0.009166415846846743,0.009166415846846743,0.0,0.009166415846846743,1.2510596410205135,2.436001036361716
2021-12-10,000985.CSI,中证全指,entry_frequency_inverse_sqrt_weekly_binary,challenger,-0.208773300438,0.100362310495,1.0,0.0,-0.0010754618800383753,-0.0010754618800383753,0.0,-0.0010754618800383753,1.2497141740669415,2.433381210107375
2021-12-13,000985.CSI,中证全指,entry_frequency_inverse_sqrt_weekly_binary,challenger,-0.133678442737,-0.133678442737,0.0,1.0,0.005768028970374317,0.0,0.0005,-0.0005,1.2569225616276472,2.4321645195023214
2021-12-14,000985.CSI,中证全指,entry_frequency_inverse_sqrt_weekly_binary,challenger,-0.133678442737,-0.133678442737,0.0,0.0,-0.003531427285277222,-0.0,0.0,-0.0,1.2524838309980348,2.4321645195023214
2021-12-15,000985.CSI,中证全指,entry_frequency_inverse_sqrt_weekly_binary,challenger,-0.292978692075,-0.133678442737,0.0,0.0,-0.004963618436757189,-0.0,0.0,-0.0,1.2462669791627528,2.4321645195023214
2021-12-16,000985.CSI,中证全指,entry_frequency_inverse_sqrt_weekly_binary,challenger,-0.292978692075,-0.133678442737,0.0,0.0,0.0065427391764907306,0.0,0.0,0.0,1.2544209789516876,2.4321645195023214
2021-12-17,000985.CSI,中证全指,entry_frequency_inverse_sqrt_weekly_binary,challenger,-0.368073549776,-0.133678442737,0.0,0.0,-0.013258492478998463,-0.0,0.0,-0.0,1.2377892478367587,2.4321645195023214
2021-12-20,000985.CSI,中证全指,entry_frequency_inverse_sqrt_weekly_binary,challenger,-0.260673343582,-0.260673343582,0.0,0.0,-0.015294022165965537,-0.0,0.0,-0.0,1.2188584716435495,2.4321645195023214
2021-12-21,000985.CSI,中证全指,entry_frequency_inverse_sqrt_weekly_binary,challenger,-0.341338160427,-0.260673343582,0.0,0.0,0.009991404998977105,0.0,0.0,0.0,1.2310365802701746,2.4321645195023214
2021-12-22,000985.CSI,中证全指,entry_frequency_inverse_sqrt_weekly_binary,challenger,-0.341338160427,-0.260673343582,0.0,0.0,0.003228769008521093,0.0,0.0,0.0,1.2350113130289067,2.4321645195023214
2021-12-23,000985.CSI,中证全指,entry_frequency_inverse_sqrt_weekly_binary,challenger,-0.341338160427,-0.260673343582,0.0,0.0,0.003574932859174762,0.0,0.0,0.0,1.2394263955533062,2.4321645195023214
2021-12-24,000985.CSI,中证全指,entry_frequency_inverse_sqrt_weekly_binary,challenger,-0.405958863885,-0.260673343582,0.0,0.0,-0.010491231528806377,-0.0,0.0,-0.0,1.2264232862746425,2.4321645195023214
2021-12-27,000985.CSI,中证全指,entry_frequency_inverse_sqrt_weekly_binary,challenger,-0.405958863885,-0.405958863885,0.0,0.0,8.808408383864652e-05,0.0,0.0,0.0,1.2265313146462125,2.4321645195023214
2021-12-28,000985.CSI,中证全指,entry_frequency_inverse_sqrt_weekly_binary,challenger,-0.405958863885,-0.405958863885,0.0,0.0,0.007165723000226887,0.0,0.0,0.0,1.2353202982980713,2.4321645195023214
2021-12-29,000985.CSI,中证全指,entry_frequency_inverse_sqrt_weekly_binary,challenger,-0.405958863885,-0.405958863885,0.0,0.0,-0.009109987644743245,-0.0,0.0,-0.0,1.2240665456432753,2.4321645195023214
2021-12-30,000985.CSI,中证全指,entry_frequency_inverse_sqrt_weekly_binary,challenger,-0.405958863885,-0.405958863885,0.0,0.0,0.008489718115483935,0.0,0.0,0.0,1.2344585255703808,2.4321645195023214
2021-12-31,000985.CSI,中证全指,entry_frequency_inverse_sqrt_weekly_binary,challenger,-0.481053721586,-0.405958863885,0.0,0.0,0.005817458842955592,0.0,0.0,0.0,1.2416399372362221,2.4321645195023214
2022-01-04,000985.CSI,中证全指,entry_frequency_inverse_sqrt_weekly_binary,challenger,-0.481053721586,-0.481053721586,0.0,0.0,-0.0018522730769494622,-0.0,0.0,-0.0,1.2393400810092143,2.4321645195023214
2022-01-05,000985.CSI,中证全指,entry_frequency_inverse_sqrt_weekly_binary,challenger,-0.400388904741,-0.481053721586,0.0,0.0,-0.015131565345063436,-0.0,0.0,-0.0,1.2205869255886672,2.4321645195023214
2022-01-06,000985.CSI,中证全指,entry_frequency_inverse_sqrt_weekly_binary,challenger,-0.522566618698,-0.481053721586,0.0,0.0,-0.0022228726543314092,-0.0,0.0,-0.0,1.2178737162895417,2.4321645195023214
2022-01-07,000985.CSI,中证全指,entry_frequency_inverse_sqrt_weekly_binary,challenger,-0.522566618698,-0.481053721586,0.0,0.0,-0.00750051378762806,-0.0,0.0,-0.0,1.2087390376889222,2.4321645195023214
2022-01-10,000985.CSI,中证全指,entry_frequency_inverse_sqrt_weekly_binary,challenger,-0.522566618698,-0.522566618698,0.0,0.0,0.004821983405742136,0.0,0.0,0.0,1.214567557270531,2.4321645195023214
2022-01-11,000985.CSI,中证全指,entry_frequency_inverse_sqrt_weekly_binary,challenger,-0.522566618698,-0.522566618698,0.0,0.0,-0.008929323371205888,-0.0,0.0,-0.0,1.2037222907954868,2.4321645195023214
2022-01-12,000985.CSI,中证全指,entry_frequency_inverse_sqrt_weekly_binary,challenger,-0.522566618698,-0.522566618698,0.0,0.0,0.012062962261962129,0.0,0.0,0.0,1.2182427473632353,2.4321645195023214
2022-01-13,000985.CSI,中证全指,entry_frequency_inverse_sqrt_weekly_binary,challenger,-0.447471760997,-0.522566618698,0.0,0.0,-0.015101736608797878,-0.0,0.0,-0.0,1.1998451662669776,2.4321645195023214
2022-01-14,000985.CSI,中证全指,entry_frequency_inverse_sqrt_weekly_binary,challenger,-0.528136577842,-0.522566618698,0.0,0.0,-0.003921907499430999,-0.0,0.0,-0.0,1.195139484511239,2.4321645195023214
2022-01-17,000985.CSI,中证全指,entry_frequency_inverse_sqrt_weekly_binary,challenger,-0.331903213466,-0.331903213466,0.0,0.0,0.011812935797983926,0.0,0.0,0.0,1.209257590511406,2.4321645195023214
2022-01-18,000985.CSI,中证全指,entry_frequency_inverse_sqrt_weekly_binary,challenger,-0.331903213466,-0.331903213466,0.0,0.0,0.0015863316146340622,0.0,0.0,0.0,1.2111758740574705,2.4321645195023214
2022-01-19,000985.CSI,中证全指,entry_frequency_inverse_sqrt_weekly_binary,challenger,-0.331903213466,-0.331903213466,0.0,0.0,-0.006733845880938505,-0.0,0.0,-0.0,1.2030200023868565,2.4321645195023214
2022-01-20,000985.CSI,中证全指,entry_frequency_inverse_sqrt_weekly_binary,challenger,-0.331903213466,-0.331903213466,0.0,0.0,-0.004771636998402995,-0.0,0.0,-0.0,1.1972796276336486,2.4321645195023214
2022-01-21,000985.CSI,中证全指,entry_frequency_inverse_sqrt_weekly_binary,challenger,-0.331903213466,-0.331903213466,0.0,0.0,-0.010683319749016928,-0.0,0.0,-0.0,1.1844887065426544,2.4321645195023214
2022-01-24,000985.CSI,中证全指,entry_frequency_inverse_sqrt_weekly_binary,challenger,-0.412568030311,-0.412568030311,0.0,0.0,0.0016455613163028904,0.0,0.0,0.0,1.1864378553377386,2.4321645195023214
2022-01-25,000985.CSI,中证全指,entry_frequency_inverse_sqrt_weekly_binary,challenger,-0.617730996937,-0.412568030311,0.0,0.0,-0.030242258911984732,-0.0,0.0,-0.0,1.1505572945336349,2.4321645195023214
2022-01-26,000985.CSI,中证全指,entry_frequency_inverse_sqrt_weekly_binary,challenger,-0.617730996937,-0.412568030311,0.0,0.0,0.006610398705495069,0.0,0.0,0.0,1.1581629369840178,2.4321645195023214
2022-01-27,000985.CSI,中证全指,entry_frequency_inverse_sqrt_weekly_binary,challenger,-0.617730996937,-0.412568030311,0.0,0.0,-0.024279892961102445,-0.0,0.0,-0.0,1.1300428648425298,2.4321645195023214
2022-01-28,000985.CSI,中证全指,entry_frequency_inverse_sqrt_weekly_binary,challenger,-0.617730996937,-0.412568030311,0.0,0.0,-0.005031011135929853,-0.0,0.0,-0.0,1.124357606605429,2.4321645195023214
2022-02-07,000985.CSI,中证全指,entry_frequency_inverse_sqrt_weekly_binary,challenger,-0.777031246275,-0.777031246275,0.0,0.0,0.01452718268133002,0.0,0.0,0.0,1.1406913549557292,2.4321645195023214
2022-02-08,000985.CSI,中证全指,entry_frequency_inverse_sqrt_weekly_binary,challenger,-0.777031246275,-0.777031246275,0.0,0.0,0.0011012610823308844,0.0,0.0,0.0,1.1419475539518933,2.4321645195023214
2022-02-09,000985.CSI,中证全指,entry_frequency_inverse_sqrt_weekly_binary,challenger,-0.495076309149,-0.777031246275,0.0,0.0,0.012786915969725365,0.0,0.0,0.0,1.1565495413661095,2.4321645195023214
2022-02-10,000985.CSI,中证全指,entry_frequency_inverse_sqrt_weekly_binary,challenger,-0.495076309149,-0.777031246275,0.0,0.0,-0.002948862890257198,-0.0,0.0,-0.0,1.153139035342831,2.4321645195023214
2022-02-11,000985.CSI,中证全指,entry_frequency_inverse_sqrt_weekly_binary,challenger,-0.343189480948,-0.777031246275,0.0,0.0,-0.0131160752631162,-0.0,0.0,-0.0,1.1380143769664373,2.4321645195023214
2022-02-14,000985.CSI,中证全指,entry_frequency_inverse_sqrt_weekly_binary,challenger,-0.187429806401,-0.187429806401,0.0,0.0,-0.007115070909827437,-0.0,0.0,-0.0,1.1299173239779179,2.4321645195023214
2022-02-15,000985.CSI,中证全指,entry_frequency_inverse_sqrt_weekly_binary,challenger,-0.187429806401,-0.187429806401,0.0,0.0,0.010722304312479336,0.0,0.0,0.0,1.1420326413735513,2.4321645195023214
2022-02-16,000985.CSI,中证全指,entry_frequency_inverse_sqrt_weekly_binary,challenger,-0.187429806401,-0.187429806401,0.0,0.0,0.005686147047310186,0.0,0.0,0.0,1.1485264069052294,2.4321645195023214
2022-02-17,000985.CSI,中证全指,entry_frequency_inverse_sqrt_weekly_binary,challenger,-0.187429806401,-0.187429806401,0.0,0.0,0.0018787925037213604,0.0,0.0,0.0,1.150684249708849,2.4321645195023214
2022-02-18,000985.CSI,中证全指,entry_frequency_inverse_sqrt_weekly_binary,challenger,-0.187429806401,-0.187429806401,0.0,0.0,0.005765166488009843,0.0,0.0,0.0,1.1573181359835512,2.4321645195023214
2022-02-21,000985.CSI,中证全指,entry_frequency_inverse_sqrt_weekly_binary,challenger,-0.068694410951,-0.068694410951,0.0,0.0,0.0031905434516241726,0.0,0.0,0.0,1.1610106097837594,2.4321645195023214
2022-02-22,000985.CSI,中证全指,entry_frequency_inverse_sqrt_weekly_binary,challenger,-0.068694410951,-0.068694410951,0.0,0.0,-0.011375540819098195,-0.0,0.0,-0.0,1.1478034862007582,2.4321645195023214
2022-02-23,000985.CSI,中证全指,entry_frequency_inverse_sqrt_weekly_binary,challenger,-0.068694410951,-0.068694410951,0.0,0.0,0.014983071537910009,0.0,0.0,0.0,1.1650011079459668,2.4321645195023214
2022-02-24,000985.CSI,中证全指,entry_frequency_inverse_sqrt_weekly_binary,challenger,-0.068694410951,-0.068694410951,0.0,0.0,-0.021061389287658883,-0.0,0.0,-0.0,1.140464566090963,2.4321645195023214
2022-02-25,000985.CSI,中证全指,entry_frequency_inverse_sqrt_weekly_binary,challenger,-0.068694410951,-0.068694410951,0.0,0.0,0.00973806282959222,0.0,0.0,0.0,1.1515704816904804,2.4321645195023214
2022-02-28,000985.CSI,中证全指,entry_frequency_inverse_sqrt_weekly_binary,challenger,0.071021150209,0.071021150209,1.0,1.0,0.0032383097185322285,0.0032383097185322285,0.0005,0.0027383097185322285,1.1552996235729136,2.438824539243144
2022-03-01,000985.CSI,中证全指,entry_frequency_inverse_sqrt_weekly_binary,challenger,0.071021150209,0.071021150209,1.0,0.0,0.006104136187092157,0.006104136187092157,0.0,0.006104136187092157,1.1623517298120989,2.453711456367106
2022-03-02,000985.CSI,中证全指,entry_frequency_inverse_sqrt_weekly_binary,challenger,0.103326498702,0.071021150209,1.0,0.0,-0.004290998503073018,-0.004290998503073018,0.0,-0.004290998503073018,1.157364080279431,2.4431825841808616
2022-03-03,000985.CSI,中证全指,entry_frequency_inverse_sqrt_weekly_binary,challenger,0.103326498702,0.071021150209,1.0,0.0,-0.005763179365511184,-0.005763179365511184,0.0,-0.005763179365511184,1.1506939834935808,2.429102084725534
2022-03-04,000985.CSI,中证全指,entry_frequency_inverse_sqrt_weekly_binary,challenger,0.103326498702,0.071021150209,1.0,0.0,-0.012230728413460845,-0.012230728413460845,0.0,-0.012230728413460845,1.1366201578944675,2.3993923968386843
2022-03-07,000985.CSI,中证全指,entry_frequency_inverse_sqrt_weekly_binary,challenger,-0.004073707492,-0.004073707492,0.0,1.0,-0.025932660665347718,-0.0,0.0005,-0.0005,1.1071445730343963,2.3981927006402652
2022-03-08,000985.CSI,中证全指,entry_frequency_inverse_sqrt_weekly_binary,challenger,-0.004073707492,-0.004073707492,0.0,0.0,-0.02595951278368802,-0.0,0.0,-0.0,1.078403639337319,2.3981927006402652
2022-03-09,000985.CSI,中证全指,entry_frequency_inverse_sqrt_weekly_binary,challenger,-0.004073707492,-0.004073707492,0.0,0.0,-0.010983285003168586,-0.0,0.0,-0.0,1.0665592248180231,2.3981927006402652
2022-03-10,000985.CSI,中证全指,entry_frequency_inverse_sqrt_weekly_binary,challenger,-0.111473913686,-0.004073707492,0.0,0.0,0.018034744726743712,0.0,0.0,0.0,1.08579434817357,2.3981927006402652
2022-03-11,000985.CSI,中证全指,entry_frequency_inverse_sqrt_weekly_binary,challenger,-0.263360741887,-0.004073707492,0.0,0.0,0.005289134358156922,0.0,0.0,0.0,1.0915372603663873,2.3981927006402652
2022-03-14,000985.CSI,中证全指,entry_frequency_inverse_sqrt_weekly_binary,challenger,-0.263360741887,-0.263360741887,0.0,0.0,-0.028523713407520024,-0.0,0.0,-0.0,1.060402564378067,2.3981927006402652
2022-03-15,000985.CSI,中证全指,entry_frequency_inverse_sqrt_weekly_binary,challenger,-0.263360741887,-0.263360741887,0.0,0.0,-0.047929634553821265,-0.0,0.0,-0.0,1.0095778569874914,2.3981927006402652
2022-03-16,000985.CSI,中证全指,entry_frequency_inverse_sqrt_weekly_binary,challenger,-0.382096137338,-0.263360741887,0.0,0.0,0.038511888998179034,0.0,0.0,0.0,1.048458607350813,2.3981927006402652
2022-03-17,000985.CSI,中证全指,entry_frequency_inverse_sqrt_weekly_binary,challenger,-0.382096137338,-0.263360741887,0.0,0.0,0.01877577497255012,0.0,0.0,0.0,1.0681442302304653,2.3981927006402652
2022-03-18,000985.CSI,中证全指,entry_frequency_inverse_sqrt_weekly_binary,challenger,-0.382096137338,-0.263360741887,0.0,0.0,0.008471457483705924,0.0,0.0,0.0,1.0771929686633286,2.3981927006402652
2022-03-21,000985.CSI,中证全指,entry_frequency_inverse_sqrt_weekly_binary,challenger,-0.382096137338,-0.382096137338,0.0,0.0,0.004142637820717665,0.0,0.0,0.0,1.0816553889955245,2.3981927006402652
2022-03-22,000985.CSI,中证全指,entry_frequency_inverse_sqrt_weekly_binary,challenger,-0.375486970912,-0.382096137338,0.0,0.0,-0.00171689970089961,-0.0,0.0,-0.0,1.0797982951816816,2.3981927006402652
2022-03-23,000985.CSI,中证全指,entry_frequency_inverse_sqrt_weekly_binary,challenger,-0.375486970912,-0.382096137338,0.0,0.0,0.004854029422269646,0.0,0.0,0.0,1.08503966787661,2.3981927006402652
2022-03-24,000985.CSI,中证全指,entry_frequency_inverse_sqrt_weekly_binary,challenger,-0.375486970912,-0.382096137338,0.0,0.0,-0.008041666236970668,-0.0,0.0,-0.0,1.076314141013673,2.3981927006402652
2022-03-25,000985.CSI,中证全指,entry_frequency_inverse_sqrt_weekly_binary,challenger,-0.456151787758,-0.382096137338,0.0,0.0,-0.013883553588510678,-0.0,0.0,-0.0,1.0613710759588377,2.3981927006402652
2022-03-28,000985.CSI,中证全指,entry_frequency_inverse_sqrt_weekly_binary,challenger,-0.456151787758,-0.456151787758,0.0,0.0,-0.004825606775657354,-0.0,0.0,-0.0,1.056249316503204,2.3981927006402652
2022-03-29,000985.CSI,中证全指,entry_frequency_inverse_sqrt_weekly_binary,challenger,-0.456151787758,-0.456151787758,0.0,0.0,-0.0049878085658029425,-0.0,0.0,-0.0,1.050980947114726,2.3981927006402652
2022-03-30,000985.CSI,中证全指,entry_frequency_inverse_sqrt_weekly_binary,challenger,-0.578329501714,-0.456151787758,0.0,0.0,0.024071026007654206,0.0,0.0,0.0,1.0762791368262736,2.3981927006402652
2022-03-31,000985.CSI,中证全指,entry_frequency_inverse_sqrt_weekly_binary,challenger,-0.578329501714,-0.456151787758,0.0,0.0,-0.0077548540546723554,-0.0,0.0,-0.0,1.0679327491980972,2.3981927006402652
2022-04-01,000985.CSI,中证全指,entry_frequency_inverse_sqrt_weekly_binary,challenger,-0.70839761064,-0.456151787758,0.0,0.0,0.007081814054042512,0.0,0.0,0.0,1.0754956503501405,2.3981927006402652
2022-04-06,000985.CSI,中证全指,entry_frequency_inverse_sqrt_weekly_binary,challenger,-0.860284438841,-0.860284438841,0.0,0.0,-0.0006622923821583138,-0.0,0.0,-0.0,1.0747833577738692,2.3981927006402652
2022-04-07,000985.CSI,中证全指,entry_frequency_inverse_sqrt_weekly_binary,challenger,-0.860284438841,-0.860284438841,0.0,0.0,-0.017616399309050346,-0.0,0.0,-0.0,1.0558495449726029,2.3981927006402652
2022-04-08,000985.CSI,中证全指,entry_frequency_inverse_sqrt_weekly_binary,challenger,-0.860284438841,-0.860284438841,0.0,0.0,0.00029082911630462505,0.0,0.0,0.0,1.0561566167627179,2.3981927006402652
2022-04-11,000985.CSI,中证全指,entry_frequency_inverse_sqrt_weekly_binary,challenger,-0.860284438841,-0.860284438841,0.0,0.0,-0.03186862851632255,-0.0,0.0,-0.0,1.0224983538880508,2.3981927006402652
2022-04-12,000985.CSI,中证全指,entry_frequency_inverse_sqrt_weekly_binary,challenger,-0.860284438841,-0.860284438841,0.0,0.0,0.017453186406437338,0.0,0.0,0.0,1.0403442082587342,2.3981927006402652
2022-04-13,000985.CSI,中证全指,entry_frequency_inverse_sqrt_weekly_binary,challenger,-0.860284438841,-0.860284438841,0.0,0.0,-0.013784466163438314,-0.0,0.0,-0.0,1.0260036187216626,2.3981927006402652
2022-04-14,000985.CSI,中证全指,entry_frequency_inverse_sqrt_weekly_binary,challenger,-0.860284438841,-0.860284438841,0.0,0.0,0.012249429685234459,0.0,0.0,0.0,1.0385715779059896,2.3981927006402652
2022-04-15,000985.CSI,中证全指,entry_frequency_inverse_sqrt_weekly_binary,challenger,-0.860284438841,-0.860284438841,0.0,0.0,-0.007155115777510157,-0.0,0.0,-0.0,1.0311404780228408,2.3981927006402652
2022-04-18,000985.CSI,中证全指,entry_frequency_inverse_sqrt_weekly_binary,challenger,-0.700984189503,-0.700984189503,0.0,0.0,-9.893661793491937e-05,-0.0,0.0,-0.0,1.0310384604713294,2.3981927006402652
2022-04-19,000985.CSI,中证全指,entry_frequency_inverse_sqrt_weekly_binary,challenger,-0.700984189503,-0.700984189503,0.0,0.0,-0.001953066925090674,-0.0,0.0,-0.0,1.0290247733556865,2.3981927006402652
2022-04-20,000985.CSI,中证全指,entry_frequency_inverse_sqrt_weekly_binary,challenger,-0.700984189503,-0.700984189503,0.0,0.0,-0.016231416650254515,-0.0,0.0,-0.0,1.0123222435159167,2.3981927006402652
2022-04-21,000985.CSI,中证全指,entry_frequency_inverse_sqrt_weekly_binary,challenger,-0.700984189503,-0.700984189503,0.0,0.0,-0.027922818294510376,-0.0,0.0,-0.0,0.9840553534547307,2.3981927006402652
2022-04-22,000985.CSI,中证全指,entry_frequency_inverse_sqrt_weekly_binary,challenger,-0.700984189503,-0.700984189503,0.0,0.0,-0.002625770860753329,-0.0,0.0,-0.0,0.981471449582261,2.3981927006402652
2022-04-25,000985.CSI,中证全指,entry_frequency_inverse_sqrt_weekly_binary,challenger,-0.700984189503,-0.700984189503,0.0,0.0,-0.06061108166693541,-0.0,0.0,-0.0,0.9219834033978651,2.3981927006402652
2022-04-26,000985.CSI,中证全指,entry_frequency_inverse_sqrt_weekly_binary,challenger,-0.419029252377,-0.700984189503,0.0,0.0,-0.0184129654209767,-0.0,0.0,-0.0,0.9050069548723858,2.3981927006402652
2022-04-27,000985.CSI,中证全指,entry_frequency_inverse_sqrt_weekly_binary,challenger,-0.419029252377,-0.700984189503,0.0,0.0,0.03508766406129693,0.0,0.0,0.0,0.9367615348780854,2.3981927006402652
2022-04-28,000985.CSI,中证全指,entry_frequency_inverse_sqrt_weekly_binary,challenger,-0.419029252377,-0.700984189503,0.0,0.0,-0.0005734305112323757,-0.0,0.0,-0.0,0.9362243672322375,2.3981927006402652
2022-04-29,000985.CSI,中证全指,entry_frequency_inverse_sqrt_weekly_binary,challenger,-0.228629036894,-0.700984189503,0.0,0.0,0.03235897516556774,0.0,0.0,0.0,0.9665196282809048,2.3981927006402652
2022-05-05,000985.CSI,中证全指,entry_frequency_inverse_sqrt_weekly_binary,challenger,0.197182247633,0.197182247633,1.0,1.0,0.006417894192769946,0.006417894192769946,0.0005,0.005917894192769946,0.9727226489904469,2.4123849512965276
2022-05-06,000985.CSI,中证全指,entry_frequency_inverse_sqrt_weekly_binary,challenger,0.197182247633,0.197182247633,1.0,0.0,-0.020589320992939086,-0.020589320992939086,0.0,-0.020589320992939086,0.9526949501332805,2.362715583175748
2022-05-09,000985.CSI,中证全指,entry_frequency_inverse_sqrt_weekly_binary,challenger,0.197182247633,0.197182247633,1.0,0.0,0.001503661009366608,0.001503661009366608,0.0,0.001503661009366608,0.9541274803836164,2.366268306474392
2022-05-10,000985.CSI,中证全指,entry_frequency_inverse_sqrt_weekly_binary,challenger,0.197182247633,0.197182247633,1.0,0.0,0.014011601630739001,0.014011601630739001,0.0,0.014011601630739001,0.9674963345436923,2.3994235153361547
2022-05-11,000985.CSI,中证全指,entry_frequency_inverse_sqrt_weekly_binary,challenger,0.197182247633,0.197182247633,1.0,0.0,0.011210931563853999,0.011210931563853999,0.0,0.011210931563853999,0.9783428697385412,2.42632328815929
2022-05-12,000985.CSI,中证全指,entry_frequency_inverse_sqrt_weekly_binary,challenger,0.272277105334,0.197182247633,1.0,0.0,0.00013754635333373955,0.00013754635333373955,0.0,0.00013754635333373955,0.9784774372325838,2.426657020079585
2022-05-13,000985.CSI,中证全指,entry_frequency_inverse_sqrt_weekly_binary,challenger,0.272277105334,0.197182247633,1.0,0.0,0.007370939215466166,0.007370939215466166,0.0,0.007370939215466166,0.9856897349461303,2.444543761471376
2022-05-16,000985.CSI,中证全指,entry_frequency_inverse_sqrt_weekly_binary,challenger,0.272277105334,0.272277105334,1.0,0.0,-0.003669696894565977,-0.003669696894565977,0.0,-0.003669696894565977,0.9820725523867929,2.435573026821274
2022-05-17,000985.CSI,中证全指,entry_frequency_inverse_sqrt_weekly_binary,challenger,0.391012500785,0.272277105334,1.0,0.0,0.008076134337806185,0.008076134337806185,0.0,0.008076134337806185,0.9900039022493409,2.45524304177542
2022-05-18,000985.CSI,中证全指,entry_frequency_inverse_sqrt_weekly_binary,challenger,0.435499122792,0.272277105334,1.0,0.0,-0.0009396136711952163,-0.0009396136711952163,0.0,-0.0009396136711952163,0.9890736810482508,2.452936061847261
2022-05-19,000985.CSI,中证全指,entry_frequency_inverse_sqrt_weekly_binary,challenger,0.435499122792,0.272277105334,1.0,0.0,0.0048535762820125505,0.0048535762820125505,0.0,0.0048535762820125505,0.9938742256077494,2.464841574138336
2022-05-20,000985.CSI,中证全指,entry_frequency_inverse_sqrt_weekly_binary,challenger,0.435499122792,0.272277105334,1.0,0.0,0.01647263439163016,0.01647263439163016,0.0,0.01647263439163016,1.0102459523574505,2.505444008222407
2022-05-23,000985.CSI,中证全指,entry_frequency_inverse_sqrt_weekly_binary,challenger,0.435499122792,0.435499122792,1.0,0.0,0.0023192093927382196,0.0023192093927382196,0.0,0.0023192093927382196,1.0125889242591337,2.511254657499256
2022-05-24,000985.CSI,中证全指,entry_frequency_inverse_sqrt_weekly_binary,challenger,0.435499122792,0.435499122792,1.0,0.0,-0.03171199515779288,-0.03171199515779288,0.0,-0.03171199515779288,0.9804777091961934,2.4316177619606547
2022-05-25,000985.CSI,中证全指,entry_frequency_inverse_sqrt_weekly_binary,challenger,0.59479937213,0.435499122792,1.0,0.0,0.011667617106525974,0.011667617106525974,0.0,0.011667617106525974,0.9919175476885783,2.4599889469566394
2022-05-26,000985.CSI,中证全指,entry_frequency_inverse_sqrt_weekly_binary,challenger,0.59479937213,0.435499122792,1.0,0.0,0.0048272687055797014,0.0048272687055797014,0.0,0.0048272687055797014,0.9967058002250507,2.471863974616355
2022-05-27,000985.CSI,中证全指,entry_frequency_inverse_sqrt_weekly_binary,challenger,0.59479937213,0.435499122792,1.0,0.0,0.0006541312277767997,0.0006541312277767997,0.0,0.0006541312277767997,0.9973577766138843,2.4734808980329683
2022-05-30,000985.CSI,中证全指,entry_frequency_inverse_sqrt_weekly_binary,challenger,0.785199587612,0.785199587612,1.0,0.0,0.008211428358362305,0.008211428358362305,0.0,0.008211428358362305,1.0055475085442047,2.493791709222944
2022-05-31,000985.CSI,中证全指,entry_frequency_inverse_sqrt_weekly_binary,challenger,0.785199587612,0.785199587612,1.0,0.0,0.0139256701069439,0.0139256701069439,0.0,0.0139256701069439,1.0195504314250508,2.528519429881014
2022-06-01,000985.CSI,中证全指,entry_frequency_inverse_sqrt_weekly_binary,challenger,0.785199587612,0.785199587612,1.0,0.0,0.0005606493324166184,0.0005606493324166184,0.0,0.0005606493324166184,1.0201220416937944,2.529937042611379
2022-06-02,000985.CSI,中证全指,entry_frequency_inverse_sqrt_weekly_binary,challenger,0.785199587612,0.785199587612,1.0,0.0,0.005395899548577887,0.005395899548577887,0.0,0.005395899548577887,1.0256265177580643,2.5435883287575365
2022-06-06,000985.CSI,中证全指,entry_frequency_inverse_sqrt_weekly_binary,challenger,0.785199587612,0.785199587612,1.0,0.0,0.019536570387088004,0.019536570387088004,0.0,0.019536570387088004,1.0456637424131088,2.593281321178084
2022-06-07,000985.CSI,中证全指,entry_frequency_inverse_sqrt_weekly_binary,challenger,0.785199587612,0.785199587612,1.0,0.0,0.000754841232423642,0.000754841232423642,0.0,0.000754841232423642,1.0464530525211326,2.5952388368465833
2022-06-08,000985.CSI,中证全指,entry_frequency_inverse_sqrt_weekly_binary,challenger,0.785199587612,0.785199587612,1.0,0.0,0.006025688214455149,0.006025688214455149,0.0,0.006025688214455149,1.0527586523466899,2.610876936919466
2022-06-09,000985.CSI,中证全指,entry_frequency_inverse_sqrt_weekly_binary,challenger,0.785199587612,0.785199587612,1.0,0.0,-0.01335247830573194,-0.01335247830573194,0.0,-0.01335247830573194,1.038701715280059,2.576015259260313
2022-06-10,000985.CSI,中证全指,entry_frequency_inverse_sqrt_weekly_binary,challenger,0.733299544468,0.785199587612,1.0,0.0,0.01714437986189976,0.01714437986189976,0.0,0.01714437986189976,1.0565096120500272,2.620179443395122
2022-06-13,000985.CSI,中证全指,entry_frequency_inverse_sqrt_weekly_binary,challenger,0.733299544468,0.733299544468,1.0,0.0,-0.0042622053902379164,-0.0042622053902379164,0.0,-0.0042622053902379164,1.0520065510867094,2.609011700448093
2022-06-14,000985.CSI,中证全指,entry_frequency_inverse_sqrt_weekly_binary,challenger,0.733299544468,0.733299544468,1.0,0.0,0.005149461446901427,0.005149461446901427,0.0,0.005149461446901427,1.0574238182634181,2.6224467056140655
2022-06-15,000985.CSI,中证全指,entry_frequency_inverse_sqrt_weekly_binary,challenger,0.733299544468,0.733299544468,1.0,0.0,0.005482712077247376,0.005482712077247376,0.0,0.005482712077247376,1.06322136860258,2.636824825838873
2022-06-16,000985.CSI,中证全指,entry_frequency_inverse_sqrt_weekly_binary,challenger,0.733299544468,0.733299544468,1.0,0.0,-0.0008146183649990757,-0.0008146183649990757,0.0,-0.0008146183649990757,1.0623552489496568,2.6346768199104593
2022-06-17,000985.CSI,中证全指,entry_frequency_inverse_sqrt_weekly_binary,challenger,0.658204686767,0.733299544468,1.0,0.0,0.011352402208387069,0.011352402208387069,0.0,0.011352402208387069,1.0744155330239245,2.664586730859197
2022-06-20,000985.CSI,中证全指,entry_frequency_inverse_sqrt_weekly_binary,challenger,0.658204686767,0.658204686767,1.0,0.0,0.006754654829087325,0.006754654829087325,0.0,0.006754654829087325,1.081672839092511,2.682585094488317
2022-06-21,000985.CSI,中证全指,entry_frequency_inverse_sqrt_weekly_binary,challenger,0.411088919414,0.658204686767,1.0,0.0,-0.0044230571512499095,-0.0044230571512499095,0.0,-0.0044230571512499095,1.07688853830625,2.6707198673023043
2022-06-22,000985.CSI,中证全指,entry_frequency_inverse_sqrt_weekly_binary,challenger,0.411088919414,0.658204686767,1.0,0.0,-0.012866448190269164,-0.012866448190269164,0.0,-0.012866448190269164,1.063032807721438,2.6363571884989367
2022-06-23,000985.CSI,中证全指,entry_frequency_inverse_sqrt_weekly_binary,challenger,0.411088919414,0.658204686767,1.0,0.0,0.019039229394729684,0.019039229394729684,0.0,0.019039229394729684,1.08327213320177,2.6865513977772126
2022-06-24,000985.CSI,中证全指,entry_frequency_inverse_sqrt_weekly_binary,challenger,0.489724351907,0.658204686767,1.0,0.0,0.011796477603167821,0.011796477603167821,0.0,0.011796477603167821,1.0960509286592206,2.7182432411708506
2022-06-27,000985.CSI,中证全指,entry_frequency_inverse_sqrt_weekly_binary,challenger,0.489724351907,0.489724351907,1.0,0.0,0.010029756867645068,0.010029756867645068,0.0,0.010029756867645068,1.1070440529882293,2.7455065599869135
2022-06-28,000985.CSI,中证全指,entry_frequency_inverse_sqrt_weekly_binary,challenger,0.489724351907,0.489724351907,1.0,0.0,0.011920159673438624,0.011920159673438624,0.0,0.011920159673438624,1.1202401948653795,2.7782334365664307
2022-06-29,000985.CSI,中证全指,entry_frequency_inverse_sqrt_weekly_binary,challenger,0.255420408925,0.489724351907,1.0,0.0,-0.01941701679872665,-0.01941701679872665,0.0,-0.01941701679872665,1.0984884721830697,2.724288431257836
2022-06-30,000985.CSI,中证全指,entry_frequency_inverse_sqrt_weekly_binary,challenger,0.255420408925,0.489724351907,1.0,0.0,0.013121391148819717,0.013121391148819717,0.0,0.013121391148819717,1.112902169099053,2.760034885366575
2022-07-01,000985.CSI,中证全指,entry_frequency_inverse_sqrt_weekly_binary,challenger,0.255420408925,0.489724351907,1.0,0.0,-0.002745069764324759,-0.002745069764324759,0.0,-0.002745069764324759,1.1098471750040078,2.7524583970542733
2022-07-04,000985.CSI,中证全指,entry_frequency_inverse_sqrt_weekly_binary,challenger,0.255420408925,0.255420408925,1.0,0.0,0.008512031447444945,0.008512031447444945,0.0,0.008512031447444945,1.1192942290594998,2.7758874094877832
2022-07-05,000985.CSI,中证全指,entry_frequency_inverse_sqrt_weekly_binary,challenger,0.330515266626,0.255420408925,1.0,0.0,-0.0032242309408136993,-0.0032242309408136993,0.0,-0.0032242309408136993,1.115685365974292,2.7669373074138974
2022-07-06,000985.CSI,中证全指,entry_frequency_inverse_sqrt_weekly_binary,challenger,0.330515266626,0.255420408925,1.0,0.0,-0.013107295742095126,-0.013107295742095126,0.0,-0.013107295742095126,1.1010617479273392,2.730670241825787
2022-07-07,000985.CSI,中证全指,entry_frequency_inverse_sqrt_weekly_binary,challenger,0.330515266626,0.255420408925,1.0,0.0,0.006646743487273898,0.006646743487273898,0.0,0.006646743487273898,1.1083802229294617,2.748820306471535
2022-07-08,000985.CSI,中证全指,entry_frequency_inverse_sqrt_weekly_binary,challenger,0.330515266626,0.255420408925,1.0,0.0,-0.003858784164547324,-0.003858784164547324,0.0,-0.003858784164547324,1.104103222876924,2.7382132022017367
2022-07-11,000985.CSI,中证全指,entry_frequency_inverse_sqrt_weekly_binary,challenger,0.330515266626,0.330515266626,1.0,0.0,-0.01454969376516535,-0.01454969376516535,0.0,-0.01454969376516535,1.0880388590989327,2.698373038645969
2022-07-12,000985.CSI,中证全指,entry_frequency_inverse_sqrt_weekly_binary,challenger,0.178628438425,0.330515266626,1.0,0.0,-0.012134758356868391,-0.012134758356868391,0.0,-0.012134758356868391,1.0748357704608844,2.665628933865311
2022-07-13,000985.CSI,中证全指,entry_frequency_inverse_sqrt_weekly_binary,challenger,-0.133949491015,0.330515266626,1.0,0.0,0.005237773714545035,0.005237773714545035,0.0,0.005237773714545035,1.0804655170068571,2.6795908950278418
2022-07-14,000985.CSI,中证全指,entry_frequency_inverse_sqrt_weekly_binary,challenger,-0.133949491015,0.330515266626,1.0,0.0,0.0040151117425542004,0.0040151117425542004,0.0,0.0040151117425542004,1.0848037067916163,2.6903497518957096
2022-07-15,000985.CSI,中证全指,entry_frequency_inverse_sqrt_weekly_binary,challenger,-0.209044348716,0.330515266626,1.0,0.0,-0.01580159763190292,-0.01580159763190292,0.0,-0.01580159763190292,1.0676620751072985,2.6478379276271635
2022-07-18,000985.CSI,中证全指,entry_frequency_inverse_sqrt_weekly_binary,challenger,-0.209044348716,-0.209044348716,0.0,1.0,0.015019864745496214,0.0,0.0005,-0.0005,1.083698215069306,2.6465140086633503
2022-07-19,000985.CSI,中证全指,entry_frequency_inverse_sqrt_weekly_binary,challenger,-0.133949491015,-0.209044348716,0.0,0.0,0.0007050107641097814,0.0,0.0,0.0,1.0844622339759764,2.6465140086633503
2022-07-20,000985.CSI,中证全指,entry_frequency_inverse_sqrt_weekly_binary,challenger,-0.133949491015,-0.209044348716,0.0,0.0,0.007440895298648886,0.0,0.0,0.0,1.0925316039143305,2.6465140086633503
2022-07-21,000985.CSI,中证全指,entry_frequency_inverse_sqrt_weekly_binary,challenger,-0.133949491015,-0.209044348716,0.0,0.0,-0.008758667946419996,-0.0,0.0,-0.0,1.0829624823746753,2.6465140086633503
2022-07-22,000985.CSI,中证全指,entry_frequency_inverse_sqrt_weekly_binary,challenger,-0.133949491015,-0.209044348716,0.0,0.0,-0.0023017817101393945,-0.0,0.0,-0.0,1.080469739139978,2.6465140086633503
2022-07-25,000985.CSI,中证全指,entry_frequency_inverse_sqrt_weekly_binary,challenger,-0.133949491015,-0.133949491015,0.0,0.0,-0.008281419541463664,-0.0,0.0,-0.0,1.071521915928304,2.6465140086633503
2022-07-26,000985.CSI,中证全指,entry_frequency_inverse_sqrt_weekly_binary,challenger,-0.133949491015,-0.133949491015,0.0,0.0,0.009654197047120672,0.0,0.0,0.0,1.081866599644984,2.6465140086633503
2022-07-27,000985.CSI,中证全指,entry_frequency_inverse_sqrt_weekly_binary,challenger,-0.133949491015,-0.133949491015,0.0,0.0,0.001487943013034121,0.0,0.0,0.0,1.083476355492961,2.6465140086633503
2022-07-28,000985.CSI,中证全指,entry_frequency_inverse_sqrt_weekly_binary,challenger,-0.133949491015,-0.133949491015,0.0,0.0,0.0028849471475347332,0.0,0.0,0.0,1.0866021275141617,2.6465140086633503
2022-07-29,000985.CSI,中证全指,entry_frequency_inverse_sqrt_weekly_binary,challenger,-0.018380943483,-0.133949491015,0.0,0.0,-0.009456377675822858,-0.0,0.0,-0.0,1.0763268074130352,2.6465140086633503
2022-08-01,000985.CSI,中证全指,entry_frequency_inverse_sqrt_weekly_binary,challenger,-0.018380943483,-0.018380943483,0.0,0.0,0.006091700690662227,0.0,0.0,0.0,1.0828834681691315,2.6465140086633503
2022-08-02,000985.CSI,中证全指,entry_frequency_inverse_sqrt_weekly_binary,challenger,-0.093475801184,-0.018380943483,0.0,0.0,-0.026386038712074344,-0.0,0.0,-0.0,1.0543104630573554,2.6465140086633503
2022-08-03,000985.CSI,中证全指,entry_frequency_inverse_sqrt_weekly_binary,challenger,-0.093475801184,-0.018380943483,0.0,0.0,-0.008358925049861243,-0.0,0.0,-0.0,1.0454975609173744,2.6465140086633503
2022-08-04,000985.CSI,中证全指,entry_frequency_inverse_sqrt_weekly_binary,challenger,-0.093475801184,-0.018380943483,0.0,0.0,0.008539337448027595,0.0,0.0,0.0,1.0544254173911376,2.6465140086633503
2022-08-05,000985.CSI,中证全指,entry_frequency_inverse_sqrt_weekly_binary,challenger,-0.209044348716,-0.018380943483,0.0,0.0,0.014319285340945287,0.0,0.0,0.0,1.0695240358135065,2.6465140086633503
2022-08-08,000985.CSI,中证全指,entry_frequency_inverse_sqrt_weekly_binary,challenger,-0.101644142522,-0.101644142522,0.0,0.0,0.005244943013952508,0.0,0.0,0.0,1.0751336284334008,2.6465140086633503
2022-08-09,000985.CSI,中证全指,entry_frequency_inverse_sqrt_weekly_binary,challenger,-0.053284674169,-0.101644142522,0.0,0.0,0.0029301221626767404,0.0,0.0,0.0,1.0782839013059125,2.6465140086633503
2022-08-10,000985.CSI,中证全指,entry_frequency_inverse_sqrt_weekly_binary,challenger,0.054115532025,-0.101644142522,0.0,0.0,-0.005011259869999285,-0.0,0.0,-0.0,1.0728803404628318,2.6465140086633503
2022-08-11,000985.CSI,中证全指,entry_frequency_inverse_sqrt_weekly_binary,challenger,0.054115532025,-0.101644142522,0.0,0.0,0.01683807431468254,0.0,0.0,0.0,1.0909455793663068,2.6465140086633503
2022-08-12,000985.CSI,中证全指,entry_frequency_inverse_sqrt_weekly_binary,challenger,0.054115532025,-0.101644142522,0.0,0.0,-0.003120892602852088,-0.0,0.0,-0.0,1.0875408553775483,2.6465140086633503
2022-08-15,000985.CSI,中证全指,entry_frequency_inverse_sqrt_weekly_binary,challenger,0.137115541313,0.137115541313,1.0,1.0,0.0024547837789659077,0.0024547837789659077,0.0005,0.0019547837789659077,1.0902105330282919,2.6516873713182916
2022-08-16,000985.CSI,中证全指,entry_frequency_inverse_sqrt_weekly_binary,challenger,0.137115541313,0.137115541313,1.0,0.0,0.0023614349626412956,0.0023614349626412956,0.0,0.0023614349626412956,1.0927849942976247,2.657949158586917
2022-08-17,000985.CSI,中证全指,entry_frequency_inverse_sqrt_weekly_binary,challenger,-0.148712242158,0.137115541313,1.0,0.0,0.005795695675045565,0.005795695675045565,0.0,0.005795695675045565,1.09911844356283,2.67335382302983
2022-08-18,000985.CSI,中证全指,entry_frequency_inverse_sqrt_weekly_binary,challenger,-0.148712242158,0.137115541313,1.0,0.0,-0.0035648208412842886,-0.0035648208412842886,0.0,-0.0035648208412842886,1.0952002832281773,2.6638237956053663
2022-08-19,000985.CSI,中证全指,entry_frequency_inverse_sqrt_weekly_binary,challenger,-0.148712242158,0.137115541313,1.0,0.0,-0.010633704936921395,-0.010633704936921395,0.0,-0.010633704936921395,1.083554246569496,2.635497479358949
2022-08-22,000985.CSI,中证全指,entry_frequency_inverse_sqrt_weekly_binary,challenger,-0.073617384457,-0.073617384457,0.0,1.0,0.007873007185965175,0.0,0.0005,-0.0005,1.0920850769391208,2.6341797306192696
2022-08-23,000985.CSI,中证全指,entry_frequency_inverse_sqrt_weekly_binary,challenger,-0.073617384457,-0.073617384457,0.0,0.0,-0.0009320779854133932,-0.0,0.0,-0.0,1.0910671684807074,2.6341797306192696
2022-08-24,000985.CSI,中证全指,entry_frequency_inverse_sqrt_weekly_binary,challenger,-0.148712242158,-0.073617384457,0.0,0.0,-0.025795854350912473,-0.0,0.0,-0.0,1.0629221587155167,2.6341797306192696
2022-08-25,000985.CSI,中证全指,entry_frequency_inverse_sqrt_weekly_binary,challenger,-0.073617384457,-0.073617384457,0.0,0.0,0.0033348819672307517,0.0,0.0,0.0,1.066466878655187,2.6341797306192696
2022-08-26,000985.CSI,中证全指,entry_frequency_inverse_sqrt_weekly_binary,challenger,-0.073617384457,-0.073617384457,0.0,0.0,-0.0035345796537059604,-0.0,0.0,-0.0,1.062697366524541,2.6341797306192696
2022-08-29,000985.CSI,中证全指,entry_frequency_inverse_sqrt_weekly_binary,challenger,-0.232917633795,-0.232917633795,0.0,0.0,0.000641341684690655,0.0,0.0,0.0,1.0633789186439042,2.6341797306192696
2022-08-30,000985.CSI,中证全指,entry_frequency_inverse_sqrt_weekly_binary,challenger,-0.61371806476,-0.232917633795,0.0,0.0,-0.004620630835028172,-0.0,0.0,-0.0,1.0584654372230993,2.6341797306192696
2022-08-31,000985.CSI,中证全指,entry_frequency_inverse_sqrt_weekly_binary,challenger,-0.61371806476,-0.232917633795,0.0,0.0,-0.014137554990591661,-0.0,0.0,-0.0,1.043501323898717,2.6341797306192696
2022-09-01,000985.CSI,中证全指,entry_frequency_inverse_sqrt_weekly_binary,challenger,-0.533053247915,-0.232917633795,0.0,0.0,-0.0066671511382238036,-0.0,0.0,-0.0,1.0365441428593476,2.6341797306192696
2022-09-02,000985.CSI,中证全指,entry_frequency_inverse_sqrt_weekly_binary,challenger,-0.533053247915,-0.232917633795,0.0,0.0,0.002229086688860349,0.0,0.0,0.0,1.0388546896106114,2.6341797306192696
2022-09-05,000985.CSI,中证全指,entry_frequency_inverse_sqrt_weekly_binary,challenger,-0.844240325454,-0.844240325454,0.0,0.0,0.000874668010354851,0.0,0.0,0.0,1.039763342575021,2.6341797306192696
2022-09-06,000985.CSI,中证全指,entry_frequency_inverse_sqrt_weekly_binary,challenger,-0.692353497253,-0.844240325454,0.0,0.0,0.01355478786493336,0.0,0.0,0.0,1.0538571141133595,2.6341797306192696
2022-09-07,000985.CSI,中证全指,entry_frequency_inverse_sqrt_weekly_binary,challenger,-0.692353497253,-0.844240325454,0.0,0.0,0.0027514628648726003,0.0,0.0,0.0,1.0567567628277241,2.6341797306192696
2022-09-08,000985.CSI,中证全指,entry_frequency_inverse_sqrt_weekly_binary,challenger,-0.773018314098,-0.844240325454,0.0,0.0,-0.006338780713783354,-0.0,0.0,-0.0,1.0500582134403516,2.6341797306192696
2022-09-09,000985.CSI,中证全指,entry_frequency_inverse_sqrt_weekly_binary,challenger,-0.732544624268,-0.844240325454,0.0,0.0,0.007683935504752881,0.0,0.0,0.0,1.0581267930286633,2.6341797306192696
2022-09-13,000985.CSI,中证全指,entry_frequency_inverse_sqrt_weekly_binary,challenger,-0.732544624268,-0.732544624268,0.0,0.0,0.001888483028969823,0.0,0.0,0.0,1.0601250475197963,2.6341797306192696
2022-09-14,000985.CSI,中证全指,entry_frequency_inverse_sqrt_weekly_binary,challenger,-0.732544624268,-0.732544624268,0.0,0.0,-0.010402863821642683,-0.0,0.0,-0.0,1.0490967110165355,2.6341797306192696
2022-09-15,000985.CSI,中证全指,entry_frequency_inverse_sqrt_weekly_binary,challenger,-0.732544624268,-0.732544624268,0.0,0.0,-0.01827528378468657,-0.0,0.0,-0.0,1.029924170905127,2.6341797306192696
2022-09-16,000985.CSI,中证全指,entry_frequency_inverse_sqrt_weekly_binary,challenger,-0.732544624268,-0.732544624268,0.0,0.0,-0.023324030116694372,-0.0,0.0,-0.0,1.0059021885250243,2.6341797306192696
2022-09-19,000985.CSI,中证全指,entry_frequency_inverse_sqrt_weekly_binary,challenger,-0.732544624268,-0.732544624268,0.0,0.0,-0.005703363836282338,-0.0,0.0,-0.0,1.0001651623601535,2.6341797306192696
2022-09-20,000985.CSI,中证全指,entry_frequency_inverse_sqrt_weekly_binary,challenger,-0.718045062874,-0.732544624268,0.0,0.0,0.006957217493971601,0.0,0.0,0.0,1.0071235289245866,2.6341797306192696
2022-09-21,000985.CSI,中证全指,entry_frequency_inverse_sqrt_weekly_binary,challenger,-0.718045062874,-0.732544624268,0.0,0.0,-0.0028348621107877614,-0.0,0.0,-0.0,1.0042684725915554,2.6341797306192696
2022-09-22,000985.CSI,中证全指,entry_frequency_inverse_sqrt_weekly_binary,challenger,-0.718045062874,-0.732544624268,0.0,0.0,-0.005258527511230682,-0.0,0.0,-0.0,0.998987499199771,2.6341797306192696
2022-09-23,000985.CSI,中证全指,entry_frequency_inverse_sqrt_weekly_binary,challenger,-0.595867348917,-0.732544624268,0.0,0.0,-0.010913700178015184,-0.0,0.0,-0.0,0.9880848491519195,2.6341797306192696
2022-09-26,000985.CSI,中证全指,entry_frequency_inverse_sqrt_weekly_binary,challenger,-0.595867348917,-0.595867348917,0.0,0.0,-0.0095430613902997,-0.0,0.0,-0.0,0.9786554947776377,2.6341797306192696
2022-09-27,000985.CSI,中证全指,entry_frequency_inverse_sqrt_weekly_binary,challenger,-0.595867348917,-0.595867348917,0.0,0.0,0.017692225347798685,0.0,0.0,0.0,0.995970088329105,2.6341797306192696
2022-09-28,000985.CSI,中证全指,entry_frequency_inverse_sqrt_weekly_binary,challenger,-0.595867348917,-0.595867348917,0.0,0.0,-0.02252922365698473,-0.0,0.0,-0.0,0.9735316554534718,2.6341797306192696
2022-09-29,000985.CSI,中证全指,entry_frequency_inverse_sqrt_weekly_binary,challenger,-0.595867348917,-0.595867348917,0.0,0.0,-0.0008126712537652736,-0.0,0.0,-0.0,0.9727404942624542,2.6341797306192696
2022-09-30,000985.CSI,中证全指,entry_frequency_inverse_sqrt_weekly_binary,challenger,-0.520772491216,-0.595867348917,0.0,0.0,-0.009676513191573477,-0.0,0.0,-0.0,0.9633277580377458,2.6341797306192696
2022-10-10,000985.CSI,中证全指,entry_frequency_inverse_sqrt_weekly_binary,challenger,-0.413372285022,-0.413372285022,0.0,0.0,-0.02029191937035668,-0.0,0.0,-0.0,0.9437799888444174,2.6341797306192696
2022-10-11,000985.CSI,中证全指,entry_frequency_inverse_sqrt_weekly_binary,challenger,-0.520772491216,-0.413372285022,0.0,0.0,0.004746952117008707,0.0,0.0,0.0,0.9482600672604529,2.6341797306192696
2022-10-12,000985.CSI,中证全指,entry_frequency_inverse_sqrt_weekly_binary,challenger,-0.565259113223,-0.413372285022,0.0,0.0,0.021206691269062272,0.0,0.0,0.0,0.9683695257496255,2.6341797306192696
2022-10-13,000985.CSI,中证全指,entry_frequency_inverse_sqrt_weekly_binary,challenger,-0.565259113223,-0.413372285022,0.0,0.0,-0.000952594300972498,-0.0,0.0,-0.0,0.967447062458161,2.6341797306192696
2022-10-14,000985.CSI,中证全指,entry_frequency_inverse_sqrt_weekly_binary,challenger,-0.405958863885,-0.413372285022,0.0,0.0,0.0237635886267471,0.0,0.0,0.0,0.9904370764685717,2.6341797306192696
2022-10-17,000985.CSI,中证全指,entry_frequency_inverse_sqrt_weekly_binary,challenger,-0.536026972811,-0.536026972811,0.0,0.0,0.005986244024250409,0.0,0.0,0.0,0.9963660744989777,2.6341797306192696
2022-10-18,000985.CSI,中证全指,entry_frequency_inverse_sqrt_weekly_binary,challenger,-0.536026972811,-0.536026972811,0.0,0.0,0.0010415561403163132,0.0,0.0,0.0,0.997403845701875,2.6341797306192696
2022-10-19,000985.CSI,中证全指,entry_frequency_inverse_sqrt_weekly_binary,challenger,-0.536026972811,-0.536026972811,0.0,0.0,-0.012263836833003361,-0.0,0.0,-0.0,0.9851718476815772,2.6341797306192696
2022-10-20,000985.CSI,中证全指,entry_frequency_inverse_sqrt_weekly_binary,challenger,-0.536026972811,-0.536026972811,0.0,0.0,-0.005223359499567537,-0.0,0.0,-0.0,0.9800259409522831,2.6341797306192696
2022-10-21,000985.CSI,中证全指,entry_frequency_inverse_sqrt_weekly_binary,challenger,-0.41729157736,-0.536026972811,0.0,0.0,-0.0010726531904658998,-0.0,0.0,-0.0,0.9789747129999813,2.6341797306192696
2022-10-24,000985.CSI,中证全指,entry_frequency_inverse_sqrt_weekly_binary,challenger,-0.41729157736,-0.41729157736,0.0,0.0,-0.019793657690304167,-0.0,0.0,-0.0,0.9595972226433959,2.6341797306192696
2022-10-25,000985.CSI,中证全指,entry_frequency_inverse_sqrt_weekly_binary,challenger,-0.41729157736,-0.41729157736,0.0,0.0,-0.0021515517628454273,-0.0,0.0,-0.0,0.9575325995473959,2.6341797306192696
2022-10-26,000985.CSI,中证全指,entry_frequency_inverse_sqrt_weekly_binary,challenger,-0.41729157736,-0.41729157736,0.0,0.0,0.013600421789494499,0.0,0.0,0.0,0.9705554467784316,2.6341797306192696
2022-10-27,000985.CSI,中证全指,entry_frequency_inverse_sqrt_weekly_binary,challenger,-0.41729157736,-0.41729157736,0.0,0.0,-0.005509611647404267,-0.0,0.0,-0.0,0.9652080631844095,2.6341797306192696
2022-10-28,000985.CSI,中证全指,entry_frequency_inverse_sqrt_weekly_binary,challenger,-0.257991328022,-0.41729157736,0.0,0.0,-0.029644903771005815,-0.0,0.0,-0.0,0.9365945630323088,2.6341797306192696
2022-10-31,000985.CSI,中证全指,entry_frequency_inverse_sqrt_weekly_binary,challenger,-0.257991328022,-0.257991328022,0.0,0.0,-0.0006693991136990096,-0.0,0.0,-0.0,0.9359676074619196,2.6341797306192696
2022-11-01,000985.CSI,中证全指,entry_frequency_inverse_sqrt_weekly_binary,challenger,-0.106104499821,-0.257991328022,0.0,0.0,0.029842302065716364,0.0,0.0,0.0,0.9638990355275241,2.6341797306192696
2022-11-02,000985.CSI,中证全指,entry_frequency_inverse_sqrt_weekly_binary,challenger,0.175850437305,-0.257991328022,0.0,0.0,0.01243917554438112,0.0,0.0,0.0,0.9758891448375107,2.6341797306192696
2022-11-03,000985.CSI,中证全指,entry_frequency_inverse_sqrt_weekly_binary,challenger,0.175850437305,-0.257991328022,0.0,0.0,-0.0019267610021184156,-0.0,0.0,-0.0,0.9740088396908471,2.6341797306192696
2022-11-04,000985.CSI,中证全指,entry_frequency_inverse_sqrt_weekly_binary,challenger,0.175850437305,-0.257991328022,0.0,0.0,0.026735143403284756,0.0,0.0,0.0,1.0000491056960488,2.6341797306192696
2022-11-07,000985.CSI,中证全指,entry_frequency_inverse_sqrt_weekly_binary,challenger,0.175850437305,0.175850437305,1.0,1.0,0.0026142039767920178,0.0026142039767920178,0.0005,0.0021142039767920178,1.0026634380451467,2.63974892388133
2022-11-08,000985.CSI,中证全指,entry_frequency_inverse_sqrt_weekly_binary,challenger,0.175850437305,0.175850437305,1.0,0.0,-0.004301524932988299,-0.004301524932988299,0.0,-0.004301524932988299,0.9983504562669997,2.6283939780684253
2022-11-09,000985.CSI,中证全指,entry_frequency_inverse_sqrt_weekly_binary,challenger,0.181420396449,0.175850437305,1.0,0.0,-0.005241762132730976,-0.005241762132730976,0.0,-0.005241762132730976,0.9931173406501447,2.6146165620442883
2022-11-10,000985.CSI,中证全指,entry_frequency_inverse_sqrt_weekly_binary,challenger,0.181420396449,0.175850437305,1.0,0.0,-0.007107220827290317,-0.007107220827290317,0.0,-0.007107220827290317,0.9860590364027328,2.5960339047591487
2022-11-11,000985.CSI,中证全指,entry_frequency_inverse_sqrt_weekly_binary,challenger,0.371820611932,0.175850437305,1.0,0.0,0.01608825421120219,0.01608825421120219,0.0,0.01608825421120219,1.001923004847633,2.6377995581598137
2022-11-14,000985.CSI,中证全指,entry_frequency_inverse_sqrt_weekly_binary,challenger,0.089865674806,0.089865674806,1.0,0.0,-0.0013273777817265353,-0.0013273777817265353,0.0,-0.0013273777817265353,1.0005930745119977,2.6342982016336642
2022-11-15,000985.CSI,中证全指,entry_frequency_inverse_sqrt_weekly_binary,challenger,0.089865674806,0.089865674806,1.0,0.0,0.019640571868446255,0.019640571868446255,0.0,0.019640571868446255,1.0202452947030203,2.6860373247857687
2022-11-16,000985.CSI,中证全指,entry_frequency_inverse_sqrt_weekly_binary,challenger,0.089865674806,0.089865674806,1.0,0.0,-0.006679257718457787,-0.006679257718457787,0.0,-0.006679257718457787,1.013430813443655,2.668096589252128
2022-11-17,000985.CSI,中证全指,entry_frequency_inverse_sqrt_weekly_binary,challenger,0.089865674806,0.089865674806,1.0,0.0,-0.0006042189427081235,-0.0006042189427081235,0.0,-0.0006042189427081235,1.0128184793490482,2.6664844747519267
2022-11-18,000985.CSI,中证全指,entry_frequency_inverse_sqrt_weekly_binary,challenger,0.089865674806,0.089865674806,1.0,0.0,-0.005507813595758915,-0.005507813595758915,0.0,-0.005507813595758915,1.0072400639584538,2.651797975309008
2022-11-21,000985.CSI,中证全指,entry_frequency_inverse_sqrt_weekly_binary,challenger,0.089865674806,0.089865674806,1.0,0.0,-0.002431957635143145,-0.002431957635143145,0.0,-0.002431957635143145,1.004790498794488,2.6453489149760983
2022-11-22,000985.CSI,中证全指,entry_frequency_inverse_sqrt_weekly_binary,challenger,0.089865674806,0.089865674806,1.0,0.0,-0.006686091238245484,-0.006686091238245484,0.0,-0.006686091238245484,0.9980723778442259,2.6276618707735744
2022-11-23,000985.CSI,中证全指,entry_frequency_inverse_sqrt_weekly_binary,challenger,0.089865674806,0.089865674806,1.0,0.0,-0.001200609778232331,-0.001200609778232331,0.0,-0.001200609778232331,0.9968740823880025,2.6245070742376355
2022-11-24,000985.CSI,中证全指,entry_frequency_inverse_sqrt_weekly_binary,challenger,0.197265881,0.089865674806,1.0,0.0,-0.0008229141082304325,-0.0008229141082304325,0.0,-0.0008229141082304325,0.9960537406414761,2.6223473303390947
2022-11-25,000985.CSI,中证全指,entry_frequency_inverse_sqrt_weekly_binary,challenger,0.197265881,0.089865674806,1.0,0.0,-0.0023264037217114453,-0.0023264037217114453,0.0,-0.0023264037217114453,0.9937365175122231,2.616246691750174
2022-11-28,000985.CSI,中证全指,entry_frequency_inverse_sqrt_weekly_binary,challenger,0.197265881,0.197265881,1.0,0.0,-0.007254470569319715,-0.007254470569319715,0.0,-0.007254470569319715,0.9865274851922724,2.5972672071227922
2022-11-29,000985.CSI,中证全指,entry_frequency_inverse_sqrt_weekly_binary,challenger,0.197265881,0.197265881,1.0,0.0,0.023658293424442034,0.023658293424442034,0.0,0.023658293424442034,1.009867041908228,2.658714116810584
2022-11-30,000985.CSI,中证全指,entry_frequency_inverse_sqrt_weekly_binary,challenger,0.078530485549,0.197265881,1.0,0.0,0.0004939205367904265,0.0004939205367904265,0.0,0.0004939205367904265,1.0103658359796543,2.6600273103143315
2022-12-01,000985.CSI,中证全指,entry_frequency_inverse_sqrt_weekly_binary,challenger,-0.073356342652,0.197265881,1.0,0.0,0.009176824466520017,0.009176824466520017,0.0,0.009176824466520017,1.0196377859034085,2.6844379140172356
2022-12-02,000985.CSI,中证全指,entry_frequency_inverse_sqrt_weekly_binary,challenger,0.042212204879,0.197265881,1.0,0.0,-0.001753319680469323,-0.001753319680469323,0.0,-0.001753319680469323,1.0178500349064339,2.679731236191591
2022-12-05,000985.CSI,中证全指,entry_frequency_inverse_sqrt_weekly_binary,challenger,-0.038452611966,-0.038452611966,0.0,1.0,0.012878449062410313,0.0,0.0005,-0.0005,1.030958364734149,2.6783913705734954
2022-12-06,000985.CSI,中证全指,entry_frequency_inverse_sqrt_weekly_binary,challenger,-0.038452611966,-0.038452611966,0.0,0.0,0.0013678461813171339,0.0,0.0,0.0,1.0323685571964474,2.6783913705734954
2022-12-07,000985.CSI,中证全指,entry_frequency_inverse_sqrt_weekly_binary,challenger,-0.038452611966,-0.038452611966,0.0,0.0,-0.0011361053710734481,-0.0,0.0,-0.0,1.0311956777336893,2.6783913705734954
2022-12-08,000985.CSI,中证全指,entry_frequency_inverse_sqrt_weekly_binary,challenger,-0.070757960459,-0.038452611966,0.0,0.0,-0.0020886106369545354,-0.0,0.0,-0.0,1.0290419114723932,2.6783913705734954
2022-12-09,000985.CSI,中证全指,entry_frequency_inverse_sqrt_weekly_binary,challenger,-0.070757960459,-0.038452611966,0.0,0.0,0.005198145794907516,0.0,0.0,0.0,1.034391021357297,2.6783913705734954
2022-12-12,000985.CSI,中证全指,entry_frequency_inverse_sqrt_weekly_binary,challenger,-0.070757960459,-0.070757960459,0.0,0.0,-0.00738241105624593,-0.0,0.0,-0.0,1.0267547216447475,2.6783913705734954
2022-12-13,000985.CSI,中证全指,entry_frequency_inverse_sqrt_weekly_binary,challenger,-0.070757960459,-0.070757960459,0.0,0.0,-0.003958305345295399,-0.0,0.0,-0.0,1.0226905129417538,2.6783913705734954
2022-12-14,000985.CSI,中证全指,entry_frequency_inverse_sqrt_weekly_binary,challenger,-0.230058209797,-0.070757960459,0.0,0.0,-0.0006822121554321825,-0.0,0.0,-0.0,1.0219928210425797,2.6783913705734954
2022-12-15,000985.CSI,中证全指,entry_frequency_inverse_sqrt_weekly_binary,challenger,-0.337458415991,-0.070757960459,0.0,0.0,0.001235312199006966,0.0,0.0,0.0,1.0232553012417112,2.6783913705734954
2022-12-16,000985.CSI,中证全指,entry_frequency_inverse_sqrt_weekly_binary,challenger,-0.412553273692,-0.070757960459,0.0,0.0,-0.0044427753638170975,-0.0,0.0,-0.0,1.0187092077984592,2.6783913705734954
2022-12-19,000985.CSI,中证全指,entry_frequency_inverse_sqrt_weekly_binary,challenger,-0.412553273692,-0.412553273692,0.0,0.0,-0.01858618401576173,-0.0,0.0,-0.0,0.9997752910037662,2.6783913705734954
2022-12-20,000985.CSI,中证全指,entry_frequency_inverse_sqrt_weekly_binary,challenger,-0.534730987648,-0.412553273692,0.0,0.0,-0.011851403762886736,-0.0,0.0,-0.0,0.987926550357923,2.6783913705734954
2022-12-21,000985.CSI,中证全指,entry_frequency_inverse_sqrt_weekly_binary,challenger,-0.534730987648,-0.412553273692,0.0,0.0,-0.0034060800382388345,-0.0,0.0,-0.0,0.9845615934555028,2.6783913705734954
2022-12-22,000985.CSI,中证全指,entry_frequency_inverse_sqrt_weekly_binary,challenger,-0.534730987648,-0.412553273692,0.0,0.0,-0.0064257262776100665,-0.0,0.0,-0.0,0.9782350701525101,2.6783913705734954
2022-12-23,000985.CSI,中证全指,entry_frequency_inverse_sqrt_weekly_binary,challenger,-0.534730987648,-0.412553273692,0.0,0.0,-0.0028766939652913326,-0.0,0.0,-0.0,0.975420987229566,2.6783913705734954
2022-12-26,000985.CSI,中证全指,entry_frequency_inverse_sqrt_weekly_binary,challenger,-0.534730987648,-0.534730987648,0.0,0.0,0.010586524805939357,0.0,0.0,0.0,0.9857473057071057,2.6783913705734954
2022-12-27,000985.CSI,中证全指,entry_frequency_inverse_sqrt_weekly_binary,challenger,-0.534730987648,-0.534730987648,0.0,0.0,0.009002906717846981,0.0,0.0,0.0,0.9946218967477557,2.6783913705734954
2022-12-28,000985.CSI,中证全指,entry_frequency_inverse_sqrt_weekly_binary,challenger,-0.534730987648,-0.534730987648,0.0,0.0,-0.0063992084879685995,-0.0,0.0,-0.0,0.9882571038637681,2.6783913705734954
2022-12-29,000985.CSI,中证全指,entry_frequency_inverse_sqrt_weekly_binary,challenger,-0.459636129947,-0.534730987648,0.0,0.0,-0.003033166282804811,-0.0,0.0,-0.0,0.9852595557375862,2.6783913705734954
2022-12-30,000985.CSI,中证全指,entry_frequency_inverse_sqrt_weekly_binary,challenger,-0.459636129947,-0.534730987648,0.0,0.0,0.004116294860919911,0.0,0.0,0.0,0.989315174583541,2.6783913705734954
2023-01-03,000985.CSI,中证全指,entry_frequency_inverse_sqrt_weekly_binary,challenger,-0.307749301746,-0.307749301746,0.0,0.0,0.012465501789967082,0.0,0.0,0.0,1.0016474846631538,2.6783913705734954
2023-01-04,000985.CSI,中证全指,entry_frequency_inverse_sqrt_weekly_binary,challenger,-0.307749301746,-0.307749301746,0.0,0.0,0.0011529890681469812,0.0,0.0,0.0,1.0028023732631073,2.6783913705734954
2023-01-05,000985.CSI,中证全指,entry_frequency_inverse_sqrt_weekly_binary,challenger,-0.117349086264,-0.307749301746,0.0,0.0,0.013702314854183273,0.0,0.0,0.0,1.0165430871180805,2.6783913705734954
2023-01-06,000985.CSI,中证全指,entry_frequency_inverse_sqrt_weekly_binary,challenger,-0.117349086264,-0.307749301746,0.0,0.0,0.0015763569011972844,0.0,0.0,0.0,1.0181455218288236,2.6783913705734954
2023-01-09,000985.CSI,中证全指,entry_frequency_inverse_sqrt_weekly_binary,challenger,-0.192443943965,-0.192443943965,0.0,0.0,0.006795254442897747,0.0,0.0,0.0,1.0250640797095474,2.6783913705734954
2023-01-10,000985.CSI,中证全指,entry_frequency_inverse_sqrt_weekly_binary,challenger,-0.192443943965,-0.192443943965,0.0,0.0,0.0007504508162943235,0.0,0.0,0.0,1.0258333398849193,2.6783913705734954
2023-01-11,000985.CSI,中证全指,entry_frequency_inverse_sqrt_weekly_binary,challenger,-0.192443943965,-0.192443943965,0.0,0.0,-0.004659520488492497,-0.0,0.0,-0.0,1.021053448419947,2.6783913705734954
2023-01-12,000985.CSI,中证全指,entry_frequency_inverse_sqrt_weekly_binary,challenger,-0.085043737771,-0.192443943965,0.0,0.0,0.0010151101159407983,0.0,0.0,0.0,1.0220899301043542,2.6783913705734954
2023-01-13,000985.CSI,中证全指,entry_frequency_inverse_sqrt_weekly_binary,challenger,-0.085043737771,-0.192443943965,0.0,0.0,0.009144898223100162,0.0,0.0,0.0,1.031436838490014,2.6783913705734954
2023-01-16,000985.CSI,中证全指,entry_frequency_inverse_sqrt_weekly_binary,challenger,0.022356468423,0.022356468423,1.0,1.0,0.012962881258307357,0.012962881258307357,0.0005,0.012462881258307357,1.044807231752804,2.711771844188228
2023-01-17,000985.CSI,中证全指,entry_frequency_inverse_sqrt_weekly_binary,challenger,0.097451326124,0.022356468423,1.0,0.0,-0.00027469283333381167,-0.00027469283333381167,0.0,-0.00027469283333381167,1.0445202306940262,2.711026939896993
2023-01-18,000985.CSI,中证全指,entry_frequency_inverse_sqrt_weekly_binary,challenger,0.29685153842,0.022356468423,1.0,0.0,0.0007757191869861568,0.0007757191869861568,0.0,0.0007757191869861568,1.0453304850781708,2.7131299355107075
2023-01-19,000985.CSI,中证全指,entry_frequency_inverse_sqrt_weekly_binary,challenger,0.29685153842,0.022356468423,1.0,0.0,0.006645317447763643,0.006645317447763643,0.0,0.006645317447763643,1.05227703798934,2.7311595452092066
2023-01-20,000985.CSI,中证全指,entry_frequency_inverse_sqrt_weekly_binary,challenger,0.29685153842,0.022356468423,1.0,0.0,0.007399457320949043,0.007399457320949043,0.0,0.007399457320949043,1.0600633170217568,2.7513686437006846
2023-01-30,000985.CSI,中证全指,entry_frequency_inverse_sqrt_weekly_binary,challenger,0.29685153842,0.29685153842,1.0,0.0,0.007072759108868176,0.007072759108868176,0.0,0.007072759108868176,1.0675608895031994,2.770828411337273
2023-01-31,000985.CSI,中证全指,entry_frequency_inverse_sqrt_weekly_binary,challenger,0.29685153842,0.29685153842,1.0,0.0,-0.003977397492341717,-0.003977397492341717,0.0,-0.003977397492341717,1.0633147754983672,2.759807725362311
2023-02-01,000985.CSI,中证全指,entry_frequency_inverse_sqrt_weekly_binary,challenger,0.29685153842,0.29685153842,1.0,0.0,0.012348903553065504,0.012348903553065504,0.0,0.012348903553065504,1.076445547107546,2.7938883247878152
2023-02-02,000985.CSI,中证全指,entry_frequency_inverse_sqrt_weekly_binary,challenger,0.29685153842,0.29685153842,1.0,0.0,-0.0005844987063297058,-0.0005844987063297058,0.0,-0.0005844987063297058,1.0758163660778273,2.7922553006763473
2023-02-03,000985.CSI,中证全指,entry_frequency_inverse_sqrt_weekly_binary,challenger,0.29685153842,0.29685153842,1.0,0.0,-0.005575540437631754,-0.005575540437631754,0.0,-0.005575540437631754,1.0698181084252942,2.776686968335235
2023-02-06,000985.CSI,中证全指,entry_frequency_inverse_sqrt_weekly_binary,challenger,0.29685153842,0.29685153842,1.0,0.0,-0.008448909763345891,-0.008448909763345891,0.0,-0.008448909763345891,1.0607793117640156,2.753226990698712
2023-02-07,000985.CSI,中证全指,entry_frequency_inverse_sqrt_weekly_binary,challenger,0.29685153842,0.29685153842,1.0,0.0,0.0033014047288013604,0.0033014047288013604,0.0,0.0033014047288013604,1.064281373600088,2.7623165073052682
2023-02-08,000985.CSI,中证全指,entry_frequency_inverse_sqrt_weekly_binary,challenger,0.29685153842,0.29685153842,1.0,0.0,-0.005398548322896657,-0.005398548322896657,0.0,-0.005398548322896657,1.058535799175549,2.747404008157446
2023-02-09,000985.CSI,中证全指,entry_frequency_inverse_sqrt_weekly_binary,challenger,0.29685153842,0.29685153842,1.0,0.0,0.014025325909878372,0.014025325909878372,0.0,0.014025325909878372,1.0733821087462596,2.7859372447779602
2023-02-10,000985.CSI,中证全指,entry_frequency_inverse_sqrt_weekly_binary,challenger,0.29685153842,0.29685153842,1.0,0.0,-0.004144208094489454,-0.004144208094489454,0.0,-0.004144208094489454,1.0689337899227132,2.774391741097412
2023-02-13,000985.CSI,中证全指,entry_frequency_inverse_sqrt_weekly_binary,challenger,0.29685153842,0.29685153842,1.0,0.0,0.009476343444805524,0.009476343444805524,0.0,0.009476343444805524,1.0790633736357784,2.8006828300864828
2023-02-14,000985.CSI,中证全指,entry_frequency_inverse_sqrt_weekly_binary,challenger,0.29685153842,0.29685153842,1.0,0.0,0.0007786231215447525,0.0007786231215447525,0.0,0.0007786231215447525,1.0799035573281033,2.8028635064941017
2023-02-15,000985.CSI,中证全指,entry_frequency_inverse_sqrt_weekly_binary,challenger,0.29685153842,0.29685153842,1.0,0.0,-0.0021793576106740042,-0.0021793576106740042,0.0,-0.0021793576106740042,1.0775500612916464,2.796755064579543
2023-02-16,000985.CSI,中证全指,entry_frequency_inverse_sqrt_weekly_binary,challenger,0.189451332226,0.29685153842,1.0,0.0,-0.01371327282056034,-0.01371327282056034,0.0,-0.01371327282056034,1.0627733233233425,2.75840239936668
2023-02-17,000985.CSI,中证全指,entry_frequency_inverse_sqrt_weekly_binary,challenger,0.189451332226,0.29685153842,1.0,0.0,-0.010770830798584874,-0.010770830798584874,0.0,-0.010770830798584874,1.051326371680577,2.728692113848691
2023-02-20,000985.CSI,中证全指,entry_frequency_inverse_sqrt_weekly_binary,challenger,0.189451332226,0.189451332226,1.0,0.0,0.019234216087083977,0.019234216087083977,0.0,0.019234216087083977,1.0715478102915312,2.781176367601579
2023-02-21,000985.CSI,中证全指,entry_frequency_inverse_sqrt_weekly_binary,challenger,0.073882784695,0.189451332226,1.0,0.0,0.003739054391677099,0.003739054391677099,0.0,0.003739054391677099,1.0755543858374939,2.791575337312888
2023-02-22,000985.CSI,中证全指,entry_frequency_inverse_sqrt_weekly_binary,challenger,-0.116517430788,0.189451332226,1.0,0.0,-0.0042318301681676385,-0.0042318301681676385,0.0,-0.0042318301681676385,1.0710028223400017,2.779761864583735
2023-02-23,000985.CSI,中证全指,entry_frequency_inverse_sqrt_weekly_binary,challenger,-0.116517430788,0.189451332226,1.0,0.0,-0.0019543527348693246,-0.0019543527348693246,0.0,-0.0019543527348693246,1.0689097050451086,2.7743292293814004
2023-02-24,000985.CSI,中证全指,entry_frequency_inverse_sqrt_weekly_binary,challenger,-0.116517430788,0.189451332226,1.0,0.0,-0.006560953721097884,-0.006560953721097884,0.0,-0.006560953721097884,1.0618966379382753,2.75612698370034
2023-02-27,000985.CSI,中证全指,entry_frequency_inverse_sqrt_weekly_binary,challenger,-0.425653041721,-0.425653041721,0.0,1.0,-0.0056793184731653845,-0.0,0.0005,-0.0005,1.0558657887458403,2.75474892020849
2023-02-28,000985.CSI,中证全指,entry_frequency_inverse_sqrt_weekly_binary,challenger,-0.425653041721,-0.425653041721,0.0,0.0,0.007617777627370925,0.0,0.0,0.0,1.0639091395288547,2.75474892020849
2023-03-01,000985.CSI,中证全指,entry_frequency_inverse_sqrt_weekly_binary,challenger,-0.425653041721,-0.425653041721,0.0,0.0,0.010689169533947052,0.0,0.0,0.0,1.0752814446899943,2.75474892020849
2023-03-02,000985.CSI,中证全指,entry_frequency_inverse_sqrt_weekly_binary,challenger,-0.577539869922,-0.425653041721,0.0,0.0,-0.0030441112079807597,-0.0,0.0,-0.0,1.0720081683924798,2.75474892020849
2023-03-03,000985.CSI,中证全指,entry_frequency_inverse_sqrt_weekly_binary,challenger,-0.658204686767,-0.425653041721,0.0,0.0,0.001470894324237193,0.0,0.0,0.0,1.0735849791229042,2.75474892020849
2023-03-06,000985.CSI,中证全指,entry_frequency_inverse_sqrt_weekly_binary,challenger,-0.733299544468,-0.733299544468,0.0,0.0,-0.001382717340923656,-0.0,0.0,-0.0,1.0721005145553157,2.75474892020849
2023-03-07,000985.CSI,中证全指,entry_frequency_inverse_sqrt_weekly_binary,challenger,-0.733299544468,-0.733299544468,0.0,0.0,-0.01717567840425105,-0.0,0.0,-0.0,1.0536864609002816,2.75474892020849
2023-03-08,000985.CSI,中证全指,entry_frequency_inverse_sqrt_weekly_binary,challenger,-0.733299544468,-0.733299544468,0.0,0.0,0.0010550676794995884,0.0,0.0,0.0,1.0547981714295038,2.75474892020849
2023-03-09,000985.CSI,中证全指,entry_frequency_inverse_sqrt_weekly_binary,challenger,-0.733299544468,-0.733299544468,0.0,0.0,-0.0019341351738638712,-0.0,0.0,-0.0,1.0527580491848147,2.75474892020849
2023-03-10,000985.CSI,中证全指,entry_frequency_inverse_sqrt_weekly_binary,challenger,-0.840699750662,-0.733299544468,0.0,0.0,-0.013462805567196923,-0.0,0.0,-0.0,1.038584972259338,2.75474892020849
2023-03-13,000985.CSI,中证全指,entry_frequency_inverse_sqrt_weekly_binary,challenger,-0.765604892961,-0.765604892961,0.0,0.0,0.007512727613824488,0.0,0.0,0.0,1.046387578259734,2.75474892020849
2023-03-14,000985.CSI,中证全指,entry_frequency_inverse_sqrt_weekly_binary,challenger,-0.840699750662,-0.765604892961,0.0,0.0,-0.008194290331348775,-0.0,0.0,-0.0,1.0378131746443569,2.75474892020849
2023-03-15,000985.CSI,中证全指,entry_frequency_inverse_sqrt_weekly_binary,challenger,-0.840699750662,-0.765604892961,0.0,0.0,0.0035252702822785587,0.0,0.0,0.0,1.0414717465874879,2.75474892020849
2023-03-16,000985.CSI,中证全指,entry_frequency_inverse_sqrt_weekly_binary,challenger,-0.840699750662,-0.765604892961,0.0,0.0,-0.013914947584892534,-0.0,0.0,-0.0,1.0269797218225765,2.75474892020849
2023-03-17,000985.CSI,中证全指,entry_frequency_inverse_sqrt_weekly_binary,challenger,-0.840699750662,-0.765604892961,0.0,0.0,0.006068252709461763,0.0,0.0,0.0,1.0332116943020886,2.75474892020849
2023-03-20,000985.CSI,中证全指,entry_frequency_inverse_sqrt_weekly_binary,challenger,-0.602953489174,-0.602953489174,0.0,0.0,-0.0038769623127136166,-0.0,0.0,-0.0,1.0292059715022244,2.75474892020849
2023-03-21,000985.CSI,中证全指,entry_frequency_inverse_sqrt_weekly_binary,challenger,-0.602953489174,-0.602953489174,0.0,0.0,0.012397799668677933,0.0,0.0,0.0,1.041965860954716,2.75474892020849
2023-03-22,000985.CSI,中证全指,entry_frequency_inverse_sqrt_weekly_binary,challenger,-0.527858631473,-0.602953489174,0.0,0.0,0.004852240759497084,0.0,0.0,0.0,1.047021730175245,2.75474892020849
2023-03-23,000985.CSI,中证全指,entry_frequency_inverse_sqrt_weekly_binary,challenger,-0.527858631473,-0.602953489174,0.0,0.0,0.006277238734850199,0.0,0.0,0.0,1.053594135536131,2.75474892020849
2023-03-24,000985.CSI,中证全指,entry_frequency_inverse_sqrt_weekly_binary,challenger,-0.388143070314,-0.602953489174,0.0,0.0,-0.0010540743955109733,-0.0,0.0,-0.0,1.0524835689346017,2.75474892020849
2023-03-27,000985.CSI,中证全指,entry_frequency_inverse_sqrt_weekly_binary,challenger,-0.155591425268,-0.155591425268,0.0,0.0,-0.0009327046795502003,-0.0,0.0,-0.0,1.0515019125847067,2.75474892020849
2023-03-28,000985.CSI,中证全指,entry_frequency_inverse_sqrt_weekly_binary,challenger,-0.155591425268,-0.155591425268,0.0,0.0,-0.005655491479853225,-0.0,0.0,-0.0,1.0455551524770346,2.75474892020849
2023-03-29,000985.CSI,中证全指,entry_frequency_inverse_sqrt_weekly_binary,challenger,-0.155591425268,-0.155591425268,0.0,0.0,-0.001031166503800196,-0.0,0.0,-0.0,1.0444770110259245,2.75474892020849
2023-03-30,000985.CSI,中证全指,entry_frequency_inverse_sqrt_weekly_binary,challenger,-0.155591425268,-0.155591425268,0.0,0.0,0.0037412570667552103,0.0,0.0,0.0,1.0483846680244886,2.75474892020849
2023-03-31,000985.CSI,中证全指,entry_frequency_inverse_sqrt_weekly_binary,challenger,-0.155591425268,-0.155591425268,0.0,0.0,0.006625462157057838,0.0,0.0,0.0,1.0553307009685244,2.75474892020849
2023-04-03,000985.CSI,中证全指,entry_frequency_inverse_sqrt_weekly_binary,challenger,-0.155591425268,-0.155591425268,0.0,0.0,0.010830906266542595,0.0,0.0,0.0,1.0667608888709192,2.75474892020849
2023-04-04,000985.CSI,中证全指,entry_frequency_inverse_sqrt_weekly_binary,challenger,-0.188742858018,-0.155591425268,0.0,0.0,-0.0007249586336064429,-0.0,0.0,-0.0,1.0659875313545386,2.75474892020849
2023-04-06,000985.CSI,中证全指,entry_frequency_inverse_sqrt_weekly_binary,challenger,-0.232285139482,-0.155591425268,0.0,0.0,-0.00028917534784556054,-0.0,0.0,-0.0,1.0656792740393601,2.75474892020849
2023-04-07,000985.CSI,中证全指,entry_frequency_inverse_sqrt_weekly_binary,challenger,-0.232285139482,-0.155591425268,0.0,0.0,0.007616951845667019,0.0,0.0,0.0,1.0737965017526434,2.75474892020849
2023-04-10,000985.CSI,中证全指,entry_frequency_inverse_sqrt_weekly_binary,challenger,-0.232285139482,-0.232285139482,0.0,0.0,-0.008028264455622547,-0.0,0.0,-0.0,1.065175779465051,2.75474892020849
2023-04-11,000985.CSI,中证全指,entry_frequency_inverse_sqrt_weekly_binary,challenger,-0.232285139482,-0.232285139482,0.0,0.0,0.0006651552064937949,0.0,0.0,0.0,1.065884286680593,2.75474892020849
2023-04-12,000985.CSI,中证全指,entry_frequency_inverse_sqrt_weekly_binary,challenger,-0.232285139482,-0.232285139482,0.0,0.0,0.0029035072731882217,0.0,0.0,0.0,1.0689790894593472,2.75474892020849
2023-04-13,000985.CSI,中证全指,entry_frequency_inverse_sqrt_weekly_binary,challenger,-0.232285139482,-0.232285139482,0.0,0.0,-0.006596055597121286,-0.0,0.0,-0.0,1.0619280439531131,2.75474892020849
2023-04-14,000985.CSI,中证全指,entry_frequency_inverse_sqrt_weekly_binary,challenger,-0.232285139482,-0.232285139482,0.0,0.0,0.005106011932438426,0.0,0.0,0.0,1.0673502612169288,2.75474892020849
2023-04-17,000985.CSI,中证全指,entry_frequency_inverse_sqrt_weekly_binary,challenger,-0.232285139482,-0.232285139482,0.0,0.0,0.007093707178901232,0.0,0.0,0.0,1.0749217314273254,2.75474892020849
2023-04-18,000985.CSI,中证全指,entry_frequency_inverse_sqrt_weekly_binary,challenger,-0.232285139482,-0.232285139482,0.0,0.0,-0.00019279366534652453,-0.0,0.0,-0.0,1.074714493326763,2.75474892020849
2023-04-19,000985.CSI,中证全指,entry_frequency_inverse_sqrt_weekly_binary,challenger,-0.232285139482,-0.232285139482,0.0,0.0,-0.006410909441651458,-0.0,0.0,-0.0,1.0678245960344148,2.75474892020849
2023-04-20,000985.CSI,中证全指,entry_frequency_inverse_sqrt_weekly_binary,challenger,-0.232285139482,-0.232285139482,0.0,0.0,-0.002078457191475591,-0.0,0.0,-0.0,1.0656051683235526,2.75474892020849
2023-04-21,000985.CSI,中证全指,entry_frequency_inverse_sqrt_weekly_binary,challenger,-0.351020534933,-0.232285139482,0.0,0.0,-0.023398036657348964,-0.0,0.0,-0.0,1.0406720995328576,2.75474892020849
2023-04-24,000985.CSI,中证全指,entry_frequency_inverse_sqrt_weekly_binary,challenger,-0.426115392634,-0.426115392634,0.0,0.0,-0.008889492904783913,-0.0,0.0,-0.0,1.0314210522878537,2.75474892020849
2023-04-25,000985.CSI,中证全指,entry_frequency_inverse_sqrt_weekly_binary,challenger,-0.426115392634,-0.426115392634,0.0,0.0,-0.011487358966709271,-0.0,0.0,-0.0,1.0195727484144022,2.75474892020849
2023-04-26,000985.CSI,中证全指,entry_frequency_inverse_sqrt_weekly_binary,challenger,-0.426115392634,-0.426115392634,0.0,0.0,0.002657472297750596,0.0,0.0,0.0,1.022282234748855,2.75474892020849
2023-04-27,000985.CSI,中证全指,entry_frequency_inverse_sqrt_weekly_binary,challenger,-0.426115392634,-0.426115392634,0.0,0.0,0.0034880060424049564,0.0,0.0,0.0,1.025847961360702,2.75474892020849
2023-04-28,000985.CSI,中证全指,entry_frequency_inverse_sqrt_weekly_binary,challenger,-0.036760249314,-0.426115392634,0.0,0.0,0.01348913546575492,0.0,0.0,0.0,1.039685763478765,2.75474892020849
2023-05-04,000985.CSI,中证全指,entry_frequency_inverse_sqrt_weekly_binary,challenger,0.038334608387,0.038334608387,1.0,1.0,0.00234422017485314,0.00234422017485314,0.0005,0.00184422017485314,1.0421230158210195,2.7598292837437937
2023-05-05,000985.CSI,中证全指,entry_frequency_inverse_sqrt_weekly_binary,challenger,0.145734814581,0.038334608387,1.0,0.0,-0.0067739229244210275,-0.0067739229244210275,0.0,-0.0067739229244210275,1.0350637548340826,2.741134412891153
2023-05-08,000985.CSI,中证全指,entry_frequency_inverse_sqrt_weekly_binary,challenger,0.145734814581,0.145734814581,1.0,0.0,0.009065277043728948,0.009065277043728948,0.0,0.009065277043728948,1.044446894529576,2.7659835557581105
2023-05-09,000985.CSI,中证全指,entry_frequency_inverse_sqrt_weekly_binary,challenger,0.267912528538,0.145734814581,1.0,0.0,-0.011218359722920068,-0.011218359722920068,0.0,-0.011218359722920068,1.0327299135552563,2.7349537572419345
2023-05-10,000985.CSI,中证全指,entry_frequency_inverse_sqrt_weekly_binary,challenger,0.192817670837,0.145734814581,1.0,0.0,-0.002753153018163923,-0.002753153018163923,0.0,-0.002753153018163923,1.0298866500768036,2.727424011050645
2023-05-11,000985.CSI,中证全指,entry_frequency_inverse_sqrt_weekly_binary,challenger,0.192817670837,0.145734814581,1.0,0.0,-0.00025120710781012523,-0.00025120710781012523,0.0,-0.00025120710781012523,1.0296279352300655,2.726738862753057
2023-05-12,000985.CSI,中证全指,entry_frequency_inverse_sqrt_weekly_binary,challenger,0.192817670837,0.145734814581,1.0,0.0,-0.012443986878599489,-0.012443986878599489,0.0,-0.012443986878599489,1.016815258714223,2.6928073601235907
2023-05-15,000985.CSI,中证全指,entry_frequency_inverse_sqrt_weekly_binary,challenger,0.192817670837,0.192817670837,1.0,0.0,0.012167477877540911,0.012167477877540911,0.0,0.012167477877540911,1.0291873358801744,2.725572034106374
2023-05-16,000985.CSI,中证全指,entry_frequency_inverse_sqrt_weekly_binary,challenger,0.085417464643,0.192817670837,1.0,0.0,-0.007099346349013769,-0.007099346349013769,0.0,-0.007099346349013769,1.0218807785247424,2.706222254237067
2023-05-17,000985.CSI,中证全指,entry_frequency_inverse_sqrt_weekly_binary,challenger,-0.021982741551,0.192817670837,1.0,0.0,0.0007442401731383441,0.0007442401731383441,0.0,0.0007442401731383441,1.0226413032522783,2.708236333556111
2023-05-18,000985.CSI,中证全指,entry_frequency_inverse_sqrt_weekly_binary,challenger,0.243512331633,0.192817670837,1.0,0.0,0.0015254058208544752,0.0015254058208544752,0.0,0.0015254058208544752,1.0242012462489056,2.7123674930235673
2023-05-19,000985.CSI,中证全指,entry_frequency_inverse_sqrt_weekly_binary,challenger,0.121334617676,0.192817670837,1.0,0.0,-0.0014984295305882078,-0.0014984295305882078,0.0,-0.0014984295305882078,1.022666552856261,2.708303201474213
2023-05-22,000985.CSI,中证全指,entry_frequency_inverse_sqrt_weekly_binary,challenger,0.121334617676,0.121334617676,1.0,0.0,0.0035572670679009377,0.0035572670679009377,0.0,0.0035572670679009377,1.0263044509061805,2.717937359262708
2023-05-23,000985.CSI,中证全指,entry_frequency_inverse_sqrt_weekly_binary,challenger,0.22873482387,0.121334617676,1.0,0.0,-0.012265456220720283,-0.012265456220720283,0.0,-0.012265456220720283,1.0137163585944604,2.6846006175720114
2023-05-24,000985.CSI,中证全指,entry_frequency_inverse_sqrt_weekly_binary,challenger,0.22873482387,0.121334617676,1.0,0.0,-0.008273360689137199,-0.008273360689137199,0.0,-0.008273360689137199,1.0053295175233297,2.662389948356558
2023-05-25,000985.CSI,中证全指,entry_frequency_inverse_sqrt_weekly_binary,challenger,0.121334617676,0.121334617676,1.0,0.0,-0.0019883853107623972,-0.0019883853107623972,0.0,-0.0019883853107623972,1.0033305350782105,2.657096091291724
2023-05-26,000985.CSI,中证全指,entry_frequency_inverse_sqrt_weekly_binary,challenger,0.069434574532,0.121334617676,1.0,0.0,0.0037158509682837515,0.0037158509682837515,0.0,0.0037158509682837515,1.0070587618184894,2.666969464375373
2023-05-29,000985.CSI,中证全指,entry_frequency_inverse_sqrt_weekly_binary,challenger,0.069434574532,0.069434574532,1.0,0.0,-0.003513946604856044,-0.003513946604856044,0.0,-0.003513946604856044,1.0035200111015068,2.657597876080777
2023-05-30,000985.CSI,中证全指,entry_frequency_inverse_sqrt_weekly_binary,challenger,-0.005660283169,0.069434574532,1.0,0.0,0.003381630917683065,0.003381630917683065,0.0,0.003381630917683065,1.0069135453975613,2.6665848912253005
2023-05-31,000985.CSI,中证全指,entry_frequency_inverse_sqrt_weekly_binary,challenger,-0.005660283169,0.069434574532,1.0,0.0,-0.005461765811275776,-0.005461765811275776,0.0,-0.005461765811275776,1.0014140194203984,2.6520206290335415
2023-06-01,000985.CSI,中证全指,entry_frequency_inverse_sqrt_weekly_binary,challenger,-0.113060489363,0.069434574532,1.0,0.0,0.002122499592298377,0.002122499592298377,0.0,0.002122499592298377,1.0035395202683401,2.657649541737432
2023-06-02,000985.CSI,中证全指,entry_frequency_inverse_sqrt_weekly_binary,challenger,-0.037965631662,0.069434574532,1.0,0.0,0.010888962772379163,0.010888962772379163,0.0,0.010888962772379163,1.0144670247451533,2.6865885886594416
2023-06-05,000985.CSI,中证全指,entry_frequency_inverse_sqrt_weekly_binary,challenger,-0.037965631662,-0.037965631662,0.0,1.0,-0.001166445408206318,-0.0,0.0005,-0.0005,1.0132837043423626,2.685245294365112
2023-06-06,000985.CSI,中证全指,entry_frequency_inverse_sqrt_weekly_binary,challenger,0.069434574532,-0.037965631662,0.0,0.0,-0.014885246596159196,-0.0,0.0,-0.0,0.9982007265313568,2.685245294365112
2023-06-07,000985.CSI,中证全指,entry_frequency_inverse_sqrt_weekly_binary,challenger,0.34049960686,-0.037965631662,1.0,1.0,-0.0009534842179411696,-0.0009534842179411696,0.0005,-0.0014534842179411696,0.9972489578922717,2.681342332708452
2023-06-08,000985.CSI,中证全指,entry_frequency_inverse_sqrt_weekly_binary,challenger,0.34049960686,-0.037965631662,1.0,0.0,0.0009330167550087864,0.0009330167550087864,0.0,0.0009330167550087864,0.9981794078789002,2.683844070030783
2023-06-09,000985.CSI,中证全指,entry_frequency_inverse_sqrt_weekly_binary,challenger,0.34049960686,-0.037965631662,1.0,0.0,0.005784183288247036,0.005784183288247036,0.0,0.005784183288247036,1.0039530605286258,2.699367916048916
2023-06-12,000985.CSI,中证全指,entry_frequency_inverse_sqrt_weekly_binary,challenger,0.34049960686,0.34049960686,1.0,0.0,0.003699003677748447,0.003699003677748447,0.0,0.003699003677748447,1.007666686591808,2.709352887897977
2023-06-13,000985.CSI,中证全指,entry_frequency_inverse_sqrt_weekly_binary,challenger,0.447899813054,0.34049960686,1.0,0.0,0.004426631651671231,0.004426631651671231,0.0,0.004426631651671231,1.01212725584101,2.7213461951470928
2023-06-14,000985.CSI,中证全指,entry_frequency_inverse_sqrt_weekly_binary,challenger,0.34049960686,0.34049960686,1.0,0.0,0.0008639410936925884,0.0008639410936925884,0.0,0.0008639410936925884,1.0130016741693773,2.723697277955244
2023-06-15,000985.CSI,中证全指,entry_frequency_inverse_sqrt_weekly_binary,challenger,0.570077527011,0.34049960686,1.0,0.0,0.010514837034870439,0.010514837034870439,0.0,0.010514837034870439,1.0236532216893193,2.752336510965264
2023-06-16,000985.CSI,中证全指,entry_frequency_inverse_sqrt_weekly_binary,challenger,0.414317852464,0.34049960686,1.0,0.0,0.008891747780573,0.008891747780573,0.0,0.008891747780573,1.0327552879513517,2.7768095930280294
2023-06-19,000985.CSI,中证全指,entry_frequency_inverse_sqrt_weekly_binary,challenger,0.49498266931,0.49498266931,1.0,0.0,-0.003139976197685579,-0.003139976197685579,0.0,-0.003139976197685579,1.0295124609291506,2.7680904770004164
2023-06-20,000985.CSI,中证全指,entry_frequency_inverse_sqrt_weekly_binary,challenger,0.49498266931,0.49498266931,1.0,0.0,-0.0017118151264713388,-0.0017118151264713388,0.0,-0.0017118151264713388,1.0277501259256414,2.763352017850446
2023-06-21,000985.CSI,中证全指,entry_frequency_inverse_sqrt_weekly_binary,challenger,0.49498266931,0.49498266931,1.0,0.0,-0.017888668288724485,-0.017888668288724485,0.0,-0.017888668288724485,1.0093650448392628,2.713919330238142
2023-06-26,000985.CSI,中证全指,entry_frequency_inverse_sqrt_weekly_binary,challenger,0.387582463116,0.387582463116,1.0,0.0,-0.016947703506801526,-0.016947703506801526,0.0,-0.016947703506801526,0.9922586253291975,2.6679246300878887
2023-06-27,000985.CSI,中证全指,entry_frequency_inverse_sqrt_weekly_binary,challenger,0.387582463116,0.387582463116,1.0,0.0,0.012062084578824406,0.012062084578824406,0.0,0.012062084578824406,1.0042273327919864,2.7001053626259375
2023-06-28,000985.CSI,中证全指,entry_frequency_inverse_sqrt_weekly_binary,challenger,0.387582463116,0.387582463116,1.0,0.0,-0.002628822622654181,-0.002628822622654181,0.0,-0.002628822622654181,1.0015873972612552,2.6930072645651166
2023-06-29,000985.CSI,中证全指,entry_frequency_inverse_sqrt_weekly_binary,challenger,0.387582463116,0.387582463116,1.0,0.0,0.0006342059117352417,0.0006342059117352417,0.0,0.0006342059117352417,1.0022226099097178,2.6947151856926497
2023-06-30,000985.CSI,中证全指,entry_frequency_inverse_sqrt_weekly_binary,challenger,0.506317858566,0.387582463116,1.0,0.0,0.008552109419950327,0.008552109419950327,0.0,0.008552109419950327,1.0107937273328138,2.717760684816295
2023-07-03,000985.CSI,中证全指,entry_frequency_inverse_sqrt_weekly_binary,challenger,0.506317858566,0.506317858566,1.0,0.0,0.00838547371954168,0.00838547371954168,0.0,0.00838547371954168,1.0192697115692406,2.7405503956148256
2023-07-04,000985.CSI,中证全指,entry_frequency_inverse_sqrt_weekly_binary,challenger,0.347017609229,0.506317858566,1.0,0.0,0.0028656840653769056,0.0028656840653769056,0.0,0.0028656840653769056,1.0221906165400059,2.7484039472139012
2023-07-05,000985.CSI,中证全指,entry_frequency_inverse_sqrt_weekly_binary,challenger,0.347017609229,0.506317858566,1.0,0.0,-0.007473739027941684,-0.007473739027941684,0.0,-0.007473739027941684,1.014551030635175,2.7278630933690597
2023-07-06,000985.CSI,中证全指,entry_frequency_inverse_sqrt_weekly_binary,challenger,0.380169041979,0.506317858566,1.0,0.0,-0.004300570474425003,-0.004300570474425003,0.0,-0.004300570474425003,1.010187882428028,2.7161317258914432
2023-07-07,000985.CSI,中证全指,entry_frequency_inverse_sqrt_weekly_binary,challenger,0.380169041979,0.506317858566,1.0,0.0,-0.005314002251811112,-0.005314002251811112,0.0,-0.005314002251811112,1.0048197417460532,2.7016981957838406
2023-07-10,000985.CSI,中证全指,entry_frequency_inverse_sqrt_weekly_binary,challenger,0.380169041979,0.380169041979,1.0,0.0,0.0029370114213544962,0.0029370114213544962,0.0,0.0029370114213544962,1.0077709088039637,2.709633114241911
2023-07-11,000985.CSI,中证全指,entry_frequency_inverse_sqrt_weekly_binary,challenger,0.487569248173,0.380169041979,1.0,0.0,0.007053203305670719,0.007053203305670719,0.0,0.007053203305670719,1.0148789219092986,2.7287447074804367
2023-07-12,000985.CSI,中证全指,entry_frequency_inverse_sqrt_weekly_binary,challenger,0.335682419972,0.380169041979,1.0,0.0,-0.0100631535716319,-0.0100631535716319,0.0,-0.0100631535716319,1.0046660394615132,2.7012849304312834
2023-07-13,000985.CSI,中证全指,entry_frequency_inverse_sqrt_weekly_binary,challenger,0.288599563716,0.380169041979,1.0,0.0,0.012628688064138194,0.012628688064138194,0.0,0.012628688064138194,1.0173536534825058,2.735398615190057
2023-07-14,000985.CSI,中证全指,entry_frequency_inverse_sqrt_weekly_binary,challenger,0.288599563716,0.380169041979,1.0,0.0,-0.000345154512507273,-0.000345154512507273,0.0,-0.000345154512507273,1.0170025092781907,2.7344544800145183
2023-07-17,000985.CSI,中证全指,entry_frequency_inverse_sqrt_weekly_binary,challenger,0.447899813054,0.447899813054,1.0,0.0,-0.00549384566988198,-0.00549384566988198,0.0,-0.00549384566988198,1.0114152544463335,2.719431809110001
2023-07-18,000985.CSI,中证全指,entry_frequency_inverse_sqrt_weekly_binary,challenger,0.447899813054,0.447899813054,1.0,0.0,-0.002325905301357678,-0.002325905301357678,0.0,-0.002325905301357678,1.0090627983441427,2.7131066682485114
2023-07-19,000985.CSI,中证全指,entry_frequency_inverse_sqrt_weekly_binary,challenger,0.447899813054,0.447899813054,1.0,0.0,-0.001499741289938239,-0.001499741289938239,0.0,-0.001499741289938239,1.0075494652013253,2.7090377101541323
2023-07-20,000985.CSI,中证全指,entry_frequency_inverse_sqrt_weekly_binary,challenger,0.447899813054,0.447899813054,1.0,0.0,-0.009782416178704234,-0.009782416178704234,0.0,-0.009782416178704234,0.997693197012095,2.682536775829601
2023-07-21,000985.CSI,中证全指,entry_frequency_inverse_sqrt_weekly_binary,challenger,0.34049960686,0.447899813054,1.0,0.0,-0.0011219942625089185,-0.0011219942625089185,0.0,-0.0011219942625089185,0.9965737909693033,2.6795269849581507
2023-07-24,000985.CSI,中证全指,entry_frequency_inverse_sqrt_weekly_binary,challenger,0.34049960686,0.34049960686,1.0,0.0,-0.0024417914721478473,-0.0024417914721478473,0.0,-0.0024417914721478473,0.9941403655851484,2.67298413881689
2023-07-25,000985.CSI,中证全指,entry_frequency_inverse_sqrt_weekly_binary,challenger,0.34049960686,0.34049960686,1.0,0.0,0.022153706901830716,0.022153706901830716,0.0,0.022153706901830716,1.0161642598636007,2.732200645981482
2023-07-26,000985.CSI,中证全指,entry_frequency_inverse_sqrt_weekly_binary,challenger,0.34049960686,0.34049960686,1.0,0.0,-0.0037214008785901864,-0.0037214008785901864,0.0,-0.0037214008785901864,1.0123827052941523,2.7220330320970416
2023-07-27,000985.CSI,中证全指,entry_frequency_inverse_sqrt_weekly_binary,challenger,0.188612778659,0.34049960686,1.0,0.0,-0.0042030538596128375,-0.0042030538596128375,0.0,-0.0042030538596128375,1.0081276062572604,2.7105921806554925
2023-07-28,000985.CSI,中证全指,entry_frequency_inverse_sqrt_weekly_binary,challenger,0.310790492616,0.34049960686,1.0,0.0,0.015977660913222946,0.015977660913222946,0.0,0.015977660913222946,1.024235127307298,2.7539011033920393
2023-07-31,000985.CSI,中证全指,entry_frequency_inverse_sqrt_weekly_binary,challenger,-0.019325284026,-0.019325284026,0.0,1.0,0.007193819919778521,0.0,0.0005,-0.0005,1.0316032903686583,2.7525241528403432
2023-08-01,000985.CSI,中证全指,entry_frequency_inverse_sqrt_weekly_binary,challenger,-0.019325284026,-0.019325284026,0.0,0.0,-0.002331840514270267,-0.0,0.0,-0.0,1.0291977560215222,2.7525241528403432
2023-08-02,000985.CSI,中证全指,entry_frequency_inverse_sqrt_weekly_binary,challenger,-0.019325284026,-0.019325284026,0.0,0.0,-0.0044605517172501274,-0.0,0.0,-0.0,1.0246069662035104,2.7525241528403432
2023-08-03,000985.CSI,中证全指,entry_frequency_inverse_sqrt_weekly_binary,challenger,-0.201820347921,-0.019325284026,0.0,0.0,0.004532523596177507,0.0,0.0,0.0,1.0292510214546358,2.7525241528403432
2023-08-04,000985.CSI,中证全指,entry_frequency_inverse_sqrt_weekly_binary,challenger,-0.201820347921,-0.019325284026,0.0,0.0,0.00377413165448659,0.0,0.0,0.0,1.0331355503151203,2.7525241528403432
2023-08-07,000985.CSI,中证全指,entry_frequency_inverse_sqrt_weekly_binary,challenger,-0.201820347921,-0.201820347921,0.0,0.0,-0.0065389090332521604,-0.0,0.0,-0.0,1.0263799709325907,2.7525241528403432
2023-08-08,000985.CSI,中证全指,entry_frequency_inverse_sqrt_weekly_binary,challenger,-0.083084952471,-0.201820347921,0.0,0.0,-0.003370652409373287,-0.0,0.0,-0.0,1.0229204008106343,2.7525241528403432
2023-08-09,000985.CSI,中证全指,entry_frequency_inverse_sqrt_weekly_binary,challenger,-0.083084952471,-0.201820347921,0.0,0.0,-0.0058534657433635395,-0.0,0.0,-0.0,1.0169327712863014,2.7525241528403432
2023-08-10,000985.CSI,中证全指,entry_frequency_inverse_sqrt_weekly_binary,challenger,-0.083084952471,-0.201820347921,0.0,0.0,0.001925631542086803,0.0,0.0,0.0,1.0188910091068721,2.7525241528403432
2023-08-11,000985.CSI,中证全指,entry_frequency_inverse_sqrt_weekly_binary,challenger,-0.083084952471,-0.201820347921,0.0,0.0,-0.020462339115217443,-0.0,0.0,-0.0,0.9980421157570812,2.7525241528403432
2023-08-14,000985.CSI,中证全指,entry_frequency_inverse_sqrt_weekly_binary,challenger,-0.083084952471,-0.083084952471,0.0,0.0,-0.001993817882934512,-0.0,0.0,-0.0,0.996052201538763,2.7525241528403432
2023-08-15,000985.CSI,中证全指,entry_frequency_inverse_sqrt_weekly_binary,challenger,-0.083084952471,-0.083084952471,0.0,0.0,-0.0050209905368434615,-0.0,0.0,-0.0,0.9910510328606347,2.7525241528403432
2023-08-16,000985.CSI,中证全指,entry_frequency_inverse_sqrt_weekly_binary,challenger,-0.083084952471,-0.083084952471,0.0,0.0,-0.008846121494668124,-0.0,0.0,-0.0,0.9822840750165331,2.7525241528403432
2023-08-17,000985.CSI,中证全指,entry_frequency_inverse_sqrt_weekly_binary,challenger,-0.083084952471,-0.083084952471,0.0,0.0,0.006939162022776113,0.0,0.0,0.0,0.9891003033654656,2.7525241528403432
2023-08-18,000985.CSI,中证全指,entry_frequency_inverse_sqrt_weekly_binary,challenger,0.068801875731,-0.083084952471,0.0,0.0,-0.01511982581342941,-0.0,0.0,-0.0,0.9741452790665696,2.7525241528403432
2023-08-21,000985.CSI,中证全指,entry_frequency_inverse_sqrt_weekly_binary,challenger,-0.04993351972,-0.04993351972,0.0,0.0,-0.011449228415529422,-0.0,0.0,-0.0,0.9629920672566268,2.7525241528403432
2023-08-22,000985.CSI,中证全指,entry_frequency_inverse_sqrt_weekly_binary,challenger,-0.04993351972,-0.04993351972,0.0,0.0,0.006767792449958732,0.0,0.0,0.0,0.9695093976987763,2.7525241528403432
2023-08-23,000985.CSI,中证全指,entry_frequency_inverse_sqrt_weekly_binary,challenger,-0.04993351972,-0.04993351972,0.0,0.0,-0.017575566125823894,-0.0,0.0,-0.0,0.9524697211699138,2.7525241528403432
2023-08-24,000985.CSI,中证全指,entry_frequency_inverse_sqrt_weekly_binary,challenger,-0.130598336565,-0.04993351972,0.0,0.0,0.00455314618448921,0.0,0.0,0.0,0.9568064550467001,2.7525241528403432
2023-08-25,000985.CSI,中证全指,entry_frequency_inverse_sqrt_weekly_binary,challenger,-0.18557158779,-0.04993351972,0.0,0.0,-0.01093512632094551,-0.0,0.0,-0.0,0.9463436555960684,2.7525241528403432
2023-08-28,000985.CSI,中证全指,entry_frequency_inverse_sqrt_weekly_binary,challenger,-0.260666445491,-0.260666445491,0.0,0.0,0.010557829381153683,0.0,0.0,0.0,0.9563349904477889,2.7525241528403432
2023-08-29,000985.CSI,中证全指,entry_frequency_inverse_sqrt_weekly_binary,challenger,-0.18557158779,-0.260666445491,0.0,0.0,0.02006485350871179,0.0,0.0,0.0,0.9755237119363791,2.7525241528403432
2023-08-30,000985.CSI,中证全指,entry_frequency_inverse_sqrt_weekly_binary,challenger,-0.18557158779,-0.260666445491,0.0,0.0,0.0022092122909544987,0.0,0.0,0.0,0.9776788509109066,2.7525241528403432
2023-08-31,000985.CSI,中证全指,entry_frequency_inverse_sqrt_weekly_binary,challenger,-0.18557158779,-0.260666445491,0.0,0.0,-0.006034195675932774,-0.0,0.0,-0.0,0.9717793454162891,2.7525241528403432
2023-09-01,000985.CSI,中证全指,entry_frequency_inverse_sqrt_weekly_binary,challenger,-0.078171381596,-0.260666445491,0.0,0.0,0.0038483950363412678,0.0,0.0,0.0,0.975519136225608,2.7525241528403432
2023-09-04,000985.CSI,中证全指,entry_frequency_inverse_sqrt_weekly_binary,challenger,-0.078171381596,-0.078171381596,0.0,0.0,0.014835493301771363,0.0,0.0,0.0,0.9899914438368328,2.7525241528403432
2023-09-05,000985.CSI,中证全指,entry_frequency_inverse_sqrt_weekly_binary,challenger,-0.230058209797,-0.078171381596,0.0,0.0,-0.006453971869976316,-0.0,0.0,-0.0,0.9836020669067926,2.7525241528403432
2023-09-06,000985.CSI,中证全指,entry_frequency_inverse_sqrt_weekly_binary,challenger,-0.224488250653,-0.078171381596,0.0,0.0,0.0007740494866419478,0.0,0.0,0.0,0.9843634235817418,2.7525241528403432
2023-09-07,000985.CSI,中证全指,entry_frequency_inverse_sqrt_weekly_binary,challenger,0.109057563658,-0.078171381596,0.0,0.0,-0.015320605349593674,-0.0,0.0,-0.0,0.969282380048471,2.7525241528403432
2023-09-08,000985.CSI,中证全指,entry_frequency_inverse_sqrt_weekly_binary,challenger,0.109057563658,-0.078171381596,0.0,0.0,-0.0011930332471729033,-0.0,0.0,-0.0,0.9681259939431743,2.7525241528403432
2023-09-11,000985.CSI,中证全指,entry_frequency_inverse_sqrt_weekly_binary,challenger,0.109057563658,0.109057563658,1.0,1.0,0.009487950373920473,0.009487950373920473,0.0005,0.008987950373920472,0.9773115253294096,2.7772637033290897
2023-09-12,000985.CSI,中证全指,entry_frequency_inverse_sqrt_weekly_binary,challenger,0.109057563658,0.109057563658,1.0,0.0,-0.001160652126543149,-0.001160652126543149,0.0,-0.001160652126543149,0.9761772066292409,2.7740402663058497
2023-09-13,000985.CSI,中证全指,entry_frequency_inverse_sqrt_weekly_binary,challenger,0.109057563658,0.109057563658,1.0,0.0,-0.008974899798257496,-0.008974899798257496,0.0,-0.008974899798257496,0.9674161140144005,2.749143532879423
2023-09-14,000985.CSI,中证全指,entry_frequency_inverse_sqrt_weekly_binary,challenger,0.109057563658,0.109057563658,1.0,0.0,-0.0031114736356222528,-0.0031114736356222528,0.0,-0.0031114736356222528,0.9644060242809686,2.740589645256327
2023-09-15,000985.CSI,中证全指,entry_frequency_inverse_sqrt_weekly_binary,challenger,0.109057563658,0.109057563658,1.0,0.0,-0.0025288015457872737,-0.0025288015457872737,0.0,-0.0025288015457872737,0.9619672328360003,2.733659237925034
2023-09-18,000985.CSI,中证全指,entry_frequency_inverse_sqrt_weekly_binary,challenger,0.109057563658,0.109057563658,1.0,0.0,0.004225476844480491,0.004225476844480491,0.0,0.004225476844480491,0.9660320031034978,2.7452102517355867
2023-09-19,000985.CSI,中证全指,entry_frequency_inverse_sqrt_weekly_binary,challenger,0.028392746813,0.109057563658,1.0,0.0,-0.005335913260901659,-0.005335913260901659,0.0,-0.005335913260901659,0.9608773401276824,2.7305620479493875
2023-09-20,000985.CSI,中证全指,entry_frequency_inverse_sqrt_weekly_binary,challenger,0.028392746813,0.109057563658,1.0,0.0,-0.00581495950145694,-0.00581495950145694,0.0,-0.00581495950145694,0.9552898773089723,2.7146839402243463
2023-09-21,000985.CSI,中证全指,entry_frequency_inverse_sqrt_weekly_binary,challenger,0.028392746813,0.109057563658,1.0,0.0,-0.007749285161445019,-0.007749285161445019,0.0,-0.007749285161445019,0.9478870636378632,2.6936470802483528
2023-09-22,000985.CSI,中证全指,entry_frequency_inverse_sqrt_weekly_binary,challenger,0.028392746813,0.109057563658,1.0,0.0,0.0180845928898552,0.0180845928898552,0.0,0.0180845928898552,0.9650292152893143,2.7423605910835915
2023-09-25,000985.CSI,中证全指,entry_frequency_inverse_sqrt_weekly_binary,challenger,-0.046702110888,-0.046702110888,0.0,1.0,-0.0053290222232719175,-0.0,0.0005,-0.0005,0.9598865531549309,2.7409894107880497
2023-09-26,000985.CSI,中证全指,entry_frequency_inverse_sqrt_weekly_binary,challenger,-0.046702110888,-0.046702110888,0.0,0.0,-0.004881269998214033,-0.0,0.0,-0.0,0.9552010877213266,2.7409894107880497
2023-09-27,000985.CSI,中证全指,entry_frequency_inverse_sqrt_weekly_binary,challenger,-0.046702110888,-0.046702110888,0.0,0.0,0.003566430472373483,0.0,0.0,0.0,0.9586077459878203,2.7409894107880497
2023-09-28,000985.CSI,中证全指,entry_frequency_inverse_sqrt_weekly_binary,challenger,-0.162270658419,-0.046702110888,0.0,0.0,0.002696560524943603,0.0,0.0,0.0,0.9611926897945562,2.7409894107880497
2023-10-09,000985.CSI,中证全指,entry_frequency_inverse_sqrt_weekly_binary,challenger,-0.162270658419,-0.162270658419,0.0,0.0,-0.002562334428265922,-0.0,0.0,-0.0,0.958729792673298,2.7409894107880497
2023-10-10,000985.CSI,中证全指,entry_frequency_inverse_sqrt_weekly_binary,challenger,-0.046702110888,-0.162270658419,0.0,0.0,-0.004838109383410449,-0.0,0.0,-0.0,0.9540913530672103,2.7409894107880497
2023-10-11,000985.CSI,中证全指,entry_frequency_inverse_sqrt_weekly_binary,challenger,-0.046702110888,-0.162270658419,0.0,0.0,0.002287069540046094,0.0,0.0,0.0,0.9562734263392316,2.7409894107880497
2023-10-12,000985.CSI,中证全指,entry_frequency_inverse_sqrt_weekly_binary,challenger,-0.154102317082,-0.162270658419,0.0,0.0,0.008083307541782991,0.0,0.0,0.0,0.9640032785383662,2.7409894107880497
2023-10-13,000985.CSI,中证全指,entry_frequency_inverse_sqrt_weekly_binary,challenger,-0.154102317082,-0.162270658419,0.0,0.0,-0.007506875894688458,-0.0,0.0,-0.0,0.9567666255643059,2.7409894107880497
2023-10-16,000985.CSI,中证全指,entry_frequency_inverse_sqrt_weekly_binary,challenger,-0.073437500236,-0.073437500236,0.0,0.0,-0.008703775195237351,-0.0,0.0,-0.0,0.9484391439410884,2.7409894107880497
2023-10-17,000985.CSI,中证全指,entry_frequency_inverse_sqrt_weekly_binary,challenger,0.116962715246,-0.073437500236,0.0,0.0,0.0013508061394726933,0.0,0.0,0.0,0.9497203013596403,2.7409894107880497
2023-10-18,000985.CSI,中证全指,entry_frequency_inverse_sqrt_weekly_binary,challenger,0.116962715246,-0.073437500236,0.0,0.0,-0.011902519782308829,-0.0,0.0,-0.0,0.9384162366850468,2.7409894107880497
2023-10-19,000985.CSI,中证全指,entry_frequency_inverse_sqrt_weekly_binary,challenger,0.116962715246,-0.073437500236,0.0,0.0,-0.01595260818736366,-0.0,0.0,-0.0,0.92344605014455,2.7409894107880497
2023-10-20,000985.CSI,中证全指,entry_frequency_inverse_sqrt_weekly_binary,challenger,0.105627525989,-0.073437500236,0.0,0.0,-0.008385727047512614,-0.0,0.0,-0.0,0.9157022836249341,2.7409894107880497
2023-10-23,000985.CSI,中证全指,entry_frequency_inverse_sqrt_weekly_binary,challenger,0.280182256922,0.280182256922,1.0,1.0,-0.017163653764556197,-0.017163653764556197,0.0005,-0.017663653764556198,0.8999854866773823,2.6925735228635745
2023-10-24,000985.CSI,中证全指,entry_frequency_inverse_sqrt_weekly_binary,challenger,0.387582463116,0.280182256922,1.0,0.0,0.010721872074560101,0.010721872074560101,0.0,0.010721872074560101,0.9096350159344979,2.7214429517270653
2023-10-25,000985.CSI,中证全指,entry_frequency_inverse_sqrt_weekly_binary,challenger,0.387582463116,0.280182256922,1.0,0.0,0.008231261319681993,0.008231261319681993,0.0,0.008231261319681993,0.9171224594561879,2.7438438598293375
2023-10-26,000985.CSI,中证全指,entry_frequency_inverse_sqrt_weekly_binary,challenger,0.228282213778,0.280182256922,1.0,0.0,0.0037599319454471036,0.0037599319454471036,0.0,0.0037599319454471036,0.9205707774893842,2.754160526011229
2023-10-27,000985.CSI,中证全指,entry_frequency_inverse_sqrt_weekly_binary,challenger,0.303377071479,0.280182256922,1.0,0.0,0.014459408606328994,0.014459408606328994,0.0,0.014459408606328994,0.9338816865121492,2.7939840584242472
2023-10-30,000985.CSI,中证全指,entry_frequency_inverse_sqrt_weekly_binary,challenger,0.303377071479,0.303377071479,1.0,0.0,0.009691143599576346,0.009691143599576346,0.0,0.009691143599576346,0.9429320680411529,2.8210609591493636
2023-10-31,000985.CSI,中证全指,entry_frequency_inverse_sqrt_weekly_binary,challenger,0.187808523948,0.303377071479,1.0,0.0,-0.004073439162374237,-0.004073439162374237,0.0,-0.004073439162374237,0.9390910916277355,2.8095695389589195
2023-11-01,000985.CSI,中证全指,entry_frequency_inverse_sqrt_weekly_binary,challenger,0.187808523948,0.303377071479,1.0,0.0,-0.00047557704884160223,-0.00047557704884160223,0.0,-0.00047557704884160223,0.9386444814577858,2.808233372169066
2023-11-02,000985.CSI,中证全指,entry_frequency_inverse_sqrt_weekly_binary,challenger,0.187808523948,0.303377071479,1.0,0.0,-0.007796633506973238,-0.007796633506973238,0.0,-0.007796633506973238,0.9313262144425165,2.7863386057642123
2023-11-03,000985.CSI,中证全指,entry_frequency_inverse_sqrt_weekly_binary,challenger,0.347108773285,0.303377071479,1.0,0.0,0.010240535061212475,0.010240535061212475,0.0,0.010240535061212475,0.9408634931949413,2.8148722039489504
2023-11-06,000985.CSI,中证全指,entry_frequency_inverse_sqrt_weekly_binary,challenger,0.347108773285,0.347108773285,1.0,0.0,0.017096612370832487,0.017096612370832487,0.0,0.017096612370832487,0.9569490716319626,2.8629969828932964
2023-11-07,000985.CSI,中证全指,entry_frequency_inverse_sqrt_weekly_binary,challenger,0.347108773285,0.347108773285,1.0,0.0,0.0005665280919451288,0.0005665280919451288,0.0,0.0005665280919451288,0.957491210163603,2.8646189511112596
2023-11-08,000985.CSI,中证全指,entry_frequency_inverse_sqrt_weekly_binary,challenger,0.347108773285,0.347108773285,1.0,0.0,0.00014112824965062387,0.00014112824965062387,0.0,0.00014112824965062387,0.9576263392221492,2.8650232297697458
2023-11-09,000985.CSI,中证全指,entry_frequency_inverse_sqrt_weekly_binary,challenger,0.347108773285,0.347108773285,1.0,0.0,-0.002983929808713426,-0.002983929808713426,0.0,-0.002983929808713426,0.9547688494429352,2.8564742015517792
2023-11-10,000985.CSI,中证全指,entry_frequency_inverse_sqrt_weekly_binary,challenger,0.347108773285,0.347108773285,1.0,0.0,-0.004931592791673989,-0.004931592791673989,0.0,-0.004931592791673989,0.9500603182673075,2.842387233969804
2023-11-13,000985.CSI,中证全指,entry_frequency_inverse_sqrt_weekly_binary,challenger,0.347108773285,0.347108773285,1.0,0.0,0.0037987809854465038,0.0037987809854465038,0.0,0.0037987809854465038,0.9536693893393686,2.8531848405474842
2023-11-14,000985.CSI,中证全指,entry_frequency_inverse_sqrt_weekly_binary,challenger,0.347108773285,0.347108773285,1.0,0.0,0.0035000140014516123,0.0035000140014516123,0.0,0.0035000140014516123,0.9570072455548122,2.86317102743813
2023-11-15,000985.CSI,中证全指,entry_frequency_inverse_sqrt_weekly_binary,challenger,0.224931059329,0.347108773285,1.0,0.0,0.0060949031827444156,0.0060949031827444156,0.0,0.0060949031827444156,0.9628401120616537,2.880621777646004
2023-11-16,000985.CSI,中证全指,entry_frequency_inverse_sqrt_weekly_binary,challenger,0.343666454779,0.347108773285,1.0,0.0,-0.00895736222481891,-0.00895736222481891,0.0,-0.00895736222481891,0.9542156044133322,2.854819004950927
2023-11-17,000985.CSI,中证全指,entry_frequency_inverse_sqrt_weekly_binary,challenger,0.49555328298,0.347108773285,1.0,0.0,0.0032134990894459037,0.0032134990894459037,0.0,0.0032134990894459037,0.9572819753892495,2.86399296322387
2023-11-20,000985.CSI,中证全指,entry_frequency_inverse_sqrt_weekly_binary,challenger,0.49555328298,0.49555328298,1.0,0.0,0.005446346822359338,0.005446346822359338,0.0,0.005446346822359338,0.9624956650340126,2.879591262198384
2023-11-21,000985.CSI,中证全指,entry_frequency_inverse_sqrt_weekly_binary,challenger,0.414888466135,0.49555328298,1.0,0.0,-0.0021784587099938912,-0.0021784587099938912,0.0,-0.0021784587099938912,0.9603989079691879,2.8733181915320256
2023-11-22,000985.CSI,中证全指,entry_frequency_inverse_sqrt_weekly_binary,challenger,0.414888466135,0.49555328298,1.0,0.0,-0.010903837957353502,-0.010903837957353502,0.0,-0.010903837957353502,0.9499268739022726,2.8419879955716443
2023-11-23,000985.CSI,中证全指,entry_frequency_inverse_sqrt_weekly_binary,challenger,0.339793608434,0.49555328298,1.0,0.0,0.007281173104625394,0.007281173104625394,0.0,0.007281173104625394,0.9568434559078907,2.8626810021286686
2023-11-24,000985.CSI,中证全指,entry_frequency_inverse_sqrt_weekly_binary,challenger,0.339793608434,0.49555328298,1.0,0.0,-0.009198783340861993,-0.009198783340861993,0.0,-0.009198783340861993,0.9480416602658723,2.836347819816085
2023-11-27,000985.CSI,中证全指,entry_frequency_inverse_sqrt_weekly_binary,challenger,0.339793608434,0.339793608434,1.0,0.0,-0.003646476762099393,-0.003646476762099393,0.0,-0.003646476762099393,0.9445846483822107,2.8260051434018947
2023-11-28,000985.CSI,中证全指,entry_frequency_inverse_sqrt_weekly_binary,challenger,0.081342651824,0.339793608434,1.0,0.0,0.003937700341428929,0.003937700341428929,0.0,0.003937700341428929,0.9483041396746539,2.8371331048199484
2023-11-29,000985.CSI,中证全指,entry_frequency_inverse_sqrt_weekly_binary,challenger,0.081342651824,0.339793608434,1.0,0.0,-0.007101832862161039,-0.007101832862161039,0.0,-0.007101832862161039,0.9415694421721891,2.816984259701813
2023-11-30,000985.CSI,中证全指,entry_frequency_inverse_sqrt_weekly_binary,challenger,-0.048725457101,0.339793608434,1.0,0.0,-0.001093534763150883,-0.001093534763150883,0.0,-0.001093534763150883,0.9405398032552532,2.8139037894865804
2023-12-01,000985.CSI,中证全指,entry_frequency_inverse_sqrt_weekly_binary,challenger,-0.239125672584,0.339793608434,1.0,0.0,0.001997142131691776,0.001997142131691776,0.0,0.001997142131691776,0.9424181949228674,2.8195235552990914
2023-12-04,000985.CSI,中证全指,entry_frequency_inverse_sqrt_weekly_binary,challenger,-0.550312750122,-0.550312750122,0.0,1.0,-0.003333044149499531,-0.0,0.0005,-0.0005,0.9392770734718978,2.818113793521442
2023-12-05,000985.CSI,中证全指,entry_frequency_inverse_sqrt_weekly_binary,challenger,-0.550312750122,-0.550312750122,0.0,0.0,-0.01877235116088205,-0.0,0.0,-0.0,0.9216446344113177,2.818113793521442
2023-12-06,000985.CSI,中证全指,entry_frequency_inverse_sqrt_weekly_binary,challenger,-0.428135036166,-0.550312750122,0.0,0.0,0.0032367289161001622,0.0,0.0,0.0,0.9246277482498854,2.818113793521442
2023-12-07,000985.CSI,中证全指,entry_frequency_inverse_sqrt_weekly_binary,challenger,-0.428135036166,-0.550312750122,0.0,0.0,-0.0017368832919926191,-0.0,0.0,-0.0,0.9230217777626374,2.818113793521442
2023-12-08,000985.CSI,中证全指,entry_frequency_inverse_sqrt_weekly_binary,challenger,-0.428135036166,-0.550312750122,0.0,0.0,-0.0009489204452606259,-0.0,0.0,-0.0,0.9221459035262977,2.818113793521442
2023-12-11,000985.CSI,中证全指,entry_frequency_inverse_sqrt_weekly_binary,challenger,-0.34747021932,-0.34747021932,0.0,0.0,0.008910713778234491,0.0,0.0,0.0,0.930362881734392,2.818113793521442
2023-12-12,000985.CSI,中证全指,entry_frequency_inverse_sqrt_weekly_binary,challenger,-0.430470228609,-0.34747021932,0.0,0.0,0.00228258135395909,0.0,0.0,0.0,0.9324865107006546,2.818113793521442
2023-12-13,000985.CSI,中证全指,entry_frequency_inverse_sqrt_weekly_binary,challenger,-0.537870434803,-0.34747021932,0.0,0.0,-0.012037360287689425,-0.0,0.0,-0.0,0.9212618346079404,2.818113793521442
2023-12-14,000985.CSI,中证全指,entry_frequency_inverse_sqrt_weekly_binary,challenger,-0.422301887272,-0.34747021932,0.0,0.0,-0.004381811862916418,-0.0,0.0,-0.0,0.9172250385722032,2.818113793521442
2023-12-15,000985.CSI,中证全指,entry_frequency_inverse_sqrt_weekly_binary,challenger,-0.422301887272,-0.34747021932,0.0,0.0,-0.004536016831690803,-0.0,0.0,-0.0,0.9130644903587914,2.818113793521442
2023-12-18,000985.CSI,中证全指,entry_frequency_inverse_sqrt_weekly_binary,challenger,-0.422301887272,-0.422301887272,0.0,0.0,-0.009028429225205081,-0.0,0.0,-0.0,0.9048209522295392,2.818113793521442
2023-12-19,000985.CSI,中证全指,entry_frequency_inverse_sqrt_weekly_binary,challenger,-0.422301887272,-0.422301887272,0.0,0.0,0.0009572966307254127,0.0,0.0,0.0,0.9056871342785183,2.818113793521442
2023-12-20,000985.CSI,中证全指,entry_frequency_inverse_sqrt_weekly_binary,challenger,-0.66004814876,-0.422301887272,0.0,0.0,-0.01246893960310791,-0.0,0.0,-0.0,0.8943941761018877,2.818113793521442
2023-12-21,000985.CSI,中证全指,entry_frequency_inverse_sqrt_weekly_binary,challenger,-0.66004814876,-0.422301887272,0.0,0.0,0.008000220824688986,0.0,0.0,0.0,0.9015495270150186,2.818113793521442
2023-12-22,000985.CSI,中证全指,entry_frequency_inverse_sqrt_weekly_binary,challenger,-0.584953291059,-0.422301887272,0.0,0.0,-0.005595957797437157,-0.0,0.0,-0.0,0.8965044939095431,2.818113793521442
2023-12-25,000985.CSI,中证全指,entry_frequency_inverse_sqrt_weekly_binary,challenger,-0.454885182134,-0.454885182134,0.0,0.0,0.0009623954694402137,0.0,0.0,0.0,0.8973672857728144,2.818113793521442
2023-12-26,000985.CSI,中证全指,entry_frequency_inverse_sqrt_weekly_binary,challenger,-0.454885182134,-0.454885182134,0.0,0.0,-0.010219795234183038,-0.0,0.0,-0.0,0.8881963758623617,2.818113793521442
2023-12-27,000985.CSI,中证全指,entry_frequency_inverse_sqrt_weekly_binary,challenger,-0.584953291059,-0.454885182134,0.0,0.0,0.005205031569545104,0.0,0.0,0.0,0.8928194660386808,2.818113793521442
2023-12-28,000985.CSI,中证全指,entry_frequency_inverse_sqrt_weekly_binary,challenger,-0.692353497253,-0.454885182134,0.0,0.0,0.02029029653927039,0.0,0.0,0.0,0.9109350377606387,2.818113793521442
2023-12-29,000985.CSI,中证全指,entry_frequency_inverse_sqrt_weekly_binary,challenger,-0.642950205173,-0.454885182134,0.0,0.0,0.009631710982594077,0.0,0.0,0.0,0.9197089007682676,2.818113793521442
2024-01-02,000985.CSI,中证全指,entry_frequency_inverse_sqrt_weekly_binary,challenger,-0.642950205173,-0.642950205173,0.0,0.0,-0.007038603203029847,-0.0,0.0,-0.0,0.913235434753465,2.818113793521442
2024-01-03,000985.CSI,中证全指,entry_frequency_inverse_sqrt_weekly_binary,challenger,-0.642950205173,-0.642950205173,0.0,0.0,-0.003190192292691796,-0.0,0.0,-0.0,0.9103220381081015,2.818113793521442
2024-01-04,000985.CSI,中证全指,entry_frequency_inverse_sqrt_weekly_binary,challenger,-0.642950205173,-0.642950205173,0.0,0.0,-0.007499249056090673,-0.0,0.0,-0.0,0.9034953064230808,2.818113793521442
2024-01-05,000985.CSI,中证全指,entry_frequency_inverse_sqrt_weekly_binary,challenger,-0.642950205173,-0.642950205173,0.0,0.0,-0.011789681496463533,-0.0,0.0,-0.0,0.892843384526803,2.818113793521442
2024-01-08,000985.CSI,中证全指,entry_frequency_inverse_sqrt_weekly_binary,challenger,-0.483649955835,-0.483649955835,0.0,0.0,-0.017160504283976197,-0.0,0.0,-0.0,0.877521741801711,2.818113793521442
2024-01-09,000985.CSI,中证全指,entry_frequency_inverse_sqrt_weekly_binary,challenger,-0.483649955835,-0.483649955835,0.0,0.0,0.002829025153390008,0.0,0.0,0.0,0.8800042728819147,2.818113793521442
2024-01-10,000985.CSI,中证全指,entry_frequency_inverse_sqrt_weekly_binary,challenger,-0.61371806476,-0.483649955835,0.0,0.0,-0.006393792076363258,-0.0,0.0,-0.0,0.8743777085347966,2.818113793521442
2024-01-11,000985.CSI,中证全指,entry_frequency_inverse_sqrt_weekly_binary,challenger,-0.331763127634,-0.483649955835,0.0,0.0,0.01145752762835861,0.0,0.0,0.0,0.8843959152879549,2.818113793521442
2024-01-12,000985.CSI,中证全指,entry_frequency_inverse_sqrt_weekly_binary,challenger,-0.343095841108,-0.483649955835,0.0,0.0,-0.00519430986355629,-0.0,0.0,-0.0,0.8798020888618858,2.818113793521442
2024-01-15,000985.CSI,中证全指,entry_frequency_inverse_sqrt_weekly_binary,challenger,-0.213027732183,-0.213027732183,0.0,0.0,-0.0015898970921413014,-0.0,0.0,-0.0,0.8784032940791444,2.818113793521442
2024-01-16,000985.CSI,中证全指,entry_frequency_inverse_sqrt_weekly_binary,challenger,-0.132362915338,-0.213027732183,0.0,0.0,0.0011979798926433638,0.0,0.0,0.0,0.8794556035630829,2.818113793521442
2024-01-17,000985.CSI,中证全指,entry_frequency_inverse_sqrt_weekly_binary,challenger,-0.40298513899,-0.213027732183,0.0,0.0,-0.02388519094795527,-0.0,0.0,-0.0,0.8584496385417295,2.818113793521442
2024-01-18,000985.CSI,中证全指,entry_frequency_inverse_sqrt_weekly_binary,challenger,-0.483649955835,-0.213027732183,0.0,0.0,0.004744704358599083,0.0,0.0,0.0,0.8625227282833563,2.818113793521442
2024-01-19,000985.CSI,中证全指,entry_frequency_inverse_sqrt_weekly_binary,challenger,-0.483649955835,-0.213027732183,0.0,0.0,-0.007061624699843727,-0.0,0.0,-0.0,0.8564319164811339,2.818113793521442
2024-01-22,000985.CSI,中证全指,entry_frequency_inverse_sqrt_weekly_binary,challenger,-0.483649955835,-0.483649955835,0.0,0.0,-0.03664257130169135,-0.0,0.0,-0.0,0.8250500489164299,2.818113793521442
2024-01-23,000985.CSI,中证全指,entry_frequency_inverse_sqrt_weekly_binary,challenger,-0.483649955835,-0.483649955835,0.0,0.0,0.0076175290770039705,0.0,0.0,0.0,0.8313348916540343,2.818113793521442
2024-01-24,000985.CSI,中证全指,entry_frequency_inverse_sqrt_weekly_binary,challenger,-0.376249749641,-0.483649955835,0.0,0.0,0.013968359204464376,0.0,0.0,0.0,0.8429472760398623,2.818113793521442
2024-01-25,000985.CSI,中证全指,entry_frequency_inverse_sqrt_weekly_binary,challenger,-0.376249749641,-0.483649955835,0.0,0.0,0.02686886950939904,0.0,0.0,0.0,0.8655963164030808,2.818113793521442
2024-01-26,000985.CSI,中证全指,entry_frequency_inverse_sqrt_weekly_binary,challenger,-0.376249749641,-0.483649955835,0.0,0.0,-0.004579022101052099,-0.0,0.0,-0.0,0.8616327317396818,2.818113793521442
2024-01-29,000985.CSI,中证全指,entry_frequency_inverse_sqrt_weekly_binary,challenger,-0.376249749641,-0.376249749641,0.0,0.0,-0.018539817336257314,-0.0,0.0,-0.0,0.8456582182822877,2.818113793521442
2024-01-30,000985.CSI,中证全指,entry_frequency_inverse_sqrt_weekly_binary,challenger,-0.376249749641,-0.376249749641,0.0,0.0,-0.023215303099186735,-0.0,0.0,-0.0,0.8260260064265462,2.818113793521442
2024-01-31,000985.CSI,中证全指,entry_frequency_inverse_sqrt_weekly_binary,challenger,-0.376249749641,-0.376249749641,0.0,0.0,-0.024401729922768567,-0.0,0.0,-0.0,0.8058695429085425,2.818113793521442
2024-02-01,000985.CSI,中证全指,entry_frequency_inverse_sqrt_weekly_binary,challenger,-0.376249749641,-0.376249749641,0.0,0.0,-0.004556552766483257,-0.0,0.0,-0.0,0.802197555813378,2.818113793521442
2024-02-02,000985.CSI,中证全指,entry_frequency_inverse_sqrt_weekly_binary,challenger,-0.376249749641,-0.376249749641,0.0,0.0,-0.02367214949545271,-0.0,0.0,-0.0,0.783207815347277,2.818113793521442
2024-02-05,000985.CSI,中证全指,entry_frequency_inverse_sqrt_weekly_binary,challenger,-0.376249749641,-0.376249749641,0.0,0.0,-0.026367939412058505,-0.0,0.0,-0.0,0.7625562391251494,2.818113793521442
2024-02-06,000985.CSI,中证全指,entry_frequency_inverse_sqrt_weekly_binary,challenger,-0.026549284821,-0.376249749641,0.0,0.0,0.044020655321650004,0.0,0.0,0.0,0.7961244644910512,2.818113793521442
2024-02-07,000985.CSI,中证全指,entry_frequency_inverse_sqrt_weekly_binary,challenger,-0.026549284821,-0.376249749641,0.0,0.0,0.017566629118194843,0.0,0.0,0.0,0.810109687690687,2.818113793521442
2024-02-08,000985.CSI,中证全指,entry_frequency_inverse_sqrt_weekly_binary,challenger,-0.026549284821,-0.376249749641,0.0,0.0,0.02320716308323445,0.0,0.0,0.0,0.8289100353282329,2.818113793521442
2024-02-19,000985.CSI,中证全指,entry_frequency_inverse_sqrt_weekly_binary,challenger,0.335502331262,0.335502331262,1.0,1.0,0.014079352660612443,0.014079352660612443,0.0005,0.013579352660612443,0.8405805520395399,2.856381954561406
2024-02-20,000985.CSI,中证全指,entry_frequency_inverse_sqrt_weekly_binary,challenger,0.442902537456,0.335502331262,1.0,0.0,0.004064942985020803,0.004064942985020803,0.0,0.004064942985020803,0.8439974640578979,2.8679929843501406
2024-02-21,000985.CSI,中证全指,entry_frequency_inverse_sqrt_weekly_binary,challenger,0.517997395157,0.335502331262,1.0,0.0,0.010390058829405913,0.010390058829405913,0.0,0.010390058829405913,0.8527666473613289,2.897791600179862
2024-02-22,000985.CSI,中证全指,entry_frequency_inverse_sqrt_weekly_binary,challenger,0.657712956316,0.335502331262,1.0,0.0,0.012333580839564151,0.012333580839564151,0.0,0.012333580839564151,0.863284313743844,2.9335317471368905
2024-02-23,000985.CSI,中证全指,entry_frequency_inverse_sqrt_weekly_binary,challenger,0.657712956316,0.335502331262,1.0,0.0,0.008900254771057714,0.008900254771057714,0.0,0.008900254771057714,0.8709677640760218,2.959640927065395
2024-02-26,000985.CSI,中证全指,entry_frequency_inverse_sqrt_weekly_binary,challenger,0.809599784517,0.809599784517,1.0,0.0,-0.0012618654503546711,-0.0012618654503546711,0.0,-0.0012618654503546711,0.8698687199461617,2.9559062584340756
2024-02-27,000985.CSI,中证全指,entry_frequency_inverse_sqrt_weekly_binary,challenger,0.809599784517,0.809599784517,1.0,0.0,0.019096600683041087,0.019096600683041087,0.0,0.019096600683041087,0.8864802555376416,3.0123540199078933
2024-02-28,000985.CSI,中证全指,entry_frequency_inverse_sqrt_weekly_binary,challenger,0.809599784517,0.809599784517,1.0,0.0,-0.0295584876867514,-0.0295584876867514,0.0,-0.0295584876867514,0.860277239819784,2.92331339070231
2024-02-29,000985.CSI,中证全指,entry_frequency_inverse_sqrt_weekly_binary,challenger,0.809599784517,0.809599784517,1.0,0.0,0.027850884833039213,0.027850884833039213,0.0,0.027850884833039213,0.8842367221504897,3.004730255277641
2024-03-01,000985.CSI,中证全指,entry_frequency_inverse_sqrt_weekly_binary,challenger,0.809599784517,0.809599784517,1.0,0.0,0.008255385017496009,0.008255385017496009,0.0,0.008255385017496009,0.8915364367384506,3.029535460408677
2024-03-04,000985.CSI,中证全指,entry_frequency_inverse_sqrt_weekly_binary,challenger,0.809599784517,0.809599784517,1.0,0.0,0.0024255198374021347,0.0024255198374021347,0.0,0.0024255198374021347,0.8936988760515265,3.0368836587660115
2024-03-05,000985.CSI,中证全指,entry_frequency_inverse_sqrt_weekly_binary,challenger,0.809599784517,0.809599784517,1.0,0.0,-0.002379924619158147,-0.002379924619158147,0.0,-0.002379924619158147,0.8915719400942975,3.029656104580995
2024-03-06,000985.CSI,中证全指,entry_frequency_inverse_sqrt_weekly_binary,challenger,0.702199578324,0.809599784517,1.0,0.0,0.000317612172326065,0.000317612172326065,0.0,0.000317612172326065,0.8918551141949759,3.030618360237772
2024-03-07,000985.CSI,中证全指,entry_frequency_inverse_sqrt_weekly_binary,challenger,0.702199578324,0.809599784517,1.0,0.0,-0.008996169808275778,-0.008996169808275778,0.0,-0.008996169808275778,0.8838318341432987,3.003354402844995
2024-03-08,000985.CSI,中证全指,entry_frequency_inverse_sqrt_weekly_binary,challenger,0.702199578324,0.809599784517,1.0,0.0,0.008509128018403977,0.008509128018403977,0.0,0.008509128018403977,0.8913524723667648,3.0289103299434403
2024-03-11,000985.CSI,中证全指,entry_frequency_inverse_sqrt_weekly_binary,challenger,0.702199578324,0.702199578324,1.0,0.0,0.015525737435427178,0.015525737435427178,0.0,0.015525737435427178,0.90519137681515,3.075936396441595
2024-03-12,000985.CSI,中证全指,entry_frequency_inverse_sqrt_weekly_binary,challenger,0.59479937213,0.702199578324,1.0,0.0,0.0037294153494060733,0.0037294153494060733,0.0,0.0037294153494060733,0.9085672114299945,3.0874078408522814
2024-03-13,000985.CSI,中证全指,entry_frequency_inverse_sqrt_weekly_binary,challenger,0.59479937213,0.702199578324,1.0,0.0,-0.0022986283932627805,-0.0022986283932627805,0.0,-0.0022986283932627805,0.906478753040614,3.080311037527716
2024-03-14,000985.CSI,中证全指,entry_frequency_inverse_sqrt_weekly_binary,challenger,0.59479937213,0.702199578324,1.0,0.0,-0.0043000712380274475,-0.0043000712380274475,0.0,-0.0043000712380274475,0.902580829826781,3.0670654806310647
2024-03-15,000985.CSI,中证全指,entry_frequency_inverse_sqrt_weekly_binary,challenger,0.59479937213,0.702199578324,1.0,0.0,0.007470656547282406,0.007470656547282406,0.0,0.007470656547282406,0.909323701212578,3.089978473444885
2024-03-18,000985.CSI,中证全指,entry_frequency_inverse_sqrt_weekly_binary,challenger,0.59479937213,0.59479937213,1.0,0.0,0.013411977594180557,0.013411977594180557,0.0,0.013411977594180557,0.9215195303190984,3.131421195497228
2024-03-19,000985.CSI,中证全指,entry_frequency_inverse_sqrt_weekly_binary,challenger,0.59479937213,0.59479937213,1.0,0.0,-0.00662724833198769,-0.00662724833198769,0.0,-0.00662724833198769,0.9154123915488971,3.1106684896026184
2024-03-20,000985.CSI,中证全指,entry_frequency_inverse_sqrt_weekly_binary,challenger,0.59479937213,0.59479937213,1.0,0.0,0.005274056231531432,0.005274056231531432,0.0,0.005274056231531432,0.9202403279769666,3.1270743301344357
2024-03-21,000985.CSI,中证全指,entry_frequency_inverse_sqrt_weekly_binary,challenger,0.476063976679,0.59479937213,1.0,0.0,-0.0008713503319688343,-0.0008713503319688343,0.0,-0.0008713503319688343,0.9194384762616928,3.124349552878782
2024-03-22,000985.CSI,中证全指,entry_frequency_inverse_sqrt_weekly_binary,challenger,0.476063976679,0.59479937213,1.0,0.0,-0.011267466211524524,-0.011267466211524524,0.0,-0.011267466211524524,0.9090787342968386,3.0891460498587286
2024-03-25,000985.CSI,中证全指,entry_frequency_inverse_sqrt_weekly_binary,challenger,0.360495429148,0.360495429148,1.0,0.0,-0.01413792305843875,-0.01413792305843875,0.0,-0.01413792305843875,0.896226249097287,3.045471940689546
2024-03-26,000985.CSI,中证全指,entry_frequency_inverse_sqrt_weekly_binary,challenger,0.360495429148,0.360495429148,1.0,0.0,0.0011473984396199732,0.0011473984396199732,0.0,0.0011473984396199732,0.8972545776970476,3.0489663104421996
2024-03-27,000985.CSI,中证全指,entry_frequency_inverse_sqrt_weekly_binary,challenger,0.126100322109,0.360495429148,1.0,0.0,-0.02141999833750463,-0.02141999833750463,0.0,-0.02141999833750463,0.8780353861344584,2.98365745714142
2024-03-28,000985.CSI,中证全指,entry_frequency_inverse_sqrt_weekly_binary,challenger,0.126100322109,0.360495429148,1.0,0.0,0.012798303426281743,0.012798303426281743,0.0,0.012798303426281743,0.8892727494252197,3.021843210598004
2024-03-29,000985.CSI,中证全指,entry_frequency_inverse_sqrt_weekly_binary,challenger,-0.01361523905,0.360495429148,1.0,0.0,0.008197571346377996,0.008197571346377996,0.0,0.008197571346377996,0.8965626262350227,3.046614985914449
2024-04-01,000985.CSI,中证全指,entry_frequency_inverse_sqrt_weekly_binary,challenger,-0.204015454533,-0.204015454533,0.0,1.0,0.019014075701508704,0.0,0.0005,-0.0005,0.9136099358813988,3.045091678421492
2024-04-02,000985.CSI,中证全指,entry_frequency_inverse_sqrt_weekly_binary,challenger,-0.204015454533,-0.204015454533,0.0,0.0,-0.004064851216460608,-0.0,0.0,-0.0,0.9098962474221608,3.045091678421492
2024-04-03,000985.CSI,中证全指,entry_frequency_inverse_sqrt_weekly_binary,challenger,-0.204015454533,-0.204015454533,0.0,0.0,-0.004809112929326509,-0.0,0.0,-0.0,0.9055204536143372,3.045091678421492
2024-04-08,000985.CSI,中证全指,entry_frequency_inverse_sqrt_weekly_binary,challenger,-0.088446907002,-0.088446907002,0.0,0.0,-0.01385429888779044,-0.0,0.0,-0.0,0.8929751026009566,3.045091678421492
2024-04-09,000985.CSI,中证全指,entry_frequency_inverse_sqrt_weekly_binary,challenger,-0.218515015927,-0.088446907002,0.0,0.0,0.005134903032684157,0.0,0.0,0.0,0.8975604431634137,3.045091678421492
2024-04-10,000985.CSI,中证全指,entry_frequency_inverse_sqrt_weekly_binary,challenger,-0.218515015927,-0.088446907002,0.0,0.0,-0.013202556608471028,-0.0,0.0,-0.0,0.8857103506030244,3.045091678421492
2024-04-11,000985.CSI,中证全指,entry_frequency_inverse_sqrt_weekly_binary,challenger,-0.218515015927,-0.088446907002,0.0,0.0,0.0016173565665966727,0.0,0.0,0.0,0.8871428600546748,3.045091678421492
2024-04-12,000985.CSI,中证全指,entry_frequency_inverse_sqrt_weekly_binary,challenger,-0.078799454768,-0.088446907002,0.0,0.0,-0.0070339110505877045,-0.0,0.0,-0.0,0.8809027760878863,3.045091678421492
2024-04-15,000985.CSI,中证全指,entry_frequency_inverse_sqrt_weekly_binary,challenger,-0.316545716255,-0.316545716255,0.0,0.0,0.003312385022047115,0.0,0.0,0.0,0.8838206652492795,3.045091678421492
2024-04-16,000985.CSI,中证全指,entry_frequency_inverse_sqrt_weekly_binary,challenger,-0.241450858555,-0.316545716255,0.0,0.0,-0.028935594392666242,-0.0,0.0,-0.0,0.8582467889637699,3.045091678421492
2024-04-17,000985.CSI,中证全指,entry_frequency_inverse_sqrt_weekly_binary,challenger,-0.241450858555,-0.316545716255,0.0,0.0,0.030307960070155238,0.0,0.0,0.0,0.8842584983740228,3.045091678421492
2024-04-18,000985.CSI,中证全指,entry_frequency_inverse_sqrt_weekly_binary,challenger,-0.241450858555,-0.316545716255,0.0,0.0,0.00042768318984931497,0.0,0.0,0.0,0.8846366808692587,3.045091678421492
2024-04-19,000985.CSI,中证全指,entry_frequency_inverse_sqrt_weekly_binary,challenger,-0.393337686756,-0.316545716255,0.0,0.0,-0.0063740413452069156,-0.0,0.0,-0.0,0.8789979700899114,3.045091678421492
2024-04-22,000985.CSI,中证全指,entry_frequency_inverse_sqrt_weekly_binary,challenger,-0.393337686756,-0.393337686756,0.0,0.0,-0.005162132041953482,-0.0,0.0,-0.0,0.8744604665036982,3.045091678421492
2024-04-23,000985.CSI,中证全指,entry_frequency_inverse_sqrt_weekly_binary,challenger,-0.393337686756,-0.393337686756,0.0,0.0,-0.0049251230127201895,-0.0,0.0,-0.0,0.8701536411364068,3.045091678421492
2024-04-24,000985.CSI,中证全指,entry_frequency_inverse_sqrt_weekly_binary,challenger,-0.468432544457,-0.393337686756,0.0,0.0,0.010267310569502808,0.0,0.0,0.0,0.879087778813138,3.045091678421492
2024-04-25,000985.CSI,中证全指,entry_frequency_inverse_sqrt_weekly_binary,challenger,-0.468432544457,-0.393337686756,0.0,0.0,0.0018951175690955502,0.0,0.0,0.0,0.880753753507544,3.045091678421492
2024-04-26,000985.CSI,中证全指,entry_frequency_inverse_sqrt_weekly_binary,challenger,-0.468432544457,-0.393337686756,0.0,0.0,0.016692718734230283,0.0,0.0,0.0,0.895455928188963,3.045091678421492
2024-04-29,000985.CSI,中证全指,entry_frequency_inverse_sqrt_weekly_binary,challenger,-0.393337686756,-0.393337686756,0.0,0.0,0.01751330850390831,0.0,0.0,0.0,0.9111383241109899,3.045091678421492
2024-04-30,000985.CSI,中证全指,entry_frequency_inverse_sqrt_weekly_binary,challenger,-0.393337686756,-0.393337686756,0.0,0.0,-0.006133196930497964,-0.0,0.0,-0.0,0.9055501333382934,3.045091678421492
2024-05-06,000985.CSI,中证全指,entry_frequency_inverse_sqrt_weekly_binary,challenger,-0.393337686756,-0.393337686756,0.0,0.0,0.017062797481677272,0.0,0.0,0.0,0.9210013518729505,3.045091678421492
2024-05-07,000985.CSI,中证全指,entry_frequency_inverse_sqrt_weekly_binary,challenger,-0.393337686756,-0.393337686756,0.0,0.0,0.0016726770488311171,0.0,0.0,0.0,0.9225418896961708,3.045091678421492
2024-05-08,000985.CSI,中证全指,entry_frequency_inverse_sqrt_weekly_binary,challenger,-0.178537274368,-0.393337686756,0.0,0.0,-0.010755779985286651,-0.0,0.0,-0.0,0.9126192321033882,3.045091678421492
2024-05-09,000985.CSI,中证全指,entry_frequency_inverse_sqrt_weekly_binary,challenger,-0.178537274368,-0.393337686756,0.0,0.0,0.012252710871229588,0.0,0.0,0.0,0.9238012916898747,3.045091678421492
2024-05-10,000985.CSI,中证全指,entry_frequency_inverse_sqrt_weekly_binary,challenger,-0.178537274368,-0.393337686756,0.0,0.0,-0.003732185803460464,-0.0,0.0,-0.0,0.9203534936238112,3.045091678421492
2024-05-13,000985.CSI,中证全指,entry_frequency_inverse_sqrt_weekly_binary,challenger,-0.178537274368,-0.178537274368,0.0,0.0,-0.005609465606548958,-0.0,0.0,-0.0,0.9151908023554614,3.045091678421492
2024-05-14,000985.CSI,中证全指,entry_frequency_inverse_sqrt_weekly_binary,challenger,0.011862941115,-0.178537274368,0.0,0.0,0.00123229812851533,0.0,0.0,0.0,0.9163185902684384,3.045091678421492
2024-05-15,000985.CSI,中证全指,entry_frequency_inverse_sqrt_weekly_binary,challenger,0.011862941115,-0.178537274368,0.0,0.0,-0.008854776075019721,-0.0,0.0,-0.0,0.9082047943382336,3.045091678421492
2024-05-16,000985.CSI,中证全指,entry_frequency_inverse_sqrt_weekly_binary,challenger,-0.095537265079,-0.178537274368,0.0,0.0,0.0019475133908291031,0.0,0.0,0.0,0.9099735353368226,3.045091678421492
2024-05-17,000985.CSI,中证全指,entry_frequency_inverse_sqrt_weekly_binary,challenger,-0.235252826238,-0.178537274368,0.0,0.0,0.011351292629030896,0.0,0.0,0.0,0.9203029112211046,3.045091678421492
2024-05-20,000985.CSI,中证全指,entry_frequency_inverse_sqrt_weekly_binary,challenger,-0.235252826238,-0.235252826238,0.0,0.0,0.004366760908693035,0.0,0.0,0.0,0.9243216539979814,3.045091678421492
2024-05-21,000985.CSI,中证全指,entry_frequency_inverse_sqrt_weekly_binary,challenger,-0.113075112282,-0.235252826238,0.0,0.0,-0.006655468386986496,-0.0,0.0,-0.0,0.9181698604503907,3.045091678421492
2024-05-22,000985.CSI,中证全指,entry_frequency_inverse_sqrt_weekly_binary,challenger,-0.113075112282,-0.235252826238,0.0,0.0,0.00138564293605703,0.0,0.0,0.0,0.9194421160316243,3.045091678421492
2024-05-23,000985.CSI,中证全指,entry_frequency_inverse_sqrt_weekly_binary,challenger,-0.113075112282,-0.235252826238,0.0,0.0,-0.016383134500162932,-0.0,0.0,-0.0,0.9043787721795638,3.045091678421492
2024-05-24,000985.CSI,中证全指,entry_frequency_inverse_sqrt_weekly_binary,challenger,-0.113075112282,-0.235252826238,0.0,0.0,-0.010605853661071918,-0.0,0.0,-0.0,0.8947870632676475,3.045091678421492
2024-05-27,000985.CSI,中证全指,entry_frequency_inverse_sqrt_weekly_binary,challenger,-0.113075112282,-0.113075112282,0.0,0.0,0.009559630516287276,0.0,0.0,0.0,0.9033408969832399,3.045091678421492
2024-05-28,000985.CSI,中证全指,entry_frequency_inverse_sqrt_weekly_binary,challenger,-0.113075112282,-0.113075112282,0.0,0.0,-0.008720017564688098,-0.0,0.0,-0.0,0.8954637484946449,3.045091678421492
2024-05-29,000985.CSI,中证全指,entry_frequency_inverse_sqrt_weekly_binary,challenger,-0.462775577102,-0.113075112282,0.0,0.0,0.001356208152564653,0.0,0.0,0.0,0.8966781837306795,3.045091678421492
2024-05-30,000985.CSI,中证全指,entry_frequency_inverse_sqrt_weekly_binary,challenger,-0.347961949771,-0.113075112282,0.0,0.0,-0.005276782913664846,-0.0,0.0,-0.0,0.8919466076117134,3.045091678421492
2024-05-31,000985.CSI,中证全指,entry_frequency_inverse_sqrt_weekly_binary,challenger,-0.455362155965,-0.113075112282,0.0,0.0,-8.525173243956186e-05,-0.0,0.0,-0.0,0.891870567618171,3.045091678421492
2024-06-03,000985.CSI,中证全指,entry_frequency_inverse_sqrt_weekly_binary,challenger,-0.455362155965,-0.455362155965,0.0,0.0,-0.005497852982000118,-0.0,0.0,-0.0,0.8869671943584333,3.045091678421492
2024-06-04,000985.CSI,中证全指,entry_frequency_inverse_sqrt_weekly_binary,challenger,-0.536026972811,-0.455362155965,0.0,0.0,0.005012152673436798,0.0,0.0,0.0,0.8914128093528877,3.045091678421492
2024-06-05,000985.CSI,中证全指,entry_frequency_inverse_sqrt_weekly_binary,challenger,-0.536026972811,-0.455362155965,0.0,0.0,-0.010690869946994197,-0.0,0.0,-0.0,0.8818828309390112,3.045091678421492
2024-06-06,000985.CSI,中证全指,entry_frequency_inverse_sqrt_weekly_binary,challenger,-0.536026972811,-0.455362155965,0.0,0.0,-0.01176505881609613,-0.0,0.0,-0.0,0.8715074275641084,3.045091678421492
2024-06-07,000985.CSI,中证全指,entry_frequency_inverse_sqrt_weekly_binary,challenger,-0.420458425279,-0.455362155965,0.0,0.0,0.000625267827030207,0.0,0.0,0.0,0.8720523531195821,3.045091678421492
2024-06-11,000985.CSI,中证全指,entry_frequency_inverse_sqrt_weekly_binary,challenger,-0.49555328298,-0.49555328298,0.0,0.0,-0.0019324682426482553,-0.0,0.0,-0.0,0.8703671396412518,3.045091678421492
2024-06-12,000985.CSI,中证全指,entry_frequency_inverse_sqrt_weekly_binary,challenger,-0.49555328298,-0.49555328298,0.0,0.0,0.003932806144179013,0.0,0.0,0.0,0.8737901248757244,3.045091678421492
2024-06-13,000985.CSI,中证全指,entry_frequency_inverse_sqrt_weekly_binary,challenger,-0.388153076787,-0.49555328298,0.0,0.0,-0.005819889252056898,-0.0,0.0,-0.0,0.8687047631194067,3.045091678421492
2024-06-14,000985.CSI,中证全指,entry_frequency_inverse_sqrt_weekly_binary,challenger,-0.49555328298,-0.49555328298,0.0,0.0,0.0028857987728772017,0.0,0.0,0.0,0.8712116702588093,3.045091678421492
2024-06-17,000985.CSI,中证全指,entry_frequency_inverse_sqrt_weekly_binary,challenger,-0.49555328298,-0.49555328298,0.0,0.0,-0.0015828466047793643,-0.0,0.0,-0.0,0.869832675824496,3.045091678421492
2024-06-18,000985.CSI,中证全指,entry_frequency_inverse_sqrt_weekly_binary,challenger,-0.388153076787,-0.49555328298,0.0,0.0,0.006095641378140115,0.0,0.0,0.0,0.8751348638753101,3.045091678421492
2024-06-19,000985.CSI,中证全指,entry_frequency_inverse_sqrt_weekly_binary,challenger,-0.388153076787,-0.49555328298,0.0,0.0,-0.007148630477413542,-0.0,0.0,-0.0,0.8688788481155639,3.045091678421492
2024-06-20,000985.CSI,中证全指,entry_frequency_inverse_sqrt_weekly_binary,challenger,-0.49555328298,-0.49555328298,0.0,0.0,-0.012821532307495387,-0.0,0.0,-0.0,0.8577384898931508,3.045091678421492
2024-06-21,000985.CSI,中证全指,entry_frequency_inverse_sqrt_weekly_binary,challenger,-0.305153067498,-0.49555328298,0.0,0.0,-0.0011715315268653326,-0.0,0.0,-0.0,0.8567336222104351,3.045091678421492
2024-06-24,000985.CSI,中证全指,entry_frequency_inverse_sqrt_weekly_binary,challenger,-0.305153067498,-0.305153067498,0.0,0.0,-0.017947077713676318,-0.0,0.0,-0.0,0.841357757312705,3.045091678421492
2024-06-25,000985.CSI,中证全指,entry_frequency_inverse_sqrt_weekly_binary,challenger,-0.023198130372,-0.305153067498,0.0,0.0,-0.005586633333373836,-0.0,0.0,-0.0,0.8366574000204092,3.045091678421492
2024-06-26,000985.CSI,中证全指,entry_frequency_inverse_sqrt_weekly_binary,challenger,-0.023198130372,-0.305153067498,0.0,0.0,0.014739280039981706,0.0,0.0,0.0,0.848989127736833,3.045091678421492
2024-06-27,000985.CSI,中证全指,entry_frequency_inverse_sqrt_weekly_binary,challenger,0.084202075822,-0.305153067498,0.0,0.0,-0.013978242924650996,-0.0,0.0,-0.0,0.83712175146894,3.045091678421492
2024-06-28,000985.CSI,中证全指,entry_frequency_inverse_sqrt_weekly_binary,challenger,0.084202075822,-0.305153067498,0.0,0.0,0.003749007858175668,0.0,0.0,0.0,0.8402601274934468,3.045091678421492
2024-07-01,000985.CSI,中证全指,entry_frequency_inverse_sqrt_weekly_binary,challenger,0.159296933523,0.159296933523,1.0,1.0,0.007541966612355067,0.007541966612355067,0.0005,0.007041966612355066,0.8465973413206956,3.0665351123524967
2024-07-02,000985.CSI,中证全指,entry_frequency_inverse_sqrt_weekly_binary,challenger,0.159296933523,0.159296933523,1.0,0.0,-0.003628382094029825,-0.003628382094029825,0.0,-0.003628382094029825,0.8435255626865944,3.0554085512601232
2024-07-03,000985.CSI,中证全指,entry_frequency_inverse_sqrt_weekly_binary,challenger,0.159296933523,0.159296933523,1.0,0.0,-0.005624671863525665,-0.005624671863525665,0.0,-0.005624671863525665,0.8387810081879865,3.0382228807502747
2024-07-04,000985.CSI,中证全指,entry_frequency_inverse_sqrt_weekly_binary,challenger,0.159296933523,0.159296933523,1.0,0.0,-0.013126504222479185,-0.013126504222479185,0.0,-0.013126504222479185,0.8277707457422716,2.9983416352772734
2024-07-05,000985.CSI,中证全指,entry_frequency_inverse_sqrt_weekly_binary,challenger,0.311183761724,0.159296933523,1.0,0.0,0.0023935162895039053,0.0023935162895039053,0.0,0.0023935162895039053,0.8297520285061806,3.0055182148228075
2024-07-08,000985.CSI,中证全指,entry_frequency_inverse_sqrt_weekly_binary,challenger,0.311183761724,0.311183761724,1.0,0.0,-0.015364243935108046,-0.015364243935108046,0.0,-0.015364243935108046,0.8170035159345609,2.9593406998188594
2024-07-09,000985.CSI,中证全指,entry_frequency_inverse_sqrt_weekly_binary,challenger,0.311183761724,0.311183761724,1.0,0.0,0.015509668190352599,0.015509668190352599,0.0,0.015509668190352599,0.8296749693770574,3.005239092135256
2024-07-10,000985.CSI,中证全指,entry_frequency_inverse_sqrt_weekly_binary,challenger,0.311183761724,0.311183761724,1.0,0.0,-0.0048348061521343855,-0.0048348061521343855,0.0,-0.0048348061521343855,0.8256636517308413,2.9907093436839656
2024-07-11,000985.CSI,中证全指,entry_frequency_inverse_sqrt_weekly_binary,challenger,0.311183761724,0.311183761724,1.0,0.0,0.01813699004609237,0.01813699004609237,0.0,0.01813699004609237,0.8406387051637039,3.044951809281117
2024-07-12,000985.CSI,中证全指,entry_frequency_inverse_sqrt_weekly_binary,challenger,0.284448372376,0.311183761724,1.0,0.0,-0.001224928266271852,-0.001224928266271852,0.0,-0.001224928266271852,0.8396089830520267,3.0412219617404928
2024-07-15,000985.CSI,中证全指,entry_frequency_inverse_sqrt_weekly_binary,challenger,0.284448372376,0.284448372376,1.0,0.0,-0.005096094050668576,-0.005096094050668576,0.0,-0.005096094050668576,0.8353302567086074,3.0257236085945043
2024-07-16,000985.CSI,中证全指,entry_frequency_inverse_sqrt_weekly_binary,challenger,0.443748621714,0.284448372376,1.0,0.0,0.004180252362350423,0.004180252362350423,0.0,0.004180252362350423,0.8388221479875563,3.038371896857151
2024-07-17,000985.CSI,中证全指,entry_frequency_inverse_sqrt_weekly_binary,challenger,0.443748621714,0.284448372376,1.0,0.0,-0.004794679525343293,-0.004794679525343293,0.0,-0.004794679525343293,0.8348002646091959,3.0238038773329117
2024-07-18,000985.CSI,中证全指,entry_frequency_inverse_sqrt_weekly_binary,challenger,0.443748621714,0.284448372376,1.0,0.0,0.0037885336445659945,0.0037885336445659945,0.0,0.0037885336445659945,0.8379629334981604,3.0352596600567563
2024-07-19,000985.CSI,中证全指,entry_frequency_inverse_sqrt_weekly_binary,challenger,0.562484017164,0.284448372376,1.0,0.0,0.003427094876431891,0.003427094876431891,0.0,0.003427094876431891,0.8408347119741918,3.045661782886377
2024-07-22,000985.CSI,中证全指,entry_frequency_inverse_sqrt_weekly_binary,challenger,0.562484017164,0.562484017164,1.0,0.0,-0.002441617361495396,-0.002441617361495396,0.0,-0.002441617361495396,0.8387817153432876,3.0382254422000385
2024-07-23,000985.CSI,中证全指,entry_frequency_inverse_sqrt_weekly_binary,challenger,0.562484017164,0.562484017164,1.0,0.0,-0.023148390026897392,-0.023148390026897392,0.0,-0.023148390026897392,0.8193652690490911,2.967895414674349
2024-07-24,000985.CSI,中证全指,entry_frequency_inverse_sqrt_weekly_binary,challenger,0.487389159463,0.562484017164,1.0,0.0,-0.010041794336044796,-0.010041794336044796,0.0,-0.010041794336044796,0.8111373715312021,2.938092419309299
2024-07-25,000985.CSI,中证全指,entry_frequency_inverse_sqrt_weekly_binary,challenger,0.487389159463,0.562484017164,1.0,0.0,-0.002267262510905921,-0.002267262510905921,0.0,-0.002267262510905921,0.8092983101775346,2.9314309925134223
2024-07-26,000985.CSI,中证全指,entry_frequency_inverse_sqrt_weekly_binary,challenger,0.487389159463,0.562484017164,1.0,0.0,0.009385821481167733,0.009385821481167733,0.0,0.009385821481167733,0.8168942396418717,2.9589448804935157
2024-07-29,000985.CSI,中证全指,entry_frequency_inverse_sqrt_weekly_binary,challenger,0.487389159463,0.487389159463,1.0,0.0,-0.0033575002742116666,-0.0033575002742116666,0.0,-0.0033575002742116666,0.8141515170082722,2.9490102222458816
2024-07-30,000985.CSI,中证全指,entry_frequency_inverse_sqrt_weekly_binary,challenger,0.406724342618,0.487389159463,1.0,0.0,-0.0020401654654126355,-0.0020401654654126355,0.0,-0.0020401654654126355,0.8124905131996586,2.942993753433307
2024-07-31,000985.CSI,中证全指,entry_frequency_inverse_sqrt_weekly_binary,challenger,0.406724342618,0.487389159463,1.0,0.0,0.029216107212190368,0.029216107212190368,0.0,0.029216107212190368,0.8362283231421874,3.028976574458421
2024-08-01,000985.CSI,中证全指,entry_frequency_inverse_sqrt_weekly_binary,challenger,0.406724342618,0.487389159463,1.0,0.0,-0.004314673201838981,-0.004314673201838981,0.0,-0.004314673201838981,0.832620271205707,3.015907530403607
2024-08-02,000985.CSI,中证全指,entry_frequency_inverse_sqrt_weekly_binary,challenger,0.287988947167,0.487389159463,1.0,0.0,-0.011770430370177332,-0.011770430370177332,0.0,-0.011770430370177332,0.8228199722786821,2.980409000814098
2024-08-05,000985.CSI,中证全指,entry_frequency_inverse_sqrt_weekly_binary,challenger,0.287988947167,0.287988947167,1.0,0.0,-0.01823670306070191,-0.01823670306070191,0.0,-0.01823670306070191,0.8078144487718207,2.926056166866808
2024-08-06,000985.CSI,中证全指,entry_frequency_inverse_sqrt_weekly_binary,challenger,0.287988947167,0.287988947167,1.0,0.0,0.007394704097519966,0.007394704097519966,0.0,0.007394704097519966,0.8137879975861896,2.9476934863935114
2024-08-07,000985.CSI,中证全指,entry_frequency_inverse_sqrt_weekly_binary,challenger,0.255420408925,0.287988947167,1.0,0.0,-0.0001404149207236971,-0.0001404149207236971,0.0,-0.0001404149207236971,0.8136737296090226,2.9472795862463017
2024-08-08,000985.CSI,中证全指,entry_frequency_inverse_sqrt_weekly_binary,challenger,0.255420408925,0.287988947167,1.0,0.0,-0.0006944025165559475,-0.0006944025165559475,0.0,-0.0006944025165559475,0.8131087125235267,2.9452329878846184
2024-08-09,000985.CSI,中证全指,entry_frequency_inverse_sqrt_weekly_binary,challenger,0.255420408925,0.287988947167,1.0,0.0,-0.005281699327747469,-0.005281699327747469,0.0,-0.005281699327747469,0.8088141167832056,2.9296771527924483
2024-08-12,000985.CSI,中证全指,entry_frequency_inverse_sqrt_weekly_binary,challenger,0.255420408925,0.255420408925,1.0,0.0,-0.003469601431319469,-0.003469601431319469,0.0,-0.003469601431319469,0.8060078541659432,2.9195123407498156
2024-08-13,000985.CSI,中证全指,entry_frequency_inverse_sqrt_weekly_binary,challenger,0.255420408925,0.255420408925,1.0,0.0,0.003968871741924618,0.003968871741924618,0.0,0.003968871741924618,0.8092067959621118,2.9310995107792177
2024-08-14,000985.CSI,中证全指,entry_frequency_inverse_sqrt_weekly_binary,challenger,0.255420408925,0.255420408925,1.0,0.0,-0.008258283574892888,-0.008258283574892888,0.0,-0.008258283574892888,0.8025241367703262,2.9068936598329733
2024-08-15,000985.CSI,中证全指,entry_frequency_inverse_sqrt_weekly_binary,challenger,0.255420408925,0.255420408925,1.0,0.0,0.009297238095410831,0.009297238095410831,0.0,0.009297238095410831,0.809985394747194,2.9339197423064807
2024-08-16,000985.CSI,中证全指,entry_frequency_inverse_sqrt_weekly_binary,challenger,0.33608522577,0.255420408925,1.0,0.0,-0.0019942190424024897,-0.0019942190424024897,0.0,-0.0019942190424024897,0.8083701064489213,2.9280688636874923
2024-08-19,000985.CSI,中证全指,entry_frequency_inverse_sqrt_weekly_binary,challenger,0.33608522577,0.33608522577,1.0,0.0,0.0014912622222522653,0.0014912622222522653,0.0,0.0014912622222522653,0.8095755982502666,2.9324353821680624
2024-08-20,000985.CSI,中证全指,entry_frequency_inverse_sqrt_weekly_binary,challenger,0.475800786929,0.33608522577,1.0,0.0,-0.012129600884422942,-0.012129600884422942,0.0,-0.012129600884422942,0.799755769357723,2.8968661113630034
2024-08-21,000985.CSI,中证全指,entry_frequency_inverse_sqrt_weekly_binary,challenger,0.395135970084,0.33608522577,1.0,0.0,-0.0035639288200394192,-0.0035639288200394192,0.0,-0.0035639288200394192,0.7969054967223161,2.8865418867409214
2024-08-22,000985.CSI,中证全指,entry_frequency_inverse_sqrt_weekly_binary,challenger,0.395135970084,0.33608522577,1.0,0.0,-0.007999543575228918,-0.007999543575228918,0.0,-0.007999543575228918,0.7905306164759466,2.863450869136214
2024-08-23,000985.CSI,中证全指,entry_frequency_inverse_sqrt_weekly_binary,challenger,0.395135970084,0.33608522577,1.0,0.0,0.001593714825470549,0.001593714825470549,0.0,0.001593714825470549,0.7917904968394127,2.868014393238363
2024-08-26,000985.CSI,中证全指,entry_frequency_inverse_sqrt_weekly_binary,challenger,0.395135970084,0.395135970084,1.0,0.0,0.0021129910678321373,0.0021129910678321373,0.0,0.0021129910678321373,0.7934635430868288,2.8740744820336896
2024-08-27,000985.CSI,中证全指,entry_frequency_inverse_sqrt_weekly_binary,challenger,0.395135970084,0.395135970084,1.0,0.0,-0.009448856173090991,-0.009448856173090991,0.0,-0.009448856173090991,0.7859662201896102,2.8469177656222024
2024-08-28,000985.CSI,中证全指,entry_frequency_inverse_sqrt_weekly_binary,challenger,0.395135970084,0.395135970084,1.0,0.0,-0.0018315802498838352,-0.0018315802498838352,0.0,-0.0018315802498838352,0.784526659983635,2.8417034072696454
2024-08-29,000985.CSI,中证全指,entry_frequency_inverse_sqrt_weekly_binary,challenger,0.395135970084,0.395135970084,1.0,0.0,0.005567813711193859,0.005567813711193859,0.0,0.005567813711193859,0.788894758277889,2.8575254824637875
2024-08-30,000985.CSI,中证全指,entry_frequency_inverse_sqrt_weekly_binary,challenger,0.395135970084,0.395135970084,1.0,0.0,0.016277709245154703,0.016277709245154703,0.0,0.016277709245154703,0.8017361577781631,2.9040394514279533
2024-09-02,000985.CSI,中证全指,entry_frequency_inverse_sqrt_weekly_binary,challenger,0.395135970084,0.395135970084,1.0,0.0,-0.017833996983042555,-0.017833996983042555,0.0,-0.017833996983042555,0.7874379975591512,2.8522488206125507
2024-09-03,000985.CSI,中证全指,entry_frequency_inverse_sqrt_weekly_binary,challenger,0.395135970084,0.395135970084,1.0,0.0,0.0062064730129742784,0.0062064730129742784,0.0,0.0062064730129742784,0.7923252102403926,2.86995122594397
2024-09-04,000985.CSI,中证全指,entry_frequency_inverse_sqrt_weekly_binary,challenger,0.395135970084,0.395135970084,1.0,0.0,-0.005810163999096396,-0.005810163999096396,0.0,-0.005810163999096396,0.7877216708282774,2.853276338651828
2024-09-05,000985.CSI,中证全指,entry_frequency_inverse_sqrt_weekly_binary,challenger,0.395135970084,0.395135970084,1.0,0.0,0.004441164178937473,0.004441164178937473,0.0,0.004441164178937473,0.7912200720957328,2.8659482073196583
2024-09-06,000985.CSI,中证全指,entry_frequency_inverse_sqrt_weekly_binary,challenger,0.502536176278,0.395135970084,1.0,0.0,-0.012091715564374383,-0.012091715564374383,0.0,-0.012091715564374383,0.7816528640351273,2.8312939767745204
2024-09-09,000985.CSI,中证全指,entry_frequency_inverse_sqrt_weekly_binary,challenger,0.609936382472,0.609936382472,1.0,0.0,-0.008618471048783216,-0.008618471048783216,0.0,-0.008618471048783216,0.7749162114562421,2.806892551605095
2024-09-10,000985.CSI,中证全指,entry_frequency_inverse_sqrt_weekly_binary,challenger,0.728671777923,0.609936382472,1.0,0.0,0.0019254149893732642,0.0019254149893732642,0.0,0.0019254149893732642,0.7764082467452883,2.8122969845975154
2024-09-11,000985.CSI,中证全指,entry_frequency_inverse_sqrt_weekly_binary,challenger,0.621271571729,0.609936382472,1.0,0.0,-0.0024199243717043517,-0.0024199243717043517,0.0,-0.0024199243717043517,0.7745293975065971,2.805491438584017
2024-09-12,000985.CSI,中证全指,entry_frequency_inverse_sqrt_weekly_binary,challenger,0.621271571729,0.609936382472,1.0,0.0,-0.003669774634053713,-0.003669774634053713,0.0,-0.003669774634053713,0.7716870491702985,2.7951959172666467
2024-09-13,000985.CSI,中证全指,entry_frequency_inverse_sqrt_weekly_binary,challenger,0.777031246275,0.609936382472,1.0,0.0,-0.007770273438978181,-0.007770273438978181,0.0,-0.007770273438978181,0.7656908297889271,2.7734764806739696
2024-09-18,000985.CSI,中证全指,entry_frequency_inverse_sqrt_weekly_binary,challenger,0.777031246275,0.777031246275,1.0,0.0,0.0007397108293480947,0.0007397108293480947,0.0,0.0007397108293480947,0.7662572195876545,2.7755280512616665
2024-09-19,000985.CSI,中证全指,entry_frequency_inverse_sqrt_weekly_binary,challenger,0.777031246275,0.777031246275,1.0,0.0,0.012855407164799493,0.012855407164799493,0.0,0.012855407164799493,0.776107768138421,2.8112085944579577
2024-09-20,000985.CSI,中证全指,entry_frequency_inverse_sqrt_weekly_binary,challenger,0.884431452469,0.777031246275,1.0,0.0,-0.0009947144372571826,-0.0009947144372571826,0.0,-0.0009947144372571826,0.7753357625365862,2.8084122446829087
2024-09-23,000985.CSI,中证全指,entry_frequency_inverse_sqrt_weekly_binary,challenger,0.777031246275,0.777031246275,1.0,0.0,0.0023498238135115646,0.0023498238135115646,0.0,0.0023498238135115646,0.7771576649748618,2.815011518653622
2024-09-24,000985.CSI,中证全指,entry_frequency_inverse_sqrt_weekly_binary,challenger,1.0,0.777031246275,1.0,0.0,0.040578379466671866,0.040578379466671866,0.0,0.040578379466671866,0.8086934636096444,2.929240124260601
2024-09-25,000985.CSI,中证全指,entry_frequency_inverse_sqrt_weekly_binary,challenger,1.0,0.777031246275,1.0,0.0,0.012697896769634953,0.012697896769634953,0.0,0.012697896769634953,0.8189621697288383,2.9664353129719347
2024-09-26,000985.CSI,中证全指,entry_frequency_inverse_sqrt_weekly_binary,challenger,0.924905142299,0.777031246275,1.0,0.0,0.040298031754126384,0.040298031754126384,0.0,0.040298031754126384,0.8519647332499992,3.0859768174106397
2024-09-27,000985.CSI,中证全指,entry_frequency_inverse_sqrt_weekly_binary,challenger,1.0,0.777031246275,1.0,0.0,0.048060378836881634,0.048060378836881634,0.0,0.048060378836881634,0.892910481085657,3.2342900323372294
2024-09-30,000985.CSI,中证全指,entry_frequency_inverse_sqrt_weekly_binary,challenger,1.0,1.0,1.0,0.0,0.09635501553163017,0.09635501553163017,0.0,0.09635501553163017,0.9789468843590208,3.54593009863688
2024-10-08,000985.CSI,中证全指,entry_frequency_inverse_sqrt_weekly_binary,challenger,1.0,1.0,1.0,0.0,0.07016240362903425,0.07016240362903425,0.0,0.07016240362903425,1.047632150790804,3.794721077457782
2024-10-09,000985.CSI,中证全指,entry_frequency_inverse_sqrt_weekly_binary,challenger,0.892599793806,1.0,1.0,0.0,-0.074508804963197,-0.074508804963197,0.0,-0.074508804963197,0.9695743311943573,3.5119809448077475
2024-10-10,000985.CSI,中证全指,entry_frequency_inverse_sqrt_weekly_binary,challenger,0.740712965605,1.0,1.0,0.0,0.0018554565935324785,0.0018554565935324785,0.0,0.0018554565935324785,0.9713733342800918,3.5184972730081516
2024-10-11,000985.CSI,中证全指,entry_frequency_inverse_sqrt_weekly_binary,challenger,0.848113171799,1.0,1.0,0.0,-0.033437641510793314,-0.033437641510793314,0.0,-0.033437641510793314,0.9388929009552901,3.400847022536601
2024-10-14,000985.CSI,中证全指,entry_frequency_inverse_sqrt_weekly_binary,challenger,0.848113171799,0.848113171799,1.0,0.0,0.025544673705280907,0.025544673705280907,0.0,0.025544673705280907,0.9628766137543976,3.487720550048875
2024-10-15,000985.CSI,中证全指,entry_frequency_inverse_sqrt_weekly_binary,challenger,0.848113171799,0.848113171799,1.0,0.0,-0.022644505718546037,-0.022644505718546037,0.0,-0.022644505718546037,0.9410727487679819,3.4087428421086026
2024-10-16,000985.CSI,中证全指,entry_frequency_inverse_sqrt_weekly_binary,challenger,0.848113171799,0.848113171799,1.0,0.0,-0.002042158085105883,-0.002042158085105883,0.0,-0.002042158085105883,0.9391509294454125,3.4017816503535436
2024-10-17,000985.CSI,中证全指,entry_frequency_inverse_sqrt_weekly_binary,challenger,0.848113171799,0.848113171799,1.0,0.0,-0.007654103511332333,-0.007654103511332333,0.0,-0.007654103511332333,0.9319625710186733,3.3757440614787866
2024-10-18,000985.CSI,中证全指,entry_frequency_inverse_sqrt_weekly_binary,challenger,0.848113171799,0.848113171799,1.0,0.0,0.03714098091387341,0.03714098091387341,0.0,0.03714098091387341,0.9665765750813222,3.5011225072362917
2024-10-21,000985.CSI,中证全指,entry_frequency_inverse_sqrt_weekly_binary,challenger,0.848113171799,0.848113171799,1.0,0.0,0.010652236197969955,0.010652236197969955,0.0,0.010652236197969955,0.9768727770625133,3.5384172911414016
2024-10-22,000985.CSI,中证全指,entry_frequency_inverse_sqrt_weekly_binary,challenger,0.848113171799,0.848113171799,1.0,0.0,0.0067358192723787624,0.0067358192723787624,0.0,0.0067358192723787624,0.9834528155409131,3.56225143052479
2024-10-23,000985.CSI,中证全指,entry_frequency_inverse_sqrt_weekly_binary,challenger,0.848113171799,0.848113171799,1.0,0.0,0.0034601494354138396,0.0034601494354138396,0.0,0.0034601494354138396,0.9868557092453631,3.5745773528009224
2024-10-24,000985.CSI,中证全指,entry_frequency_inverse_sqrt_weekly_binary,challenger,0.657712956316,0.848113171799,1.0,0.0,-0.008181232564459795,-0.008181232564459795,0.0,-0.008181232564459795,0.9787820131804619,3.545332904158007
2024-10-25,000985.CSI,中证全指,entry_frequency_inverse_sqrt_weekly_binary,challenger,0.657712956316,0.848113171799,1.0,0.0,0.013058852223815087,0.013058852223815087,0.0,0.013058852223815087,0.9915637828499138,3.5916308826376353
2024-10-28,000985.CSI,中证全指,entry_frequency_inverse_sqrt_weekly_binary,challenger,0.657712956316,0.657712956316,1.0,0.0,0.011547320761527313,0.011547320761527313,0.0,0.011547320761527313,1.0030136879059952,3.6331045964964597
2024-10-29,000985.CSI,中证全指,entry_frequency_inverse_sqrt_weekly_binary,challenger,0.538977560866,0.657712956316,1.0,0.0,-0.012167147815462798,-0.012167147815462798,0.0,-0.012167147815462798,0.9908098721043105,3.58890007584185
2024-10-30,000985.CSI,中证全指,entry_frequency_inverse_sqrt_weekly_binary,challenger,0.538977560866,0.657712956316,1.0,0.0,-0.001646056378275751,-0.001646056378275751,0.0,-0.001646056378275751,0.9891789431946746,3.582992543981016
2024-10-31,000985.CSI,中证全指,entry_frequency_inverse_sqrt_weekly_binary,challenger,0.538977560866,0.657712956316,1.0,0.0,0.008026209424511155,0.008026209424511155,0.0,0.008026209424511155,0.9971183005510716,3.6117503925054697
2024-11-01,000985.CSI,中证全指,entry_frequency_inverse_sqrt_weekly_binary,challenger,0.538977560866,0.657712956316,1.0,0.0,-0.014768380821506888,-0.014768380821506888,0.0,-0.014768380821506888,0.9823924777644396,3.558410687276722
2024-11-04,000985.CSI,中证全指,entry_frequency_inverse_sqrt_weekly_binary,challenger,0.45831274402,0.45831274402,1.0,0.0,0.01686711348473313,0.01686711348473313,0.0,0.01686711348473313,0.9989626031734405,3.618430804164306
2024-11-05,000985.CSI,中证全指,entry_frequency_inverse_sqrt_weekly_binary,challenger,0.45831274402,0.45831274402,1.0,0.0,0.029191308514055603,0.029191308514055603,0.0,0.029191308514055603,1.0281236287166806,3.7240575341054285
2024-11-06,000985.CSI,中证全指,entry_frequency_inverse_sqrt_weekly_binary,challenger,0.235343990295,0.45831274402,1.0,0.0,0.000691897954256282,0.000691897954256282,0.0,0.000691897954256282,1.0288349853521122,3.7266342018948087
2024-11-07,000985.CSI,中证全指,entry_frequency_inverse_sqrt_weekly_binary,challenger,0.235343990295,0.45831274402,1.0,0.0,0.02529076990463852,0.02529076990463852,0.0,0.02529076990463852,1.0548550142364945,3.8208836500136867
2024-11-08,000985.CSI,中证全指,entry_frequency_inverse_sqrt_weekly_binary,challenger,0.235343990295,0.45831274402,1.0,0.0,-0.004395277525031993,-0.004395277525031993,0.0,-0.004395277525031993,1.0502186337002535,3.8040898059810195
2024-11-11,000985.CSI,中证全指,entry_frequency_inverse_sqrt_weekly_binary,challenger,0.076043740958,0.076043740958,1.0,0.0,0.013632363558529814,0.013632363558529814,0.0,0.013632363558529814,1.0645355959307978,3.85594854122545
2024-11-12,000985.CSI,中证全指,entry_frequency_inverse_sqrt_weekly_binary,challenger,-0.063671820202,0.076043740958,1.0,0.0,-0.011561435513404827,-0.011561435513404827,0.0,-0.011561435513404827,1.05222803628672,3.8113682408230645
2024-11-13,000985.CSI,中证全指,entry_frequency_inverse_sqrt_weekly_binary,challenger,-0.063671820202,0.076043740958,1.0,0.0,0.002618860667227496,0.002618860667227496,0.0,0.002618860667227496,1.0549836749039054,3.821349683197276
2024-11-14,000985.CSI,中证全指,entry_frequency_inverse_sqrt_weekly_binary,challenger,-0.063671820202,0.076043740958,1.0,0.0,-0.024269996742146027,-0.024269996742146027,0.0,-0.024269996742146027,1.0293792245509703,3.7286055388354775
2024-11-15,000985.CSI,中证全指,entry_frequency_inverse_sqrt_weekly_binary,challenger,-0.063671820202,0.076043740958,1.0,0.0,-0.02053292342353019,-0.02053292342353019,0.0,-0.02053292342353019,1.0082430597594922,3.6520463668300183
2024-11-18,000985.CSI,中证全指,entry_frequency_inverse_sqrt_weekly_binary,challenger,-0.063671820202,-0.063671820202,0.0,1.0,-0.013814094016439626,-0.0,0.0005,-0.0005,0.9943150953405518,3.6502203436466036
2024-11-19,000985.CSI,中证全指,entry_frequency_inverse_sqrt_weekly_binary,challenger,-0.063671820202,-0.063671820202,0.0,0.0,0.015423696862811864,0.0,0.0,0.0,1.0096511099572023,3.6502203436466036
2024-11-20,000985.CSI,中证全指,entry_frequency_inverse_sqrt_weekly_binary,challenger,-0.063671820202,-0.063671820202,0.0,0.0,0.01079561099915427,0.0,0.0,0.0,1.0205509105851647,3.6502203436466036
2024-11-21,000985.CSI,中证全指,entry_frequency_inverse_sqrt_weekly_binary,challenger,-0.063671820202,-0.063671820202,0.0,0.0,0.0011953195856635457,0.0,0.0,0.0,1.0217707950767538,3.6502203436466036
2024-11-22,000985.CSI,中证全指,entry_frequency_inverse_sqrt_weekly_binary,challenger,-0.640353970924,-0.063671820202,0.0,0.0,-0.033851224815604875,-0.0,0.0,-0.0,0.9871826021825914,3.6502203436466036
2024-11-25,000985.CSI,中证全指,entry_frequency_inverse_sqrt_weekly_binary,challenger,-0.640353970924,-0.640353970924,0.0,0.0,0.0005832246292123422,0.0,0.0,0.0,0.9877583513897141,3.6502203436466036
2024-11-26,000985.CSI,中证全指,entry_frequency_inverse_sqrt_weekly_binary,challenger,-0.488467142723,-0.640353970924,0.0,0.0,-0.00637692512814525,-0.0,0.0,-0.0,0.9814594903382018,3.6502203436466036
2024-11-27,000985.CSI,中证全指,entry_frequency_inverse_sqrt_weekly_binary,challenger,-0.488467142723,-0.640353970924,0.0,0.0,0.01860197609440517,0.0,0.0,0.0,0.9997165763151001,3.6502203436466036
2024-11-28,000985.CSI,中证全指,entry_frequency_inverse_sqrt_weekly_binary,challenger,-0.488467142723,-0.640353970924,0.0,0.0,-0.005756253311179238,-0.0,0.0,-0.0,0.9939619544624456,3.6502203436466036
2024-11-29,000985.CSI,中证全指,entry_frequency_inverse_sqrt_weekly_binary,challenger,-0.488467142723,-0.640353970924,0.0,0.0,0.014005793262403587,0.0,0.0,0.0,1.0078831801073413,3.6502203436466036
2024-12-02,000985.CSI,中证全指,entry_frequency_inverse_sqrt_weekly_binary,challenger,-0.413372285022,-0.413372285022,0.0,0.0,0.01473580183324108,0.0,0.0,0.0,1.02273514692046,3.6502203436466036
2024-12-03,000985.CSI,中证全指,entry_frequency_inverse_sqrt_weekly_binary,challenger,-0.413372285022,-0.413372285022,0.0,0.0,0.000775993899261973,0.0,0.0,0.0,1.023528783155031,3.6502203436466036
2024-12-04,000985.CSI,中证全指,entry_frequency_inverse_sqrt_weekly_binary,challenger,-0.297803737491,-0.413372285022,0.0,0.0,-0.009350813762510568,-0.0,0.0,-0.0,1.0139579561231793,3.6502203436466036
2024-12-05,000985.CSI,中证全指,entry_frequency_inverse_sqrt_weekly_binary,challenger,-0.297803737491,-0.413372285022,0.0,0.0,0.00473359963865394,0.0,0.0,0.0,1.0187576271378942,3.6502203436466036
2024-12-06,000985.CSI,中证全指,entry_frequency_inverse_sqrt_weekly_binary,challenger,-0.297803737491,-0.413372285022,0.0,0.0,0.011919971627028847,0.0,0.0,0.0,1.0309011891481972,3.6502203436466036
2024-12-09,000985.CSI,中证全指,entry_frequency_inverse_sqrt_weekly_binary,challenger,-0.297803737491,-0.297803737491,0.0,0.0,-0.0032937299975043244,-0.0,0.0,-0.0,1.027505678977037,3.6502203436466036
2024-12-10,000985.CSI,中证全指,entry_frequency_inverse_sqrt_weekly_binary,challenger,-0.297803737491,-0.297803737491,0.0,0.0,0.007607702082047085,0.0,0.0,0.0,1.0353226360703058,3.6502203436466036
2024-12-11,000985.CSI,中证全指,entry_frequency_inverse_sqrt_weekly_binary,challenger,-0.405203943685,-0.297803737491,0.0,0.0,0.005801024876857408,0.0,0.0,0.0,1.0413285684377234,3.6502203436466036
2024-12-12,000985.CSI,中证全指,entry_frequency_inverse_sqrt_weekly_binary,challenger,-0.405203943685,-0.297803737491,0.0,0.0,0.00925285414327881,0.0,0.0,0.0,1.050963829796707,3.6502203436466036
2024-12-13,000985.CSI,中证全指,entry_frequency_inverse_sqrt_weekly_binary,challenger,-0.405203943685,-0.297803737491,0.0,0.0,-0.020905970854992573,-0.0,0.0,-0.0,1.0289924106013257,3.6502203436466036
2024-12-16,000985.CSI,中证全指,entry_frequency_inverse_sqrt_weekly_binary,challenger,-0.527381657642,-0.527381657642,0.0,0.0,-0.007838170724144944,-0.0,0.0,-0.0,1.0209269924131832,3.6502203436466036
2024-12-17,000985.CSI,中证全指,entry_frequency_inverse_sqrt_weekly_binary,challenger,-0.527381657642,-0.527381657642,0.0,0.0,-0.0128697248516082,-0.0,0.0,-0.0,1.0077879429272456,3.6502203436466036
2024-12-18,000985.CSI,中证全指,entry_frequency_inverse_sqrt_weekly_binary,challenger,-0.527381657642,-0.527381657642,0.0,0.0,0.006304834280705052,0.0,0.0,0.0,1.0141418788974945,3.6502203436466036
2024-12-19,000985.CSI,中证全指,entry_frequency_inverse_sqrt_weekly_binary,challenger,-0.527381657642,-0.527381657642,0.0,0.0,0.0008769295541870559,0.0,0.0,0.0,1.0150312098832386,3.6502203436466036
2024-12-20,000985.CSI,中证全指,entry_frequency_inverse_sqrt_weekly_binary,challenger,-0.65003634543,-0.527381657642,0.0,0.0,0.0023108370604865147,0.0,0.0,0.0,1.0173767816205872,3.6502203436466036
2024-12-23,000985.CSI,中证全指,entry_frequency_inverse_sqrt_weekly_binary,challenger,-0.65003634543,-0.65003634543,0.0,0.0,-0.016159091045225726,-0.0,0.0,-0.0,1.0009368975790813,3.6502203436466036
2024-12-24,000985.CSI,中证全指,entry_frequency_inverse_sqrt_weekly_binary,challenger,-0.65003634543,-0.65003634543,0.0,0.0,0.011475551339129142,0.0,0.0,0.0,1.0124232003344786,3.6502203436466036
2024-12-25,000985.CSI,中证全指,entry_frequency_inverse_sqrt_weekly_binary,challenger,-0.65003634543,-0.65003634543,0.0,0.0,-0.007800026743488786,-0.0,0.0,-0.0,1.0045262722961412,3.6502203436466036
2024-12-26,000985.CSI,中证全指,entry_frequency_inverse_sqrt_weekly_binary,challenger,-0.809336594768,-0.65003634543,0.0,0.0,0.005794492623181879,0.0,0.0,0.0,1.0103469923707535,3.6502203436466036
2024-12-27,000985.CSI,中证全指,entry_frequency_inverse_sqrt_weekly_binary,challenger,-0.728671777923,-0.65003634543,0.0,0.0,0.0013250593974221125,0.0,0.0,0.0,1.0116857621476516,3.6502203436466036
2024-12-30,000985.CSI,中证全指,entry_frequency_inverse_sqrt_weekly_binary,challenger,-0.844240325454,-0.844240325454,0.0,0.0,-0.0009025979356485081,-0.0,0.0,-0.0,1.0107726166672122,3.6502203436466036
2024-12-31,000985.CSI,中证全指,entry_frequency_inverse_sqrt_weekly_binary,challenger,-0.73684011926,-0.844240325454,0.0,0.0,-0.02245310595564931,-0.0,0.0,-0.0,0.9880776320081144,3.6502203436466036
2025-01-02,000985.CSI,中证全指,entry_frequency_inverse_sqrt_weekly_binary,challenger,-0.811934976961,-0.844240325454,0.0,0.0,-0.02643029456770718,-0.0,0.0,-0.0,0.9619624491383774,3.6502203436466036
2025-01-03,000985.CSI,中证全指,entry_frequency_inverse_sqrt_weekly_binary,challenger,-0.892599793806,-0.844240325454,0.0,0.0,-0.02205099128630794,-0.0,0.0,-0.0,0.9407502235546715,3.6502203436466036
2025-01-06,000985.CSI,中证全指,entry_frequency_inverse_sqrt_weekly_binary,challenger,-0.892599793806,-0.892599793806,0.0,0.0,-0.002916679148822765,-0.0,0.0,-0.0,0.9380063569933793,3.6502203436466036
2025-01-07,000985.CSI,中证全指,entry_frequency_inverse_sqrt_weekly_binary,challenger,-0.892599793806,-0.892599793806,0.0,0.0,0.012789175710227196,0.0,0.0,0.0,0.9500026851102777,3.6502203436466036
2025-01-08,000985.CSI,中证全指,entry_frequency_inverse_sqrt_weekly_binary,challenger,-0.892599793806,-0.892599793806,0.0,0.0,-0.0018770213117834667,-0.0,0.0,-0.0,0.9482195098240742,3.6502203436466036
2025-01-09,000985.CSI,中证全指,entry_frequency_inverse_sqrt_weekly_binary,challenger,-0.892599793806,-0.892599793806,0.0,0.0,-0.00011495851820242375,-0.0,0.0,-0.0,0.9481105039142942,3.6502203436466036
2025-01-10,000985.CSI,中证全指,entry_frequency_inverse_sqrt_weekly_binary,challenger,-0.777031246275,-0.892599793806,0.0,0.0,-0.018185562625626206,-0.0,0.0,-0.0,0.9308685809693468,3.6502203436466036
2025-01-13,000985.CSI,中证全指,entry_frequency_inverse_sqrt_weekly_binary,challenger,-0.777031246275,-0.777031246275,0.0,0.0,-0.0006726676924629915,-0.0,0.0,-0.0,0.9302424157489998,3.6502203436466036
2025-01-14,000985.CSI,中证全指,entry_frequency_inverse_sqrt_weekly_binary,challenger,-0.777031246275,-0.777031246275,0.0,0.0,0.03569007481551023,0.0,0.0,0.0,0.9634428371636425,3.6502203436466036
2025-01-15,000985.CSI,中证全指,entry_frequency_inverse_sqrt_weekly_binary,challenger,-0.495076309149,-0.777031246275,0.0,0.0,-0.006067229613731406,-0.0,0.0,-0.0,0.9575974082508659,3.6502203436466036
2025-01-16,000985.CSI,中证全指,entry_frequency_inverse_sqrt_weekly_binary,challenger,-0.495076309149,-0.777031246275,0.0,0.0,0.003521907215067399,0.0,0.0,0.0,0.9609699774721144,3.6502203436466036
2025-01-17,000985.CSI,中证全指,entry_frequency_inverse_sqrt_weekly_binary,challenger,0.080661501031,-0.777031246275,0.0,0.0,0.0034050740854569828,0.0,0.0,0.0,0.9642421514393069,3.6502203436466036
2025-01-20,000985.CSI,中证全指,entry_frequency_inverse_sqrt_weekly_binary,challenger,0.080661501031,0.080661501031,1.0,1.0,0.005923505166851584,0.005923505166851584,0.0005,0.005423505166851583,0.9699538448054538,3.670017332540518
2025-01-21,000985.CSI,中证全指,entry_frequency_inverse_sqrt_weekly_binary,challenger,0.080661501031,0.080661501031,1.0,0.0,0.001613046962835707,0.001613046962835707,0.0,0.001613046962835707,0.971518425908908,3.675937242852327
2025-01-22,000985.CSI,中证全指,entry_frequency_inverse_sqrt_weekly_binary,challenger,0.271061716513,0.080661501031,1.0,0.0,-0.009223073262070391,-0.009223073262070391,0.0,-0.009223073262070391,0.9625580402912989,3.642033804354727
2025-01-23,000985.CSI,中证全指,entry_frequency_inverse_sqrt_weekly_binary,challenger,0.410777277673,0.080661501031,1.0,0.0,-0.0009380127647179437,-0.0009380127647179437,0.0,-0.0009380127647179437,0.9616551485627237,3.638617530156708
2025-01-24,000985.CSI,中证全指,entry_frequency_inverse_sqrt_weekly_binary,challenger,0.330112460827,0.080661501031,1.0,0.0,0.010941803939814143,0.010941803939814143,0.0,0.010941803939814143,0.9721773906560098,3.6784305697836532
2025-01-27,000985.CSI,中证全指,entry_frequency_inverse_sqrt_weekly_binary,challenger,0.330112460827,0.330112460827,1.0,0.0,-0.008890970850099378,-0.008890970850099378,0.0,-0.008890970850099378,0.9635337898145616,3.6457257508135923
2025-02-05,000985.CSI,中证全指,entry_frequency_inverse_sqrt_weekly_binary,challenger,0.489412710165,0.489412710165,1.0,0.0,0.0014111526432247778,0.0014111526432247778,0.0,0.0014111526432247778,0.9648934830688948,3.6508704263433254
2025-02-06,000985.CSI,中证全指,entry_frequency_inverse_sqrt_weekly_binary,challenger,0.767448354954,0.489412710165,1.0,0.0,0.019264769591301967,0.019264769591301967,0.0,0.019264769591301967,0.9834819337003659,3.7212036039145278
2025-02-07,000985.CSI,中证全指,entry_frequency_inverse_sqrt_weekly_binary,challenger,0.767448354954,0.489412710165,1.0,0.0,0.014266066576387182,0.014266066576387182,0.0,0.014266066576387182,0.9975123524432092,3.774290542272264
2025-02-10,000985.CSI,中证全指,entry_frequency_inverse_sqrt_weekly_binary,challenger,0.767448354954,0.767448354954,1.0,0.0,0.009122409349922256,0.009122409349922256,0.0,0.009122409349922256,1.0066120684538,3.8087211656044118
2025-02-11,000985.CSI,中证全指,entry_frequency_inverse_sqrt_weekly_binary,challenger,0.767448354954,0.767448354954,1.0,0.0,-0.004201837808151532,-0.004201837808151532,0.0,-0.004201837808151532,1.0023824478064292,3.792717537010068
2025-02-12,000985.CSI,中证全指,entry_frequency_inverse_sqrt_weekly_binary,challenger,0.767448354954,0.767448354954,1.0,0.0,0.01179223525667128,0.01179223525667128,0.0,0.01179223525667128,1.0142027774481206,3.8374421544685937
2025-02-13,000985.CSI,中证全指,entry_frequency_inverse_sqrt_weekly_binary,challenger,0.848113171799,0.767448354954,1.0,0.0,-0.006486292807732941,-0.006486292807732941,0.0,-0.006486292807732941,1.007624361267176,3.8125513810219727
2025-02-14,000985.CSI,中证全指,entry_frequency_inverse_sqrt_weekly_binary,challenger,0.848113171799,0.767448354954,1.0,0.0,0.0062775585980432425,0.0062775585980432425,0.0,0.0062775585980432425,1.0139497822398467,3.836484895724389
2025-02-17,000985.CSI,中证全指,entry_frequency_inverse_sqrt_weekly_binary,challenger,0.848113171799,0.848113171799,1.0,0.0,0.005079704858191869,0.005079704858191869,0.0,0.005079704858191869,1.019100347874653,3.8559731066875798
2025-02-18,000985.CSI,中证全指,entry_frequency_inverse_sqrt_weekly_binary,challenger,0.848113171799,0.848113171799,1.0,0.0,-0.01625303127826494,-0.01625303127826494,0.0,-0.01625303127826494,1.0025368780449555,3.793301855176438
2025-02-19,000985.CSI,中证全指,entry_frequency_inverse_sqrt_weekly_binary,challenger,0.848113171799,0.848113171799,1.0,0.0,0.01519007483828183,0.01519007483828183,0.0,0.01519007483828183,1.0177654882505958,3.8509223942407615
2025-02-20,000985.CSI,中证全指,entry_frequency_inverse_sqrt_weekly_binary,challenger,0.848113171799,0.848113171799,1.0,0.0,0.0025123366870802855,0.0025123366870802855,0.0,0.0025123366870802855,1.0203224578255718,3.860597207850912
2025-02-21,000985.CSI,中证全指,entry_frequency_inverse_sqrt_weekly_binary,challenger,0.848113171799,0.848113171799,1.0,0.0,0.013740548889339177,0.013740548889339177,0.0,0.013740548889339177,1.034342248440215,3.9136439325274335
2025-02-24,000985.CSI,中证全指,entry_frequency_inverse_sqrt_weekly_binary,challenger,0.848113171799,0.848113171799,1.0,0.0,-0.00037244272883674157,-0.00037244272883674157,0.0,-0.00037244272883674157,1.0339570151906547,3.9121863243015076
2025-02-25,000985.CSI,中证全指,entry_frequency_inverse_sqrt_weekly_binary,challenger,0.848113171799,0.848113171799,1.0,0.0,-0.008240483994665926,-0.008240483994665926,0.0,-0.008240483994665926,1.0254367089558036,3.87994801551195
2025-02-26,000985.CSI,中证全指,entry_frequency_inverse_sqrt_weekly_binary,challenger,0.848113171799,0.848113171799,1.0,0.0,0.011478905586151722,0.011478905586151722,0.0,0.011478905586151722,1.0372076001224815,3.9244855724611885
2025-02-27,000985.CSI,中证全指,entry_frequency_inverse_sqrt_weekly_binary,challenger,0.848113171799,0.848113171799,1.0,0.0,-0.0007478809138408149,-0.0007478809138408149,0.0,-0.0007478809138408149,1.0364318923546592,3.921550524604901
2025-02-28,000985.CSI,中证全指,entry_frequency_inverse_sqrt_weekly_binary,challenger,0.740712965605,0.848113171799,1.0,0.0,-0.027242509502904744,-0.027242509502904744,0.0,-0.027242509502904744,1.0081968866780737,3.8147176471722313
2025-03-03,000985.CSI,中证全指,entry_frequency_inverse_sqrt_weekly_binary,challenger,0.665618107904,0.665618107904,1.0,0.0,0.0011942055286138231,0.0011942055286138231,0.0,0.0011942055286138231,1.009400880974076,3.819273204076585
2025-03-04,000985.CSI,中证全指,entry_frequency_inverse_sqrt_weekly_binary,challenger,0.665618107904,0.665618107904,1.0,0.0,0.006027513088489478,0.006027513088489478,0.0,0.006027513088489478,1.01548505799568,3.8422939233026736
2025-03-05,000985.CSI,中证全指,entry_frequency_inverse_sqrt_weekly_binary,challenger,0.550049560373,0.665618107904,1.0,0.0,0.004624073541137141,0.004624073541137141,0.0,0.004624073541137141,1.020180735583778,3.8600609729706896
2025-03-06,000985.CSI,中证全指,entry_frequency_inverse_sqrt_weekly_binary,challenger,0.398162732172,0.665618107904,1.0,0.0,0.016502137777032022,0.016502137777032022,0.0,0.016502137777032022,1.0370158986398554,3.923760230974396
2025-03-07,000985.CSI,中证全指,entry_frequency_inverse_sqrt_weekly_binary,challenger,0.279427336721,0.665618107904,1.0,0.0,-0.004250829101708042,-0.004250829101708042,0.0,-0.004250829101708042,1.0326077212789833,3.9070809967964455
2025-03-10,000985.CSI,中证全指,entry_frequency_inverse_sqrt_weekly_binary,challenger,0.149359227796,0.149359227796,1.0,0.0,-0.0006438963787678276,-0.0006438963787678276,0.0,-0.0006438963787678276,1.031942828906564,3.904565241491056
2025-03-11,000985.CSI,中证全指,entry_frequency_inverse_sqrt_weekly_binary,challenger,0.097459184652,0.149359227796,1.0,0.0,0.003739959946607474,0.003739959946607474,0.0,0.003739959946607474,1.0358022537538634,3.919168159103148
2025-03-12,000985.CSI,中证全指,entry_frequency_inverse_sqrt_weekly_binary,challenger,0.097459184652,0.149359227796,1.0,0.0,-5.280983141575657e-05,-5.280983141575657e-05,0.0,-5.280983141575657e-05,1.0357475532114626,3.918961188493376
2025-03-13,000985.CSI,中证全指,entry_frequency_inverse_sqrt_weekly_binary,challenger,0.097459184652,0.149359227796,1.0,0.0,-0.008816093061700725,-0.008816093061700725,0.0,-0.008816093061700725,1.0266163063939215,3.884411261950425
2025-03-14,000985.CSI,中证全指,entry_frequency_inverse_sqrt_weekly_binary,challenger,0.097459184652,0.149359227796,1.0,0.0,0.020518754247014437,0.020518754247014437,0.0,0.020518754247014437,1.0476811940907962,3.964114542028721
2025-03-17,000985.CSI,中证全指,entry_frequency_inverse_sqrt_weekly_binary,challenger,0.097459184652,0.097459184652,1.0,0.0,0.0011100110393629237,0.0011100110393629237,0.0,0.0011100110393629237,1.04884413178197,3.968514752931672
2025-03-18,000985.CSI,中证全指,entry_frequency_inverse_sqrt_weekly_binary,challenger,0.016794367807,0.097459184652,1.0,0.0,0.0035889508738193854,0.0035889508738193854,0.0,0.0035889508738193854,1.0526083818452292,3.982757557421971
2025-03-19,000985.CSI,中证全指,entry_frequency_inverse_sqrt_weekly_binary,challenger,-0.142505881531,0.097459184652,1.0,0.0,-0.003054493603566022,-0.003054493603566022,0.0,-0.003054493603566022,1.049393196275823,3.9705922499382713
2025-03-20,000985.CSI,中证全指,entry_frequency_inverse_sqrt_weekly_binary,challenger,-0.181019268813,0.097459184652,1.0,0.0,-0.0059927319083810104,-0.0059927319083810104,0.0,-0.0059927319083810104,1.043104464184063,3.9467975550668957
2025-03-21,000985.CSI,中证全指,entry_frequency_inverse_sqrt_weekly_binary,challenger,-0.181019268813,0.097459184652,1.0,0.0,-0.016634669874274977,-0.016634669874274977,0.0,-0.016634669874274977,1.0257527657779786,3.881143880677762
2025-03-24,000985.CSI,中证全指,entry_frequency_inverse_sqrt_weekly_binary,challenger,-0.181019268813,-0.181019268813,0.0,1.0,-0.0026724236272104296,-0.0,0.0005,-0.0005,1.023011519851037,3.8792033087374236
2025-03-25,000985.CSI,中证全指,entry_frequency_inverse_sqrt_weekly_binary,challenger,-0.181019268813,-0.181019268813,0.0,0.0,-0.0039057986711966697,-0.0,0.0,-0.0,1.019015842816184,3.8792033087374236
2025-03-26,000985.CSI,中证全指,entry_frequency_inverse_sqrt_weekly_binary,challenger,-0.371419484295,-0.181019268813,0.0,0.0,0.0012336143248505849,0.0,0.0,0.0,1.0202729153571317,3.8792033087374236
2025-03-27,000985.CSI,中证全指,entry_frequency_inverse_sqrt_weekly_binary,challenger,-0.371419484295,-0.181019268813,0.0,0.0,0.0002822768215624549,0.0,0.0,0.0,1.020560914752805,3.8792033087374236
2025-03-28,000985.CSI,中证全指,entry_frequency_inverse_sqrt_weekly_binary,challenger,-0.371419484295,-0.181019268813,0.0,0.0,-0.007766158880243568,-0.0,0.0,-0.0,1.012635076541868,3.8792033087374236
2025-03-31,000985.CSI,中证全指,entry_frequency_inverse_sqrt_weekly_binary,challenger,-0.436040187753,-0.436040187753,0.0,0.0,-0.00860213357625439,-0.0,0.0,-0.0,1.0039242543494542,3.8792033087374236
2025-04-01,000985.CSI,中证全指,entry_frequency_inverse_sqrt_weekly_binary,challenger,-0.436040187753,-0.436040187753,0.0,0.0,0.003660409740154247,0.0,0.0,0.0,1.007599028468452,3.8792033087374236
2025-04-02,000985.CSI,中证全指,entry_frequency_inverse_sqrt_weekly_binary,challenger,-0.665618107904,-0.436040187753,0.0,0.0,0.0006259634185945551,0.0,0.0,0.0,1.0082297486008847,3.8792033087374236
2025-04-03,000985.CSI,中证全指,entry_frequency_inverse_sqrt_weekly_binary,challenger,-0.665618107904,-0.436040187753,0.0,0.0,-0.007804186547439196,-0.0,0.0,-0.0,1.0003613355601255,3.8792033087374236
2025-04-07,000985.CSI,中证全指,entry_frequency_inverse_sqrt_weekly_binary,challenger,-0.848113171799,-0.848113171799,0.0,0.0,-0.09242846823010054,-0.0,0.0,-0.0,0.9078994696376855,3.8792033087374236
2025-04-08,000985.CSI,中证全指,entry_frequency_inverse_sqrt_weekly_binary,challenger,-0.773018314098,-0.848113171799,0.0,0.0,0.010263592506622565,0.0,0.0,0.0,0.9172177798310255,3.8792033087374236
2025-04-09,000985.CSI,中证全指,entry_frequency_inverse_sqrt_weekly_binary,challenger,-0.773018314098,-0.848113171799,0.0,0.0,0.017345613118028957,0.0,0.0,0.0,0.9331274845849519,3.8792033087374236
2025-04-10,000985.CSI,中证全指,entry_frequency_inverse_sqrt_weekly_binary,challenger,-0.491063376972,-0.848113171799,0.0,0.0,0.018946172733354416,0.0,0.0,0.0,0.9508066790901388,3.8792033087374236
2025-04-11,000985.CSI,中证全指,entry_frequency_inverse_sqrt_weekly_binary,challenger,-0.268094623247,-0.848113171799,0.0,0.0,0.006903133166059838,0.0,0.0,0.0,0.9573702242110772,3.8792033087374236
2025-04-14,000985.CSI,中证全指,entry_frequency_inverse_sqrt_weekly_binary,challenger,-0.398162732172,-0.398162732172,0.0,0.0,0.008698700447991703,0.0,0.0,0.0,0.965698101009316,3.8792033087374236
2025-04-15,000985.CSI,中证全指,entry_frequency_inverse_sqrt_weekly_binary,challenger,-0.398162732172,-0.398162732172,0.0,0.0,-0.0013051916825426169,-0.0,0.0,-0.0,0.9644376798800314,3.8792033087374236
2025-04-16,000985.CSI,中证全指,entry_frequency_inverse_sqrt_weekly_binary,challenger,-0.398162732172,-0.398162732172,0.0,0.0,-0.005239925264815426,-0.0,0.0,-0.0,0.959384098514888,3.8792033087374236
2025-04-17,000985.CSI,中证全指,entry_frequency_inverse_sqrt_weekly_binary,challenger,-0.398162732172,-0.398162732172,0.0,0.0,0.0011200995266322789,0.0,0.0,0.0,0.9604587041894931,3.8792033087374236
2025-04-18,000985.CSI,中证全指,entry_frequency_inverse_sqrt_weekly_binary,challenger,-0.398162732172,-0.398162732172,0.0,0.0,-0.00022612098906482636,-0.0,0.0,-0.0,0.9602415243173459,3.8792033087374236
2025-04-21,000985.CSI,中证全指,entry_frequency_inverse_sqrt_weekly_binary,challenger,-0.398162732172,-0.398162732172,0.0,0.0,0.011279127513603715,0.0,0.0,0.0,0.9710722109139784,3.8792033087374236
2025-04-22,000985.CSI,中证全指,entry_frequency_inverse_sqrt_weekly_binary,challenger,-0.398162732172,-0.398162732172,0.0,0.0,-0.0007794322081282612,-0.0,0.0,-0.0,0.9703153259563738,3.8792033087374236
2025-04-23,000985.CSI,中证全指,entry_frequency_inverse_sqrt_weekly_binary,challenger,-0.398162732172,-0.398162732172,0.0,0.0,0.0033891268599879343,0.0,0.0,0.0,0.9736038476902306,3.8792033087374236
2025-04-24,000985.CSI,中证全指,entry_frequency_inverse_sqrt_weekly_binary,challenger,-0.398162732172,-0.398162732172,0.0,0.0,-0.004807433902697222,-0.0,0.0,-0.0,0.9689233115450481,3.8792033087374236
2025-04-25,000985.CSI,中证全指,entry_frequency_inverse_sqrt_weekly_binary,challenger,-0.398162732172,-0.398162732172,0.0,0.0,0.0019271539333576282,0.0,0.0,0.0,0.970790575916014,3.8792033087374236
2025-04-28,000985.CSI,中证全指,entry_frequency_inverse_sqrt_weekly_binary,challenger,-0.398162732172,-0.398162732172,0.0,0.0,-0.005924897677744512,-0.0,0.0,-0.0,0.965038741087193,3.8792033087374236
2025-04-29,000985.CSI,中证全指,entry_frequency_inverse_sqrt_weekly_binary,challenger,-0.398162732172,-0.398162732172,0.0,0.0,0.001968317179761314,0.0,0.0,0.0,0.9669382434204101,3.8792033087374236
2025-04-30,000985.CSI,中证全指,entry_frequency_inverse_sqrt_weekly_binary,challenger,-0.279427336721,-0.398162732172,0.0,0.0,0.0038202763523806915,0.0,0.0,0.0,0.9706322147259616,3.8792033087374236
2025-05-06,000985.CSI,中证全指,entry_frequency_inverse_sqrt_weekly_binary,challenger,-0.279427336721,-0.279427336721,0.0,0.0,0.018215130894943865,0.0,0.0,0.0,0.9883124075680443,3.8792033087374236
2025-05-07,000985.CSI,中证全指,entry_frequency_inverse_sqrt_weekly_binary,challenger,-0.089027121239,-0.279427336721,0.0,0.0,0.005040234944117872,0.0,0.0,0.0,0.993293734300374,3.8792033087374236
2025-05-08,000985.CSI,中证全指,entry_frequency_inverse_sqrt_weekly_binary,challenger,-0.089027121239,-0.279427336721,0.0,0.0,0.006623793841912917,0.0,0.0,0.0,0.9998731072208435,3.8792033087374236
2025-05-09,000985.CSI,中证全指,entry_frequency_inverse_sqrt_weekly_binary,challenger,-0.089027121239,-0.279427336721,0.0,0.0,-0.0070833919497333975,-0.0,0.0,-0.0,0.9927906141024005,3.8792033087374236
2025-05-12,000985.CSI,中证全指,entry_frequency_inverse_sqrt_weekly_binary,challenger,-0.089027121239,-0.089027121239,0.0,0.0,0.012755132236203615,0.0,0.0,0.0,1.0054537896681384,3.8792033087374236
2025-05-13,000985.CSI,中证全指,entry_frequency_inverse_sqrt_weekly_binary,challenger,0.101373094244,-0.089027121239,0.0,0.0,-0.0006165423239083978,-0.0,0.0,-0.0,1.004833884852074,3.8792033087374236
2025-05-14,000985.CSI,中证全指,entry_frequency_inverse_sqrt_weekly_binary,challenger,0.101373094244,-0.089027121239,0.0,0.0,0.006881735787156007,0.0,0.0,0.0,1.0117488861576074,3.8792033087374236
2025-05-15,000985.CSI,中证全指,entry_frequency_inverse_sqrt_weekly_binary,challenger,0.101373094244,-0.089027121239,0.0,0.0,-0.011734253954293394,-0.0,0.0,-0.0,0.9998767677894606,3.8792033087374236
2025-05-16,000985.CSI,中证全指,entry_frequency_inverse_sqrt_weekly_binary,challenger,0.101373094244,-0.089027121239,0.0,0.0,-0.000423492622431465,-0.0,0.0,-0.0,0.9994533273549611,3.8792033087374236
2025-05-19,000985.CSI,中证全指,entry_frequency_inverse_sqrt_weekly_binary,challenger,0.101373094244,0.101373094244,1.0,1.0,0.0013906739875353402,0.0013906739875353402,0.0005,0.0008906739875353402,1.0008432410990693,3.8826584142168774
2025-05-20,000985.CSI,中证全指,entry_frequency_inverse_sqrt_weekly_binary,challenger,0.101373094244,0.101373094244,1.0,0.0,0.006549744230655907,0.006549744230655907,0.0,0.006549744230655907,1.0073985083432488,3.908088833765002
2025-05-21,000985.CSI,中证全指,entry_frequency_inverse_sqrt_weekly_binary,challenger,0.101373094244,0.101373094244,1.0,0.0,0.0006614545037273434,0.0006614545037273434,0.0,0.0006614545037273434,1.0080648566236408,3.9106738567250625
2025-05-22,000985.CSI,中证全指,entry_frequency_inverse_sqrt_weekly_binary,challenger,0.101373094244,0.101373094244,1.0,0.0,-0.006147246043345822,-0.006147246043345822,0.0,-0.006147246043345822,1.0018680339223252,3.8866339823324934
2025-05-23,000985.CSI,中证全指,entry_frequency_inverse_sqrt_weekly_binary,challenger,0.208773300438,0.101373094244,1.0,0.0,-0.009415343566983925,-0.009415343566983925,0.0,-0.009415343566983925,0.9924351021741677,3.850039988069718
2025-05-26,000985.CSI,中证全指,entry_frequency_inverse_sqrt_weekly_binary,challenger,0.101373094244,0.101373094244,1.0,0.0,0.0009541195637325917,0.0009541195637325917,0.0,0.0009541195637325917,0.993382003920887,3.853713386543488
2025-05-27,000985.CSI,中证全指,entry_frequency_inverse_sqrt_weekly_binary,challenger,0.133678442737,0.101373094244,1.0,0.0,-0.003163995035443623,-0.003163995035443623,0.0,-0.003163995035443623,0.9902389481921823,3.841520256520442
2025-05-28,000985.CSI,中证全指,entry_frequency_inverse_sqrt_weekly_binary,challenger,0.014943047286,0.101373094244,1.0,0.0,-0.0021116073376101774,-0.0021116073376101774,0.0,-0.0021116073376101774,0.9881479523631923,3.833408474159195
2025-05-29,000985.CSI,中证全指,entry_frequency_inverse_sqrt_weekly_binary,challenger,0.014943047286,0.101373094244,1.0,0.0,0.011502939710776428,0.011502939710776428,0.0,0.011502939710776428,0.9995145586845533,3.8775039407242278
2025-05-30,000985.CSI,中证全指,entry_frequency_inverse_sqrt_weekly_binary,challenger,0.014943047286,0.101373094244,1.0,0.0,-0.00854369248009157,-0.00854369248009157,0.0,-0.00854369248009157,0.990975013665778,3.8443757394643367
2025-06-03,000985.CSI,中证全指,entry_frequency_inverse_sqrt_weekly_binary,challenger,0.014943047286,0.014943047286,1.0,0.0,0.004988767062514166,0.004988767062514166,0.0,0.004988767062514166,0.9959187571737284,3.863554434529305
2025-06-04,000985.CSI,中证全指,entry_frequency_inverse_sqrt_weekly_binary,challenger,0.014943047286,0.014943047286,1.0,0.0,0.00683716491962949,0.00683716491962949,0.0,0.00683716491962949,1.0027280179630775,3.8899701933741477
2025-06-05,000985.CSI,中证全指,entry_frequency_inverse_sqrt_weekly_binary,challenger,0.014943047286,0.014943047286,1.0,0.0,0.003933926038855118,0.003933926038855118,0.0,0.003933926038855118,1.0066726758228322,3.9052730484082328
2025-06-06,000985.CSI,中证全指,entry_frequency_inverse_sqrt_weekly_binary,challenger,0.137120761243,0.014943047286,1.0,0.0,-0.0010776478331425698,-0.0010776478331425698,0.0,-0.0010776478331425698,1.0055878371950477,3.9010645393697856
2025-06-09,000985.CSI,中证全指,entry_frequency_inverse_sqrt_weekly_binary,challenger,0.137120761243,0.137120761243,1.0,0.0,0.00735596927523785,0.00735596927523785,0.0,0.00735596927523785,1.0129849104290074,3.9297606502621094
2025-06-10,000985.CSI,中证全指,entry_frequency_inverse_sqrt_weekly_binary,challenger,0.137120761243,0.137120761243,1.0,0.0,-0.0069316911722494545,-0.0069316911722494545,0.0,-0.0069316911722494545,1.0059632118677648,3.9025207630536345
2025-06-11,000985.CSI,中证全指,entry_frequency_inverse_sqrt_weekly_binary,challenger,0.137120761243,0.137120761243,1.0,0.0,0.006132879968816507,0.006132879968816507,0.0,0.006132879968816507,1.012132663499195,3.9264544544692566
2025-06-12,000985.CSI,中证全指,entry_frequency_inverse_sqrt_weekly_binary,challenger,0.217785578088,0.137120761243,1.0,0.0,0.0005313244272378004,0.0005313244272378004,0.0,0.0005313244272378004,1.0126704343069173,3.9285406756333527
2025-06-13,000985.CSI,中证全指,entry_frequency_inverse_sqrt_weekly_binary,challenger,0.217785578088,0.137120761243,1.0,0.0,-0.011443677520308726,-0.011443677520308726,0.0,-0.011443677520308726,1.0010817604223579,3.883583723015989
2025-06-16,000985.CSI,中证全指,entry_frequency_inverse_sqrt_weekly_binary,challenger,0.217785578088,0.217785578088,1.0,0.0,0.005200098487547988,0.005200098487547988,0.0,0.005200098487547988,1.006287484170642,3.9037787408603104
2025-06-17,000985.CSI,中证全指,entry_frequency_inverse_sqrt_weekly_binary,challenger,0.336520973539,0.217785578088,1.0,0.0,-0.0012761701271357673,-0.0012761701271357673,0.0,-0.0012761701271357673,1.0050032901440327,3.898796855048277
2025-06-18,000985.CSI,中证全指,entry_frequency_inverse_sqrt_weekly_binary,challenger,0.229120767345,0.217785578088,1.0,0.0,-0.00023317215957108228,-0.00023317215957108228,0.0,-0.00023317215957108228,1.0047689513564937,3.8978877641658563
2025-06-19,000985.CSI,中证全指,entry_frequency_inverse_sqrt_weekly_binary,challenger,0.336520973539,0.217785578088,1.0,0.0,-0.012167813896853175,-0.012167813896853175,0.0,-0.012167813896853175,0.9925431097470515,3.850458991260665
2025-06-20,000985.CSI,中证全指,entry_frequency_inverse_sqrt_weekly_binary,challenger,0.336520973539,0.217785578088,1.0,0.0,-0.0036286000200957957,-0.0036286000200957957,0.0,-0.0036286000200957957,0.9889415677990774,3.8364872156875984
2025-06-23,000985.CSI,中证全指,entry_frequency_inverse_sqrt_weekly_binary,challenger,0.495821222877,0.495821222877,1.0,0.0,0.008268081576800812,0.008268081576800812,0.0,0.008268081576800812,0.9971182173563294,3.868207604955257
2025-06-24,000985.CSI,中证全指,entry_frequency_inverse_sqrt_weekly_binary,challenger,0.495821222877,0.495821222877,1.0,0.0,0.01542299364353239,0.01542299364353239,0.0,0.01542299364353239,1.0124967652844665,3.9278669462583453
2025-06-25,000985.CSI,中证全指,entry_frequency_inverse_sqrt_weekly_binary,challenger,0.307756199838,0.495821222877,1.0,0.0,0.013457768139664816,0.013457768139664816,0.0,0.013457768139664816,1.0261227119938254,3.9807272689045434
2025-06-26,000985.CSI,中证全指,entry_frequency_inverse_sqrt_weekly_binary,challenger,0.382851057539,0.495821222877,1.0,0.0,-0.0034520472610424235,-0.0034520472610424235,0.0,-0.0034520472610424235,1.0225804878963938,3.9669856102389645
2025-06-27,000985.CSI,中证全指,entry_frequency_inverse_sqrt_weekly_binary,challenger,0.463515874384,0.495821222877,1.0,0.0,-0.0005896598784628226,-0.0005896598784628226,0.0,-0.0005896598784628226,1.0219775132101823,3.964646437986167
2025-06-30,000985.CSI,中证全指,entry_frequency_inverse_sqrt_weekly_binary,challenger,0.463515874384,0.463515874384,1.0,0.0,0.00825571304834849,0.00825571304834849,0.0,0.00825571304834849,1.0304146663011102,3.9973774213163376
2025-07-01,000985.CSI,中证全指,entry_frequency_inverse_sqrt_weekly_binary,challenger,0.570916080578,0.463515874384,1.0,0.0,0.0025405765392634283,0.0025405765392634283,0.0,0.0025405765392634283,1.0330325136280278,4.007533064611515
2025-07-02,000985.CSI,中证全指,entry_frequency_inverse_sqrt_weekly_binary,challenger,0.570916080578,0.463515874384,1.0,0.0,-0.003962296653445718,-0.003962296653445718,0.0,-0.003962296653445718,1.028939332356379,3.9916540297610315
2025-07-03,000985.CSI,中证全指,entry_frequency_inverse_sqrt_weekly_binary,challenger,0.570916080578,0.463515874384,1.0,0.0,0.005967148995527749,0.005967148995527749,0.0,0.005967148995527749,1.0350791666599082,4.015472824095214
2025-07-04,000985.CSI,中证全指,entry_frequency_inverse_sqrt_weekly_binary,challenger,0.570916080578,0.463515874384,1.0,0.0,-0.0014956225531891354,-0.0014956225531891354,0.0,-0.0014956225531891354,1.0335310789139154,4.009467192377779
2025-07-07,000985.CSI,中证全指,entry_frequency_inverse_sqrt_weekly_binary,challenger,0.570916080578,0.570916080578,1.0,0.0,-0.0006272823657103022,-0.0006272823657103022,0.0,-0.0006272823657103022,1.0328827630936992,4.0069521243121065
2025-07-08,000985.CSI,中证全指,entry_frequency_inverse_sqrt_weekly_binary,challenger,0.570916080578,0.570916080578,1.0,0.0,0.010611533839737675,0.010611533839737675,0.0,0.010611533839737675,1.0438432334867498,4.049472032373453
2025-07-09,000985.CSI,中证全指,entry_frequency_inverse_sqrt_weekly_binary,challenger,0.570916080578,0.570916080578,1.0,0.0,-0.002051548516343815,-0.002051548516343815,0.0,-0.002051548516343815,1.0417017384497944,4.0411643440334615
2025-07-10,000985.CSI,中证全指,entry_frequency_inverse_sqrt_weekly_binary,challenger,0.382851057539,0.570916080578,1.0,0.0,0.0035924342986661806,0.0035924342986661806,0.0,0.0035924342986661806,1.0454439835039817,4.0556819614295145
2025-07-11,000985.CSI,中证全指,entry_frequency_inverse_sqrt_weekly_binary,challenger,0.463515874384,0.570916080578,1.0,0.0,0.003834524154197716,0.003834524154197716,0.0,0.003834524154197716,1.0494527637105884,4.07123357187236
2025-07-14,000985.CSI,中证全指,entry_frequency_inverse_sqrt_weekly_binary,challenger,0.463515874384,0.463515874384,1.0,0.0,0.001420854943122718,0.001420854943122718,0.0,0.001420854943122718,1.0509438838574803,4.077018204217562
2025-07-15,000985.CSI,中证全指,entry_frequency_inverse_sqrt_weekly_binary,challenger,0.388421016683,0.463515874384,1.0,0.0,-0.0020348177104699827,-0.0020348177104699827,0.0,-0.0020348177104699827,1.048805404629897,4.068722215369712
2025-07-16,000985.CSI,中证全指,entry_frequency_inverse_sqrt_weekly_binary,challenger,0.236534188482,0.463515874384,1.0,0.0,0.00029226682370575574,0.00029226682370575574,0.0,0.00029226682370575574,1.0491119356541936,4.069911367888139
2025-07-17,000985.CSI,中证全指,entry_frequency_inverse_sqrt_weekly_binary,challenger,0.236534188482,0.463515874384,1.0,0.0,0.009256647861030975,0.009256647861030975,0.0,0.009256647861030975,1.058823195409349,4.1075851042462865
2025-07-18,000985.CSI,中证全指,entry_frequency_inverse_sqrt_weekly_binary,challenger,0.236534188482,0.463515874384,1.0,0.0,0.0038570226603469315,0.0038570226603469315,0.0,0.0038570226603469315,1.0629071004673438,4.123428153072668
2025-07-21,000985.CSI,中证全指,entry_frequency_inverse_sqrt_weekly_binary,challenger,0.236534188482,0.236534188482,1.0,0.0,0.009054304439099381,0.009054304439099381,0.0,0.009054304439099381,1.0725309849454556,4.160762926903341
2025-07-22,000985.CSI,中证全指,entry_frequency_inverse_sqrt_weekly_binary,challenger,0.236534188482,0.236534188482,1.0,0.0,0.00611636273247762,0.00611636273247762,0.0,0.00611636273247762,1.0790909734912035,4.186211662208127
2025-07-23,000985.CSI,中证全指,entry_frequency_inverse_sqrt_weekly_binary,challenger,0.311629046183,0.236534188482,1.0,0.0,-0.002852417743556823,-0.002852417743556823,0.0,-0.002852417743556823,1.0760129552515052,4.17427083778456
2025-07-24,000985.CSI,中证全指,entry_frequency_inverse_sqrt_weekly_binary,challenger,0.311629046183,0.236534188482,1.0,0.0,0.010754549821935688,0.010754549821935688,0.0,0.010754549821935688,1.0875849901878059,4.219163241479767
2025-07-25,000985.CSI,中证全指,entry_frequency_inverse_sqrt_weekly_binary,challenger,0.311629046183,0.236534188482,1.0,0.0,-0.0015594257104635245,-0.0015594257104635245,0.0,-0.0015594257104635245,1.0858889821917928,4.212583769844361
2025-07-28,000985.CSI,中证全指,entry_frequency_inverse_sqrt_weekly_binary,challenger,0.311629046183,0.311629046183,1.0,0.0,0.0034192627123557084,0.0034192627123557084,0.0,0.0034192627123557084,1.089601921898359,4.226987700451264
2025-07-29,000985.CSI,中证全指,entry_frequency_inverse_sqrt_weekly_binary,challenger,0.311629046183,0.311629046183,1.0,0.0,0.004489060752612017,0.004489060752612017,0.0,0.004489060752612017,1.0944932111219237,4.245962905039134
2025-07-30,000985.CSI,中证全指,entry_frequency_inverse_sqrt_weekly_binary,challenger,0.311629046183,0.311629046183,1.0,0.0,-0.003988754616025547,-0.003988754616025547,0.0,-0.003988754616025547,1.0901275462738524,4.229026800902186
2025-07-31,000985.CSI,中证全指,entry_frequency_inverse_sqrt_weekly_binary,challenger,0.230964229337,0.311629046183,1.0,0.0,-0.013847708971375217,-0.013847708971375217,0.0,-0.013847708971375217,1.0750317772713727,4.170464468531146
2025-08-01,000985.CSI,中证全指,entry_frequency_inverse_sqrt_weekly_binary,challenger,0.230964229337,0.311629046183,1.0,0.0,-0.0014811128271722263,-0.0014811128271722263,0.0,-0.0014811128271722263,1.0734395339164382,4.1642875401115385
2025-08-04,000985.CSI,中证全指,entry_frequency_inverse_sqrt_weekly_binary,challenger,0.230964229337,0.230964229337,1.0,0.0,0.007454389701778696,0.007454389701778696,0.0,0.007454389701778696,1.081441370523547,4.195329762265791
2025-08-05,000985.CSI,中证全指,entry_frequency_inverse_sqrt_weekly_binary,challenger,0.115395681806,0.230964229337,1.0,0.0,0.007751993147120384,0.007751993147120384,0.0,0.007751993147120384,1.089824696616858,4.227851929832785
2025-08-06,000985.CSI,中证全指,entry_frequency_inverse_sqrt_weekly_binary,challenger,-0.150099391377,0.230964229337,1.0,0.0,0.006145988652778378,0.006145988652778378,0.0,0.006145988652778378,1.096522746835783,4.253836259819165
2025-08-07,000985.CSI,中证全指,entry_frequency_inverse_sqrt_weekly_binary,challenger,-0.376234993022,0.230964229337,0.0,1.0,-0.00018379852252548012,-0.0,0.0005,-0.0005,1.096321207574999,4.2517093416892555
2025-08-08,000985.CSI,中证全指,entry_frequency_inverse_sqrt_weekly_binary,challenger,-0.301140135321,0.230964229337,0.0,0.0,-0.0023382749001432668,-0.0,0.0,-0.0,1.0937577072128317,4.2517093416892555
2025-08-11,000985.CSI,中证全指,entry_frequency_inverse_sqrt_weekly_binary,challenger,-0.301140135321,-0.301140135321,0.0,0.0,0.00983678181504688,0.0,0.0,0.0,1.1045167631372104,4.2517093416892555
2025-08-12,000985.CSI,中证全指,entry_frequency_inverse_sqrt_weekly_binary,challenger,-0.041853100926,-0.301140135321,0.0,0.0,0.0033676411338388057,0.0,0.0,0.0,1.1082363792217658,4.2517093416892555
2025-08-13,000985.CSI,中证全指,entry_frequency_inverse_sqrt_weekly_binary,challenger,-0.041853100926,-0.301140135321,0.0,0.0,0.010125523133480252,0.0,0.0,0.0,1.11945785231694,4.2517093416892555
2025-08-14,000985.CSI,中证全指,entry_frequency_inverse_sqrt_weekly_binary,challenger,-0.041853100926,-0.301140135321,0.0,0.0,-0.008456586363006502,-0.0,0.0,-0.0,1.1099910603090761,4.2517093416892555
2025-08-15,000985.CSI,中证全指,entry_frequency_inverse_sqrt_weekly_binary,challenger,-0.041853100926,-0.301140135321,0.0,0.0,0.014087999908859894,0.0,0.0,0.0,1.1256286142655456,4.2517093416892555
2025-08-18,000985.CSI,中证全指,entry_frequency_inverse_sqrt_weekly_binary,challenger,0.097862460233,0.097862460233,1.0,1.0,0.013774473518482822,0.013774473518482822,0.0005,0.013274473518482821,1.141133555804393,4.308148544753796
2025-08-19,000985.CSI,中证全指,entry_frequency_inverse_sqrt_weekly_binary,challenger,0.097862460233,0.097862460233,1.0,0.0,-0.0005675499234877313,-0.0005675499234877313,0.0,-0.0005675499234877313,1.1404859055421068,4.305703455376847
2025-08-20,000985.CSI,中证全指,entry_frequency_inverse_sqrt_weekly_binary,challenger,-0.054024367968,0.097862460233,1.0,0.0,0.009663675539854921,0.009663675539854921,0.0,0.009663675539854921,1.1515071912910433,4.347312376540441
2025-08-21,000985.CSI,中证全指,entry_frequency_inverse_sqrt_weekly_binary,challenger,-0.054024367968,0.097862460233,1.0,0.0,-0.0013061637309246255,-0.0013061637309246255,0.0,-0.0013061637309246255,1.15000313436188,4.341634074787204
2025-08-22,000985.CSI,中证全指,entry_frequency_inverse_sqrt_weekly_binary,challenger,-0.054024367968,0.097862460233,1.0,0.0,0.016496821146642304,0.016496821146642304,0.0,0.016496821146642304,1.1689745303875259,4.413257235603137
2025-08-25,000985.CSI,中证全指,entry_frequency_inverse_sqrt_weekly_binary,challenger,-0.054024367968,-0.054024367968,0.0,1.0,0.018085820590332258,0.0,0.0005,-0.0005,1.1901163940187827,4.411050606985335
2025-08-26,000985.CSI,中证全指,entry_frequency_inverse_sqrt_weekly_binary,challenger,-0.054024367968,-0.054024367968,0.0,0.0,-0.0010984826116665625,-0.0,0.0,-0.0,1.1888090718540938,4.411050606985335
2025-08-27,000985.CSI,中证全指,entry_frequency_inverse_sqrt_weekly_binary,challenger,-0.054024367968,-0.054024367968,0.0,0.0,-0.01760589678818647,-0.0,0.0,-0.0,1.1678790220341708,4.411050606985335
2025-08-28,000985.CSI,中证全指,entry_frequency_inverse_sqrt_weekly_binary,challenger,-0.054024367968,-0.054024367968,0.0,0.0,0.015741124572828058,0.0,0.0,0.0,1.1862627512060033,4.411050606985335
2025-08-29,000985.CSI,中证全指,entry_frequency_inverse_sqrt_weekly_binary,challenger,-0.054024367968,-0.054024367968,0.0,0.0,0.00357751075173085,0.0,0.0,0.0,1.1905066189528206,4.411050606985335
2025-09-01,000985.CSI,中证全指,entry_frequency_inverse_sqrt_weekly_binary,challenger,-0.054024367968,-0.054024367968,0.0,0.0,0.007948914589821943,0.0,0.0,0.0,1.1999698543854942,4.411050606985335
2025-09-02,000985.CSI,中证全指,entry_frequency_inverse_sqrt_weekly_binary,challenger,0.026640448878,-0.054024367968,0.0,0.0,-0.014810717242482618,-0.0,0.0,-0.0,1.1821974401726876,4.411050606985335
2025-09-03,000985.CSI,中证全指,entry_frequency_inverse_sqrt_weekly_binary,challenger,-0.163759766605,-0.054024367968,0.0,0.0,-0.012027003937086,-0.0,0.0,-0.0,1.1679791469053176,4.411050606985335
2025-09-04,000985.CSI,中证全指,entry_frequency_inverse_sqrt_weekly_binary,challenger,-0.163759766605,-0.054024367968,0.0,0.0,-0.020216700883904704,-0.0,0.0,-0.0,1.1443664618536946,4.411050606985335
2025-09-05,000985.CSI,中证全指,entry_frequency_inverse_sqrt_weekly_binary,challenger,-0.163759766605,-0.054024367968,0.0,0.0,0.025532806543875575,0.0,0.0,0.0,1.1735853493395043,4.411050606985335
2025-09-08,000985.CSI,中证全指,entry_frequency_inverse_sqrt_weekly_binary,challenger,-0.238854624306,-0.238854624306,0.0,0.0,0.006846567497972966,0.0,0.0,0.0,1.1816203806483894,4.411050606985335
2025-09-09,000985.CSI,中证全指,entry_frequency_inverse_sqrt_weekly_binary,challenger,-0.238854624306,-0.238854624306,0.0,0.0,-0.009060526245891709,-0.0,0.0,-0.0,1.170914278176844,4.411050606985335
2025-09-10,000985.CSI,中证全指,entry_frequency_inverse_sqrt_weekly_binary,challenger,-0.361032338263,-0.238854624306,0.0,0.0,0.0020345658602261008,0.0,0.0,0.0,1.173296580392474,4.411050606985335
2025-09-11,000985.CSI,中证全指,entry_frequency_inverse_sqrt_weekly_binary,challenger,-0.361032338263,-0.238854624306,0.0,0.0,0.02271704159687138,0.0,0.0,0.0,1.1999504076147167,4.411050606985335
2025-09-12,000985.CSI,中证全指,entry_frequency_inverse_sqrt_weekly_binary,challenger,-0.361032338263,-0.238854624306,0.0,0.0,-0.0017455324744161116,-0.0,0.0,-0.0,1.1978558552105363,4.411050606985335
2025-09-15,000985.CSI,中证全指,entry_frequency_inverse_sqrt_weekly_binary,challenger,-0.361032338263,-0.361032338263,0.0,0.0,0.0008464763967981348,0.0,0.0,0.0,1.1988698119187384,4.411050606985335
2025-09-16,000985.CSI,中证全指,entry_frequency_inverse_sqrt_weekly_binary,challenger,-0.361032338263,-0.361032338263,0.0,0.0,0.004644578400518462,0.0,0.0,0.0,1.20443805675221,4.411050606985335
2025-09-17,000985.CSI,中证全指,entry_frequency_inverse_sqrt_weekly_binary,challenger,-0.500747899422,-0.361032338263,0.0,0.0,0.006718899349838825,0.0,0.0,0.0,1.2125305548286436,4.411050606985335
2025-09-18,000985.CSI,中证全指,entry_frequency_inverse_sqrt_weekly_binary,challenger,-0.425653041721,-0.361032338263,0.0,0.0,-0.010828165969429482,-0.0,0.0,-0.0,1.1994010727379547,4.411050606985335
2025-09-19,000985.CSI,中证全指,entry_frequency_inverse_sqrt_weekly_binary,challenger,-0.425653041721,-0.361032338263,0.0,0.0,-0.0030542514337190685,-0.0,0.0,-0.0,1.1957378002919405,4.411050606985335
2025-09-22,000985.CSI,中证全指,entry_frequency_inverse_sqrt_weekly_binary,challenger,-0.425653041721,-0.425653041721,0.0,0.0,0.0050715739506346225,0.0,0.0,0.0,1.2018020729716903,4.411050606985335
2025-09-23,000985.CSI,中证全指,entry_frequency_inverse_sqrt_weekly_binary,challenger,-0.577539869922,-0.425653041721,0.0,0.0,-0.0062105549494330115,-0.0,0.0,-0.0,1.194338215159157,4.411050606985335
2025-09-24,000985.CSI,中证全指,entry_frequency_inverse_sqrt_weekly_binary,challenger,-0.577539869922,-0.425653041721,0.0,0.0,0.01385113640115665,0.0,0.0,0.0,1.2108811566864406,4.411050606985335
2025-09-25,000985.CSI,中证全指,entry_frequency_inverse_sqrt_weekly_binary,challenger,-0.614662405303,-0.425653041721,0.0,0.0,0.001585956641048547,0.0,0.0,0.0,1.212801561698408,4.411050606985335
2025-09-26,000985.CSI,中证全指,entry_frequency_inverse_sqrt_weekly_binary,challenger,-0.614662405303,-0.425653041721,0.0,0.0,-0.012046947278093079,-0.0,0.0,-0.0,1.1981910052258384,4.411050606985335
2025-09-29,000985.CSI,中证全指,entry_frequency_inverse_sqrt_weekly_binary,challenger,-0.614662405303,-0.614662405303,0.0,0.0,0.01380895873556387,0.0,0.0,0.0,1.214736775374326,4.411050606985335
2025-09-30,000985.CSI,中证全指,entry_frequency_inverse_sqrt_weekly_binary,challenger,-0.73684011926,-0.614662405303,0.0,0.0,0.005994555419344572,0.0,0.0,0.0,1.222018582294223,4.411050606985335
2025-10-09,000985.CSI,中证全指,entry_frequency_inverse_sqrt_weekly_binary,challenger,-0.73684011926,-0.73684011926,0.0,0.0,0.013171937308677828,0.0,0.0,0.0,1.238114934450242,4.411050606985335
2025-10-10,000985.CSI,中证全指,entry_frequency_inverse_sqrt_weekly_binary,challenger,-0.73684011926,-0.73684011926,0.0,0.0,-0.016328845674793313,-0.0,0.0,-0.0,1.2178979467579472,4.411050606985335
2025-10-13,000985.CSI,中证全指,entry_frequency_inverse_sqrt_weekly_binary,challenger,-0.817504936105,-0.817504936105,0.0,0.0,-0.0037043718145182147,-0.0,0.0,-0.0,1.2133863999310175,4.411050606985335
2025-10-14,000985.CSI,中证全指,entry_frequency_inverse_sqrt_weekly_binary,challenger,-0.73684011926,-0.817504936105,0.0,0.0,-0.01587695912476017,-0.0,0.0,-0.0,1.1941215136567729,4.411050606985335
2025-10-15,000985.CSI,中证全指,entry_frequency_inverse_sqrt_weekly_binary,challenger,-0.73684011926,-0.817504936105,0.0,0.0,0.014831942212988558,0.0,0.0,0.0,1.2118326549426166,4.411050606985335
2025-10-16,000985.CSI,中证全指,entry_frequency_inverse_sqrt_weekly_binary,challenger,-0.73684011926,-0.817504936105,0.0,0.0,-0.004444496467407966,-0.0,0.0,-0.0,1.2064466689886346,4.411050606985335
2025-10-17,000985.CSI,中证全指,entry_frequency_inverse_sqrt_weekly_binary,challenger,-0.73684011926,-0.817504936105,0.0,0.0,-0.02553675996118332,-0.0,0.0,-0.0,1.1756379299967026,4.411050606985335
2025-10-20,000985.CSI,中证全指,entry_frequency_inverse_sqrt_weekly_binary,challenger,-0.73684011926,-0.73684011926,0.0,0.0,0.007907509057954565,0.0,0.0,0.0,1.1849342975770265,4.411050606985335
2025-10-21,000985.CSI,中证全指,entry_frequency_inverse_sqrt_weekly_binary,challenger,-0.817504936105,-0.73684011926,0.0,0.0,0.016091035961148137,0.0,0.0,0.0,1.2040011179709362,4.411050606985335
2025-10-22,000985.CSI,中证全指,entry_frequency_inverse_sqrt_weekly_binary,challenger,-0.817504936105,-0.73684011926,0.0,0.0,-0.004129381660496367,-0.0,0.0,-0.0,1.19902933783517,4.411050606985335
2025-10-23,000985.CSI,中证全指,entry_frequency_inverse_sqrt_weekly_binary,challenger,-0.710104729911,-0.73684011926,0.0,0.0,0.0013623239212767757,0.0,0.0,0.0,1.2006628041844154,4.411050606985335
2025-10-24,000985.CSI,中证全指,entry_frequency_inverse_sqrt_weekly_binary,challenger,-0.710104729911,-0.73684011926,0.0,0.0,0.01208961252686791,0.0,0.0,0.0,1.2151783522624278,4.411050606985335
2025-10-27,000985.CSI,中证全指,entry_frequency_inverse_sqrt_weekly_binary,challenger,-0.817504936105,-0.817504936105,0.0,0.0,0.012066396296056547,0.0,0.0,0.0,1.2298411758312153,4.411050606985335
2025-10-28,000985.CSI,中证全指,entry_frequency_inverse_sqrt_weekly_binary,challenger,-0.55821790171,-0.817504936105,0.0,0.0,-0.0033713103800179223,-0.0,0.0,-0.0,1.225694999509362,4.411050606985335
2025-10-29,000985.CSI,中证全指,entry_frequency_inverse_sqrt_weekly_binary,challenger,-0.665618107904,-0.817504936105,0.0,0.0,0.011548518413003306,0.0,0.0,0.0,1.239849960779922,4.411050606985335
2025-10-30,000985.CSI,中证全指,entry_frequency_inverse_sqrt_weekly_binary,challenger,-0.665618107904,-0.817504936105,0.0,0.0,-0.010449249100922597,-0.0,0.0,-0.0,1.2268944596919635,4.411050606985335
2025-10-31,000985.CSI,中证全指,entry_frequency_inverse_sqrt_weekly_binary,challenger,-0.665618107904,-0.817504936105,0.0,0.0,-0.0054681684168477185,-0.0,0.0,-0.0,1.2201855941566704,4.411050606985335
2025-11-03,000985.CSI,中证全指,entry_frequency_inverse_sqrt_weekly_binary,challenger,-0.665618107904,-0.665618107904,0.0,0.0,0.0037553644136496533,0.0,0.0,0.0,1.2247678357150142,4.411050606985335
2025-11-04,000985.CSI,中证全指,entry_frequency_inverse_sqrt_weekly_binary,challenger,-0.817504936105,-0.665618107904,0.0,0.0,-0.010316642997238556,-0.0,0.0,-0.0,1.212132343199442,4.411050606985335
2025-11-05,000985.CSI,中证全指,entry_frequency_inverse_sqrt_weekly_binary,challenger,-0.817504936105,-0.665618107904,0.0,0.0,0.0034318201991421216,0.0,0.0,0.0,1.2162921634588673,4.411050606985335
2025-11-06,000985.CSI,中证全指,entry_frequency_inverse_sqrt_weekly_binary,challenger,-0.627104720623,-0.665618107904,0.0,0.0,0.012111280916740297,0.0,0.0,0.0,1.2310230195273475,4.411050606985335
2025-11-07,000985.CSI,中证全指,entry_frequency_inverse_sqrt_weekly_binary,challenger,-0.734504926816,-0.665618107904,0.0,0.0,-0.00256398559561688,-0.0,0.0,-0.0,1.2278666942374066,4.411050606985335
2025-11-10,000985.CSI,中证全指,entry_frequency_inverse_sqrt_weekly_binary,challenger,-0.575204677479,-0.575204677479,0.0,0.0,0.003909832043561767,0.0,0.0,0.0,1.2326674467837582,4.411050606985335
2025-11-11,000985.CSI,中证全指,entry_frequency_inverse_sqrt_weekly_binary,challenger,-0.575204677479,-0.575204677479,0.0,0.0,-0.0052332338799098155,-0.0,0.0,-0.0,1.2262166097385874,4.411050606985335
2025-11-12,000985.CSI,中证全指,entry_frequency_inverse_sqrt_weekly_binary,challenger,-0.575204677479,-0.575204677479,0.0,0.0,-0.004074092116268635,-0.0,0.0,-0.0,1.2212208903160138,4.411050606985335
2025-11-13,000985.CSI,中证全指,entry_frequency_inverse_sqrt_weekly_binary,challenger,-0.575204677479,-0.575204677479,0.0,0.0,0.013007709926454059,0.0,0.0,0.0,1.2371061774133705,4.411050606985335
2025-11-14,000985.CSI,中证全指,entry_frequency_inverse_sqrt_weekly_binary,challenger,-0.575204677479,-0.575204677479,0.0,0.0,-0.012756418466450481,-0.0,0.0,-0.0,1.2213251333268547,4.411050606985335
2025-11-17,000985.CSI,中证全指,entry_frequency_inverse_sqrt_weekly_binary,challenger,-0.575204677479,-0.575204677479,0.0,0.0,-0.0013624876548130604,-0.0,0.0,-0.0,1.2196610929101839,4.411050606985335
2025-11-18,000985.CSI,中证全指,entry_frequency_inverse_sqrt_weekly_binary,challenger,-0.575204677479,-0.575204677479,0.0,0.0,-0.009298657793141873,-0.0,0.0,-0.0,1.2083198817836027,4.411050606985335
2025-11-19,000985.CSI,中证全指,entry_frequency_inverse_sqrt_weekly_binary,challenger,-0.575204677479,-0.575204677479,0.0,0.0,-0.002807285750988431,-0.0,0.0,-0.0,1.2049277825968356,4.411050606985335
2025-11-20,000985.CSI,中证全指,entry_frequency_inverse_sqrt_weekly_binary,challenger,-0.575204677479,-0.575204677479,0.0,0.0,-0.00647337033914519,-0.0,0.0,-0.0,1.1971278388281612,4.411050606985335
2025-11-21,000985.CSI,中证全指,entry_frequency_inverse_sqrt_weekly_binary,challenger,-0.575204677479,-0.575204677479,0.0,0.0,-0.031326702707037746,-0.0,0.0,-0.0,1.1596257709188729,4.411050606985335
2025-11-24,000985.CSI,中证全指,entry_frequency_inverse_sqrt_weekly_binary,challenger,-0.575204677479,-0.575204677479,0.0,0.0,0.005956244491614138,0.0,0.0,0.0,1.1665327855292422,4.411050606985335
2025-11-25,000985.CSI,中证全指,entry_frequency_inverse_sqrt_weekly_binary,challenger,-0.415904428141,-0.575204677479,0.0,0.0,0.012059974412541363,0.0,0.0,0.0,1.1806011410741155,4.411050606985335
2025-11-26,000985.CSI,中证全指,entry_frequency_inverse_sqrt_weekly_binary,challenger,-0.415904428141,-0.575204677479,0.0,0.0,0.0024232048132264428,0.0,0.0,0.0,1.183461979441667,4.411050606985335
2025-11-27,000985.CSI,中证全指,entry_frequency_inverse_sqrt_weekly_binary,challenger,-0.293726714184,-0.575204677479,0.0,0.0,-1.2056068027344047e-05,-0.0,0.0,-0.0,1.1834477115435351,4.411050606985335
2025-11-28,000985.CSI,中证全指,entry_frequency_inverse_sqrt_weekly_binary,challenger,-0.412553273692,-0.575204677479,0.0,0.0,0.007514641313328685,0.0,0.0,0.0,1.1923408966088644,4.411050606985335
2025-12-01,000985.CSI,中证全指,entry_frequency_inverse_sqrt_weekly_binary,challenger,-0.412553273692,-0.412553273692,0.0,0.0,0.009490454920531022,0.0,0.0,0.0,1.2036567541380363,4.411050606985335
2025-12-02,000985.CSI,中证全指,entry_frequency_inverse_sqrt_weekly_binary,challenger,-0.412553273692,-0.412553273692,0.0,0.0,-0.006354376125797145,-0.0,0.0,-0.0,1.196008266395887,4.411050606985335
2025-12-03,000985.CSI,中证全指,entry_frequency_inverse_sqrt_weekly_binary,challenger,-0.272837712532,-0.412553273692,0.0,0.0,-0.006925966513095849,-0.0,0.0,-0.0,1.1877247531934434,4.411050606985335
2025-12-04,000985.CSI,中证全指,entry_frequency_inverse_sqrt_weekly_binary,challenger,-0.120950884331,-0.412553273692,0.0,0.0,0.00021439167932624237,0.0,0.0,0.0,1.1879793914978578,4.411050606985335
2025-12-05,000985.CSI,中证全指,entry_frequency_inverse_sqrt_weekly_binary,challenger,-0.120950884331,-0.412553273692,0.0,0.0,0.011385289303876833,0.0,0.0,0.0,1.2015048805571045,4.411050606985335
2025-12-08,000985.CSI,中证全指,entry_frequency_inverse_sqrt_weekly_binary,challenger,-0.120950884331,-0.120950884331,0.0,0.0,0.010164898543248091,0.0,0.0,0.0,1.213718055767185,4.411050606985335
2025-12-09,000985.CSI,中证全指,entry_frequency_inverse_sqrt_weekly_binary,challenger,-0.04585602663,-0.120950884331,0.0,0.0,-0.005604679920757416,-0.0,0.0,-0.0,1.2069155545505659,4.411050606985335
2025-12-10,000985.CSI,中证全指,entry_frequency_inverse_sqrt_weekly_binary,challenger,-0.04585602663,-0.120950884331,0.0,0.0,0.0011215876955812387,0.0,0.0,0.0,1.2082692161861555,4.411050606985335
2025-12-11,000985.CSI,中证全指,entry_frequency_inverse_sqrt_weekly_binary,challenger,0.07287936882,-0.120950884331,0.0,0.0,-0.011065688579683264,-0.0,0.0,-0.0,1.1948988853194216,4.411050606985335
2025-12-12,000985.CSI,中证全指,entry_frequency_inverse_sqrt_weekly_binary,challenger,0.07287936882,-0.120950884331,0.0,0.0,0.0074489092759941755,0.0,0.0,0.0,1.2037995787101525,4.411050606985335
2025-12-15,000985.CSI,中证全指,entry_frequency_inverse_sqrt_weekly_binary,challenger,0.07287936882,0.07287936882,1.0,1.0,-0.006273523575312856,-0.006273523575312856,0.0005,-0.006773523575312856,1.1962475136731627,4.381172251707023
2025-12-16,000985.CSI,中证全指,entry_frequency_inverse_sqrt_weekly_binary,challenger,0.07287936882,0.07287936882,1.0,0.0,-0.014492171549825628,-0.014492171549825628,0.0,-0.014492171549825628,1.1789112894889588,4.3176795518459485
2025-12-17,000985.CSI,中证全指,entry_frequency_inverse_sqrt_weekly_binary,challenger,0.263279584303,0.07287936882,1.0,0.0,0.015530518413161332,0.015530518413161332,0.0,0.015530518413161332,1.1972203929778509,4.384735353628022
2025-12-18,000985.CSI,中证全指,entry_frequency_inverse_sqrt_weekly_binary,challenger,0.295584932796,0.07287936882,1.0,0.0,-0.003940217063210016,-0.003940217063210016,0.0,-0.003940217063210016,1.1925030847570166,4.367458544569996
2025-12-19,000985.CSI,中证全指,entry_frequency_inverse_sqrt_weekly_binary,challenger,0.295584932796,0.07287936882,1.0,0.0,0.007671965483585286,0.007671965483585286,0.0,0.007671965483585286,1.2016519272623414,4.400965535774927
2025-12-22,000985.CSI,中证全指,entry_frequency_inverse_sqrt_weekly_binary,challenger,0.370679790497,0.370679790497,1.0,0.0,0.010038462923800173,0.010038462923800173,0.0,0.010038462923800173,1.2137146655814774,4.445144465134726
2025-12-23,000985.CSI,中证全指,entry_frequency_inverse_sqrt_weekly_binary,challenger,0.370679790497,0.370679790497,1.0,0.0,-0.0006970911238566302,-0.0006970911238566302,0.0,-0.0006970911238566302,1.212868595861206,4.44204579438382
2025-12-24,000985.CSI,中证全指,entry_frequency_inverse_sqrt_weekly_binary,challenger,0.370679790497,0.370679790497,1.0,0.0,0.008950594186616145,0.008950594186616145,0.0,0.008950594186616145,1.2237244904644506,4.481804743647714
2025-12-25,000985.CSI,中证全指,entry_frequency_inverse_sqrt_weekly_binary,challenger,0.451344607342,0.370679790497,1.0,0.0,0.005933752796535963,0.005933752796535963,0.0,0.005933752796535963,1.2309857690819337,4.508398665078862
2025-12-26,000985.CSI,中证全指,entry_frequency_inverse_sqrt_weekly_binary,challenger,0.451344607342,0.370679790497,1.0,0.0,0.0033317817774005665,0.0033317817774005665,0.0,0.0033317817774005665,1.2350871450356002,4.523419665596428
2025-12-29,000985.CSI,中证全指,entry_frequency_inverse_sqrt_weekly_binary,challenger,0.299457779141,0.299457779141,1.0,0.0,-0.0028929182576887813,-0.0028929182576887813,0.0,-0.0028929182576887813,1.23151413888389,4.510333782258636
2025-12-30,000985.CSI,中证全指,entry_frequency_inverse_sqrt_weekly_binary,challenger,0.299457779141,0.299457779141,1.0,0.0,0.001324682868445226,0.001324682868445226,0.0,0.001324682868445226,1.2331455045659174,4.516308544150964
2025-12-31,000985.CSI,中证全指,entry_frequency_inverse_sqrt_weekly_binary,challenger,0.299457779141,0.299457779141,1.0,0.0,-0.0016602577562140342,-0.0016602577562140342,0.0,-0.0016602577562140342,1.2310981651774213,4.508810307861081
2026-01-05,000985.CSI,中证全指,entry_frequency_inverse_sqrt_weekly_binary,challenger,0.299457779141,0.299457779141,1.0,0.0,0.0197442344128691,0.0197442344128691,0.0,0.0197442344128691,1.2554052559359374,4.597833315502651
2026-01-06,000985.CSI,中证全指,entry_frequency_inverse_sqrt_weekly_binary,challenger,0.299457779141,0.299457779141,1.0,0.0,0.01585657032175214,0.01585657032175214,0.0,0.01585657032175214,1.2753116776589828,4.670739182797614
2026-01-07,000985.CSI,中证全指,entry_frequency_inverse_sqrt_weekly_binary,challenger,0.299457779141,0.299457779141,1.0,0.0,0.0017730663878399167,0.0017730663878399167,0.0,0.0017730663878399167,1.2775728899286596,4.679020713448999
2026-01-08,000985.CSI,中证全指,entry_frequency_inverse_sqrt_weekly_binary,challenger,0.299457779141,0.299457779141,1.0,0.0,0.00048421135298903906,0.00048421135298903906,0.0,0.00048421135298903906,1.278191505226234,4.681286348399322
2026-01-09,000985.CSI,中证全指,entry_frequency_inverse_sqrt_weekly_binary,challenger,0.299457779141,0.299457779141,1.0,0.0,0.01173877335008422,0.01173877335008422,0.0,0.01173877335008422,1.2931959056040878,4.736238907830025
2026-01-12,000985.CSI,中证全指,entry_frequency_inverse_sqrt_weekly_binary,challenger,0.299457779141,0.299457779141,1.0,0.0,0.017362646941842197,0.017362646941842197,0.0,0.017362646941842197,1.3156492095397274,4.818472551818894
2026-01-13,000985.CSI,中证全指,entry_frequency_inverse_sqrt_weekly_binary,challenger,0.299457779141,0.299457779141,1.0,0.0,-0.011729713076774395,-0.011729713076774395,0.0,-0.011729713076774395,1.3002170218021414,4.761953251317745
2026-01-14,000985.CSI,中证全指,entry_frequency_inverse_sqrt_weekly_binary,challenger,0.22436292144,0.299457779141,1.0,0.0,0.0030342296417056325,0.0030342296417056325,0.0,0.0030342296417056325,1.3041621788303437,4.77640211102531
2026-01-15,000985.CSI,中证全指,entry_frequency_inverse_sqrt_weekly_binary,challenger,0.22436292144,0.299457779141,1.0,0.0,-0.0016881679829767737,-0.0016881679829767737,0.0,-0.0016881679829767737,1.301960533995433,4.768338741907654
2026-01-16,000985.CSI,中证全指,entry_frequency_inverse_sqrt_weekly_binary,challenger,0.22436292144,0.299457779141,1.0,0.0,-0.002060969376234345,-0.002060969376234345,0.0,-0.002060969376234345,1.2992772332058027,4.758511341785071
2026-01-19,000985.CSI,中证全指,entry_frequency_inverse_sqrt_weekly_binary,challenger,0.22436292144,0.22436292144,1.0,0.0,0.004087038092371875,0.004087038092371875,0.0,0.004087038092371875,1.3045874287504664,4.77795955890193
2026-01-20,000985.CSI,中证全指,entry_frequency_inverse_sqrt_weekly_binary,challenger,0.22436292144,0.22436292144,1.0,0.0,-0.00587942379274542,-0.00587942379274542,0.0,-0.00587942379274542,1.2969172063821544,4.749867909790547
2026-01-21,000985.CSI,中证全指,entry_frequency_inverse_sqrt_weekly_binary,challenger,0.22436292144,0.22436292144,1.0,0.0,0.0055628568537324785,0.0055628568537324785,0.0,0.0055628568537324785,1.304131771152401,4.7762907450468495
2026-01-22,000985.CSI,中证全指,entry_frequency_inverse_sqrt_weekly_binary,challenger,0.383663170778,0.22436292144,1.0,0.0,0.004433611579078622,0.004433611579078622,0.0,0.004433611579078622,1.3099137848736266,4.7974669629991356
2026-01-23,000985.CSI,中证全指,entry_frequency_inverse_sqrt_weekly_binary,challenger,0.268094623247,0.22436292144,1.0,0.0,0.00932974524458774,0.00932974524458774,0.0,0.00932974524458774,1.3221349467788712,4.842226107583244
2026-01-26,000985.CSI,中证全指,entry_frequency_inverse_sqrt_weekly_binary,challenger,0.068694410951,0.068694410951,1.0,0.0,-0.006606794170883945,-0.006606794170883945,0.0,-0.006606794170883945,1.3133998733193706,4.810234516361561
2026-01-27,000985.CSI,中证全指,entry_frequency_inverse_sqrt_weekly_binary,challenger,0.068694410951,0.068694410951,1.0,0.0,0.0014180131391201556,0.0014180131391201556,0.0,0.0014180131391201556,1.315262291596656,4.817055492108011
2026-01-28,000985.CSI,中证全指,entry_frequency_inverse_sqrt_weekly_binary,challenger,0.068694410951,0.068694410951,1.0,0.0,0.0012190817445292268,0.0012190817445292268,0.0,0.0012190817445292268,1.3168657038456093,4.822927876520824
2026-01-29,000985.CSI,中证全指,entry_frequency_inverse_sqrt_weekly_binary,challenger,0.068694410951,0.068694410951,1.0,0.0,-0.0018498345088158175,-0.0018498345088158175,0.0,-0.0018498345088158175,1.3144297202231596,4.814006258101306
2026-01-30,000985.CSI,中证全指,entry_frequency_inverse_sqrt_weekly_binary,challenger,0.068694410951,0.068694410951,1.0,0.0,-0.009587559401460277,-0.009587559401460277,0.0,-0.009587559401460277,1.3018275472014753,4.767851687142758
2026-02-02,000985.CSI,中证全指,entry_frequency_inverse_sqrt_weekly_binary,challenger,0.068694410951,0.068694410951,1.0,0.0,-0.02730462266961753,-0.02730462266961753,0.0,-0.02730462266961753,1.2662816372442254,4.637667295880625
2026-02-03,000985.CSI,中证全指,entry_frequency_inverse_sqrt_weekly_binary,challenger,-0.121705804532,0.068694410951,1.0,0.0,0.02116367137219588,0.02116367137219588,0.0,0.02116367137219588,1.2930808056795082,4.735817362464223
2026-02-04,000985.CSI,中证全指,entry_frequency_inverse_sqrt_weekly_binary,challenger,-0.121705804532,0.068694410951,1.0,0.0,0.004553163747194056,0.004553163747194056,0.0,0.004553163747194056,1.2989684143261206,4.757380314392328
2026-02-05,000985.CSI,中证全指,entry_frequency_inverse_sqrt_weekly_binary,challenger,-0.121705804532,0.068694410951,1.0,0.0,-0.011096840777404804,-0.011096840777404804,0.0,-0.011096840777404804,1.2845539686574656,4.704588422525956
2026-02-06,000985.CSI,中证全指,entry_frequency_inverse_sqrt_weekly_binary,challenger,-0.121705804532,0.068694410951,1.0,0.0,-0.0023505979617723938,-0.0023505979617723938,0.0,-0.0023505979617723938,1.2815344987169528,4.693529826568988
2026-02-09,000985.CSI,中证全指,entry_frequency_inverse_sqrt_weekly_binary,challenger,-0.28100605387,-0.28100605387,0.0,1.0,0.019073544541015508,0.0,0.0005,-0.0005,1.3059779040590787,4.691183061655704
2026-02-10,000985.CSI,中证全指,entry_frequency_inverse_sqrt_weekly_binary,challenger,-0.28100605387,-0.28100605387,0.0,0.0,0.0006565711388863971,0.0,0.0,0.0,1.3068353714589072,4.691183061655704
2026-02-11,000985.CSI,中证全指,entry_frequency_inverse_sqrt_weekly_binary,challenger,-0.403183767826,-0.28100605387,0.0,0.0,-0.001677966666823183,-0.0,0.0,-0.0,1.3046425452665735,4.691183061655704
2026-02-12,000985.CSI,中证全指,entry_frequency_inverse_sqrt_weekly_binary,challenger,-0.403183767826,-0.28100605387,0.0,0.0,0.0043328756262597246,0.0,0.0,0.0,1.3102953991519406,4.691183061655704
2026-02-13,000985.CSI,中证全指,entry_frequency_inverse_sqrt_weekly_binary,challenger,-0.176202081924,-0.28100605387,0.0,0.0,-0.011484555941747132,-0.0,0.0,-0.0,1.2952472383401663,4.691183061655704
2026-02-24,000985.CSI,中证全指,entry_frequency_inverse_sqrt_weekly_binary,challenger,-0.176202081924,-0.176202081924,0.0,0.0,0.010876840400544374,0.0,0.0,0.0,1.3093354358308382,4.691183061655704
2026-02-25,000985.CSI,中证全指,entry_frequency_inverse_sqrt_weekly_binary,challenger,-0.176202081924,-0.176202081924,0.0,0.0,0.010367100760160008,0.0,0.0,0.0,1.3229094482229447,4.691183061655704
2026-02-26,000985.CSI,中证全指,entry_frequency_inverse_sqrt_weekly_binary,challenger,-0.328088910125,-0.176202081924,0.0,0.0,0.0020698230887059577,0.0,0.0,0.0,1.3256476367431438,4.691183061655704
2026-02-27,000985.CSI,中证全指,entry_frequency_inverse_sqrt_weekly_binary,challenger,-0.328088910125,-0.176202081924,0.0,0.0,0.0038830609895450507,0.0,0.0,0.0,1.3307952073672638,4.691183061655704
2026-03-02,000985.CSI,中证全指,entry_frequency_inverse_sqrt_weekly_binary,challenger,-0.467804471285,-0.467804471285,0.0,0.0,-0.0035582477735300877,-0.0,0.0,-0.0,1.3260599082836246,4.691183061655704
2026-03-03,000985.CSI,中证全指,entry_frequency_inverse_sqrt_weekly_binary,challenger,-0.542899328986,-0.467804471285,0.0,0.0,-0.029423728345680522,-0.0,0.0,-0.0,1.2870422817721892,4.691183061655704
2026-03-04,000985.CSI,中证全指,entry_frequency_inverse_sqrt_weekly_binary,challenger,-0.467804471285,-0.467804471285,0.0,0.0,-0.0072568705480641205,-0.0,0.0,-0.0,1.2777023825434832,4.691183061655704
2026-03-05,000985.CSI,中证全指,entry_frequency_inverse_sqrt_weekly_binary,challenger,-0.467804471285,-0.467804471285,0.0,0.0,0.010682140586218747,0.0,0.0,0.0,1.2913509790211593,4.691183061655704
2026-03-06,000985.CSI,中证全指,entry_frequency_inverse_sqrt_weekly_binary,challenger,-0.467804471285,-0.467804471285,0.0,0.0,0.007016851182414907,0.0,0.0,0.0,1.3004121966652165,4.691183061655704
2026-03-09,000985.CSI,中证全指,entry_frequency_inverse_sqrt_weekly_binary,challenger,-0.658204686767,-0.658204686767,0.0,0.0,-0.008468939228535644,-0.0,0.0,-0.0,1.2893990847996122,4.691183061655704
2026-03-10,000985.CSI,中证全指,entry_frequency_inverse_sqrt_weekly_binary,challenger,-0.539469291317,-0.658204686767,0.0,0.0,0.015610800348464515,0.0,0.0,0.0,1.3095276364819117,4.691183061655704
2026-03-11,000985.CSI,中证全指,entry_frequency_inverse_sqrt_weekly_binary,challenger,-0.539469291317,-0.658204686767,0.0,0.0,0.0026715780281512114,0.0,0.0,0.0,1.3130261417427935,4.691183061655704
2026-03-12,000985.CSI,中证全指,entry_frequency_inverse_sqrt_weekly_binary,challenger,-0.539469291317,-0.658204686767,0.0,0.0,-0.005282570809520215,-0.0,0.0,-0.0,1.306089988174286,4.691183061655704
2026-03-13,000985.CSI,中证全指,entry_frequency_inverse_sqrt_weekly_binary,challenger,-0.539469291317,-0.658204686767,0.0,0.0,-0.009398670061895098,-0.0,0.0,-0.0,1.2938144793042914,4.691183061655704
2026-03-16,000985.CSI,中证全指,entry_frequency_inverse_sqrt_weekly_binary,challenger,-0.399753730157,-0.399753730157,0.0,0.0,-0.0005767238244730466,-0.0,0.0,-0.0,1.2930683056696284,4.691183061655704
2026-03-17,000985.CSI,中证全指,entry_frequency_inverse_sqrt_weekly_binary,challenger,-0.399753730157,-0.399753730157,0.0,0.0,-0.015585145247337229,-0.0,0.0,-0.0,1.2729156483110389,4.691183061655704
2026-03-18,000985.CSI,中证全指,entry_frequency_inverse_sqrt_weekly_binary,challenger,-0.399753730157,-0.399753730157,0.0,0.0,0.008046650833564595,0.0,0.0,0.0,1.2831583560735782,4.691183061655704
2026-03-19,000985.CSI,中证全指,entry_frequency_inverse_sqrt_weekly_binary,challenger,-0.399753730157,-0.399753730157,0.0,0.0,-0.021110118851519477,-0.0,0.0,-0.0,1.2560707306715446,4.691183061655704
2026-03-20,000985.CSI,中证全指,entry_frequency_inverse_sqrt_weekly_binary,challenger,-0.399753730157,-0.399753730157,0.0,0.0,-0.01213640923930892,-0.0,0.0,-0.0,1.240826542250597,4.691183061655704
2026-03-23,000985.CSI,中证全指,entry_frequency_inverse_sqrt_weekly_binary,challenger,-0.319088913312,-0.319088913312,0.0,0.0,-0.0406438483530025,-0.0,0.0,-0.0,1.1903945764349833,4.691183061655704
2026-03-24,000985.CSI,中证全指,entry_frequency_inverse_sqrt_weekly_binary,challenger,-0.319088913312,-0.319088913312,0.0,0.0,0.021021217306611772,0.0,0.0,0.0,1.2154181195068352,4.691183061655704
2026-03-25,000985.CSI,中证全指,entry_frequency_inverse_sqrt_weekly_binary,challenger,-0.319088913312,-0.319088913312,0.0,0.0,0.017946256443898356,0.0,0.0,0.0,1.2372303247660656,4.691183061655704
2026-03-26,000985.CSI,中证全指,entry_frequency_inverse_sqrt_weekly_binary,challenger,-0.155869371636,-0.319088913312,0.0,0.0,-0.014575852965169722,-0.0,0.0,-0.0,1.2191966374682264,4.691183061655704
2026-03-27,000985.CSI,中证全指,entry_frequency_inverse_sqrt_weekly_binary,challenger,-0.040300824105,-0.319088913312,0.0,0.0,0.01028938980255667,0.0,0.0,0.0,1.2317414269171034,4.691183061655704
2026-03-30,000985.CSI,中证全指,entry_frequency_inverse_sqrt_weekly_binary,challenger,-0.115395681806,-0.115395681806,0.0,0.0,0.0005074796341586474,0.0,0.0,0.0,1.2323665106058133,4.691183061655704
2026-03-31,000985.CSI,中证全指,entry_frequency_inverse_sqrt_weekly_binary,challenger,-0.115395681806,-0.115395681806,0.0,0.0,-0.013986247077847902,-0.0,0.0,-0.0,1.215130328098015,4.691183061655704
2026-04-01,000985.CSI,中证全指,entry_frequency_inverse_sqrt_weekly_binary,challenger,-0.115395681806,-0.115395681806,0.0,0.0,0.017841868894357793,0.0,0.0,0.0,1.2368105241014977,4.691183061655704
2026-04-02,000985.CSI,中证全指,entry_frequency_inverse_sqrt_weekly_binary,challenger,-0.115395681806,-0.115395681806,0.0,0.0,-0.01448548504423619,-0.0,0.0,-0.0,1.2188947237520715,4.691183061655704
2026-04-03,000985.CSI,中证全指,entry_frequency_inverse_sqrt_weekly_binary,challenger,-0.115395681806,-0.115395681806,0.0,0.0,-0.011765871825486385,-0.0,0.0,-0.0,1.204553364663643,4.691183061655704
2026-04-07,000985.CSI,中证全指,entry_frequency_inverse_sqrt_weekly_binary,challenger,-0.040300824105,-0.040300824105,0.0,0.0,0.005397127646642685,0.0,0.0,0.0,1.2110544929299256,4.691183061655704
2026-04-08,000985.CSI,中证全指,entry_frequency_inverse_sqrt_weekly_binary,challenger,-0.040300824105,-0.040300824105,0.0,0.0,0.0407027757043954,0.0,0.0,0.0,1.2603477723214527,4.691183061655704
2026-04-09,000985.CSI,中证全指,entry_frequency_inverse_sqrt_weekly_binary,challenger,-0.040300824105,-0.040300824105,0.0,0.0,-0.006550487674626293,-0.0,0.0,-0.0,1.2520918797731182,4.691183061655704
2026-04-10,000985.CSI,中证全指,entry_frequency_inverse_sqrt_weekly_binary,challenger,-0.040300824105,-0.040300824105,0.0,0.0,0.011629282998006696,0.0,0.0,0.0,1.266652810582506,4.691183061655704
2026-04-13,000985.CSI,中证全指,entry_frequency_inverse_sqrt_weekly_binary,challenger,0.150099391377,0.150099391377,1.0,1.0,0.002262784882367308,0.002262784882367308,0.0005,0.001762784882367308,1.2695189734135,4.699452608237209
2026-04-14,000985.CSI,中证全指,entry_frequency_inverse_sqrt_weekly_binary,challenger,0.150099391377,0.150099391377,1.0,0.0,0.01271176333124191,0.01271176333124191,0.0,0.01271176333124191,1.2856567981480536,4.759190937579508
2026-04-15,000985.CSI,中证全指,entry_frequency_inverse_sqrt_weekly_binary,challenger,0.150099391377,0.150099391377,1.0,0.0,-0.004444600467237936,-0.004444600467237936,0.0,-0.004444600467237936,1.279942567342297,4.738038235314667
2026-04-16,000985.CSI,中证全指,entry_frequency_inverse_sqrt_weekly_binary,challenger,0.268834786828,0.150099391377,1.0,0.0,0.013897768899662877,0.013897768899662877,0.0,0.013897768899662877,1.2977309133480615,4.8038863957468365
2026-04-17,000985.CSI,中证全指,entry_frequency_inverse_sqrt_weekly_binary,challenger,0.53553524236,0.150099391377,1.0,0.0,0.0023444882545038404,0.0023444882545038404,0.0,0.0023444882545038404,1.3007734282319126,4.815149050977635
2026-04-20,000985.CSI,中证全指,entry_frequency_inverse_sqrt_weekly_binary,challenger,0.460440384659,0.460440384659,1.0,0.0,0.007371212327016208,0.007371212327016208,0.0,0.007371212327016208,1.3103617053607508,4.850642537018622
2026-04-21,000985.CSI,中证全指,entry_frequency_inverse_sqrt_weekly_binary,challenger,0.582618098615,0.460440384659,1.0,0.0,-0.0003651463209798367,-0.0003651463209798367,0.0,-0.0003651463209798367,1.3098832316048854,4.848871342741841
2026-04-22,000985.CSI,中证全指,entry_frequency_inverse_sqrt_weekly_binary,challenger,0.582618098615,0.460440384659,1.0,0.0,0.00939719147623741,0.00939719147623741,0.0,0.00939719147623741,1.3221924551437891,4.894437115193226
2026-04-23,000985.CSI,中证全指,entry_frequency_inverse_sqrt_weekly_binary,challenger,0.657712956316,0.460440384659,1.0,0.0,-0.008493201526615257,-0.008493201526615257,0.0,-0.008493201526615257,1.3109628081652827,4.852867674414545
2026-04-24,000985.CSI,中证全指,entry_frequency_inverse_sqrt_weekly_binary,challenger,0.657712956316,0.460440384659,1.0,0.0,-0.005065853107743323,-0.005065853107743323,0.0,-0.005065853107743323,1.3043216631494026,4.828283759624646
2026-04-27,000985.CSI,中证全指,entry_frequency_inverse_sqrt_weekly_binary,challenger,0.657712956316,0.657712956316,1.0,0.0,0.004030075008607525,0.004030075008607525,0.0,0.004030075008607525,1.3095781772872463,4.847742105338774
2026-04-28,000985.CSI,中证全指,entry_frequency_inverse_sqrt_weekly_binary,challenger,0.657712956316,0.657712956316,1.0,0.0,-0.00789967751494891,-0.00789967751494891,0.0,-0.00789967751494891,1.2992329320060625,4.809446506030959
2026-04-29,000985.CSI,中证全指,entry_frequency_inverse_sqrt_weekly_binary,challenger,0.657712956316,0.657712956316,1.0,0.0,0.013071943345509762,0.013071943345509762,0.0,0.013071943345509762,1.3162164312858662,4.872315318281055
2026-04-30,000985.CSI,中证全指,entry_frequency_inverse_sqrt_weekly_binary,challenger,0.657712956316,0.657712956316,1.0,0.0,0.0021964603930153537,0.0021964603930153537,0.0,0.0021964603930153537,1.3191074485458216,4.8830171658999415
2026-05-06,000985.CSI,中证全指,entry_frequency_inverse_sqrt_weekly_binary,challenger,0.657712956316,0.657712956316,1.0,0.0,0.019446479644901427,0.019446479644901427,0.0,0.019446479644901427,1.3447594446934057,4.977974659822319
2026-05-07,000985.CSI,中证全指,entry_frequency_inverse_sqrt_weekly_binary,challenger,0.657712956316,0.657712956316,1.0,0.0,0.010475101739617854,0.010475101739617854,0.0,0.010475101739617854,1.358845936691881,5.030119450841197
2026-05-08,000985.CSI,中证全指,entry_frequency_inverse_sqrt_weekly_binary,challenger,0.657712956316,0.657712956316,1.0,0.0,-0.0001502909827202359,-0.0001502909827202359,0.0,-0.0001502909827202359,1.3586417144006901,5.02936346924573
2026-05-11,000985.CSI,中证全指,entry_frequency_inverse_sqrt_weekly_binary,challenger,0.657712956316,0.657712956316,1.0,0.0,0.015482711397847071,0.015482711397847071,0.0,0.015482711397847071,1.3796771719578322,5.107231652354937
2026-05-12,000985.CSI,中证全指,entry_frequency_inverse_sqrt_weekly_binary,challenger,0.582618098615,0.657712956316,1.0,0.0,-0.004184890754066362,-0.004184890754066362,0.0,-0.004184890754066362,1.3739033737173094,5.085858445834122
2026-05-13,000985.CSI,中证全指,entry_frequency_inverse_sqrt_weekly_binary,challenger,0.582618098615,0.657712956316,1.0,0.0,0.012283713656623396,0.012283713656623396,0.0,0.012283713656623396,1.3907800093519216,5.148331674680867
2026-05-14,000985.CSI,中证全指,entry_frequency_inverse_sqrt_weekly_binary,challenger,0.467049551084,0.657712956316,1.0,0.0,-0.020027277356429285,-0.020027277356429285,0.0,-0.020027277356429285,1.3629264723628534,5.045224608309144
2026-05-15,000985.CSI,中证全指,entry_frequency_inverse_sqrt_weekly_binary,challenger,0.467049551084,0.657712956316,1.0,0.0,-0.010927559550970245,-0.010927559550970245,0.0,-0.010927559550970245,1.3480330121725144,4.990092615953825
2026-05-18,000985.CSI,中证全指,entry_frequency_inverse_sqrt_weekly_binary,challenger,0.35964934489,0.35964934489,1.0,0.0,-0.0006366124177823451,-0.0006366124177823451,0.0,-0.0006366124177823451,1.3471748376173849,4.986915861028624
2026-05-19,000985.CSI,中证全指,entry_frequency_inverse_sqrt_weekly_binary,challenger,0.35964934489,0.35964934489,1.0,0.0,0.007536314045017756,0.007536314045017756,0.0,0.007536314045017756,1.3573275702672154,5.024498825073416
2026-05-20,000985.CSI,中证全指,entry_frequency_inverse_sqrt_weekly_binary,challenger,0.35964934489,0.35964934489,1.0,0.0,-0.00014825255517691982,-0.00014825255517691982,0.0,-0.00014825255517691982,1.3571263429867113,5.023753930284116
2026-05-21,000985.CSI,中证全指,entry_frequency_inverse_sqrt_weekly_binary,challenger,0.278984528045,0.35964934489,1.0,0.0,-0.024002375580307045,-0.024002375580307045,0.0,-0.024002375580307045,1.3245520867924157,4.903171901626393
2026-05-22,000985.CSI,中证全指,entry_frequency_inverse_sqrt_weekly_binary,challenger,0.160249132594,0.35964934489,1.0,0.0,0.017418516247947435,0.017418516247947435,0.0,0.017418516247947435,1.347623818837462,4.988577881061351
2026-05-25,000985.CSI,中证全指,entry_frequency_inverse_sqrt_weekly_binary,challenger,0.160249132594,0.160249132594,1.0,0.0,0.012419231733355796,0.012419231733355796,0.0,0.012419231733355796,1.3643602713329943,5.050532185786145
2026-05-26,000985.CSI,中证全指,entry_frequency_inverse_sqrt_weekly_binary,challenger,-0.121705804532,0.160249132594,1.0,0.0,-0.004176992758511244,-0.004176992758511244,0.0,-0.004176992758511244,1.358661348359636,5.029436149419489
2026-05-27,000985.CSI,中证全指,entry_frequency_inverse_sqrt_weekly_binary,challenger,-0.243883518489,0.160249132594,1.0,0.0,-0.013562209371550837,-0.013562209371550837,0.0,-0.013562209371550837,1.340234898688149,4.961225883340215
2026-05-28,000985.CSI,中证全指,entry_frequency_inverse_sqrt_weekly_binary,challenger,-0.243883518489,0.160249132594,1.0,0.0,0.005683455138728366,0.005683455138728366,0.0,0.005683455138728366,1.3478520636102012,4.989422788081277
2026-05-29,000985.CSI,中证全指,entry_frequency_inverse_sqrt_weekly_binary,challenger,-0.243883518489,0.160249132594,1.0,0.0,-0.017225902032131146,-0.017225902032131146,0.0,-0.017225902032131146,1.324634096008646,4.9034754799369065
2026-06-01,000985.CSI,中证全指,entry_frequency_inverse_sqrt_weekly_binary,challenger,-0.243883518489,-0.243883518489,0.0,1.0,-0.007494352539193172,-0.0,0.0005,-0.0005,1.3147068211077217,4.901023742196938
2026-06-02,000985.CSI,中证全指,entry_frequency_inverse_sqrt_weekly_binary,challenger,-0.243883518489,-0.243883518489,0.0,0.0,0.007499700922563246,0.0,0.0,0.0,1.3245667290668834,4.901023742196938
2026-06-03,000985.CSI,中证全指,entry_frequency_inverse_sqrt_weekly_binary,challenger,-0.243883518489,-0.243883518489,0.0,0.0,0.004297974292832407,0.0,0.0,0.0,1.330259682817554,4.901023742196938
2026-06-04,000985.CSI,中证全指,entry_frequency_inverse_sqrt_weekly_binary,challenger,-0.243883518489,-0.243883518489,0.0,0.0,-0.004307067194078806,-0.0,0.0,-0.0,1.3245301649780847,4.901023742196938
2026-06-05,000985.CSI,中证全指,entry_frequency_inverse_sqrt_weekly_binary,challenger,-0.046610946831,-0.243883518489,0.0,0.0,-0.011956734066795538,-0.0,0.0,-0.0,1.308693110031993,4.901023742196938
2026-06-08,000985.CSI,中证全指,entry_frequency_inverse_sqrt_weekly_binary,challenger,-0.046610946831,-0.046610946831,0.0,0.0,-0.027485972097320954,-0.0,0.0,-0.0,1.2727224077256973,4.901023742196938
2026-06-09,000985.CSI,中证全指,entry_frequency_inverse_sqrt_weekly_binary,challenger,-0.046610946831,-0.046610946831,0.0,0.0,0.02214320738450648,0.0,0.0,0.0,1.3009045639428758,4.901023742196938
2026-06-10,000985.CSI,中证全指,entry_frequency_inverse_sqrt_weekly_binary,challenger,-0.046610946831,-0.046610946831,0.0,0.0,-0.012968779762408178,-0.0,0.0,-0.0,1.284033419161189,4.901023742196938
2026-06-11,000985.CSI,中证全指,entry_frequency_inverse_sqrt_weekly_binary,challenger,-0.154011153025,-0.046610946831,0.0,0.0,-0.0053255559073387415,-0.0,0.0,-0.0,1.277195227400555,4.901023742196938
2026-06-12,000985.CSI,中证全指,entry_frequency_inverse_sqrt_weekly_binary,challenger,-0.313311402363,-0.046610946831,0.0,0.0,0.009039368449761831,0.0,0.0,0.0,1.2887402656433058,4.901023742196938
2026-06-15,000985.CSI,中证全指,entry_frequency_inverse_sqrt_weekly_binary,challenger,-0.313311402363,-0.313311402363,0.0,0.0,0.029679766577839217,0.0,0.0,0.0,1.3269897759070617,4.901023742196938
2026-06-16,000985.CSI,中证全指,entry_frequency_inverse_sqrt_weekly_binary,challenger,-0.313311402363,-0.313311402363,0.0,0.0,0.006438441733562339,0.0,0.0,0.0,1.3355335222602722,4.901023742196938
2026-06-17,000985.CSI,中证全指,entry_frequency_inverse_sqrt_weekly_binary,challenger,-0.272837712532,-0.313311402363,0.0,0.0,0.00869462893935391,0.0,0.0,0.0,1.3471454906723936,4.901023742196938
2026-06-18,000985.CSI,中证全指,entry_frequency_inverse_sqrt_weekly_binary,challenger,-0.08243749705,-0.313311402363,0.0,0.0,0.003437387371920675,0.0,0.0,0.0,1.3517761515701707,4.901023742196938
2026-06-22,000985.CSI,中证全指,entry_frequency_inverse_sqrt_weekly_binary,challenger,-0.08243749705,-0.08243749705,0.0,0.0,0.019182779110956893,0.0,0.0,0.0,1.3777069748932007,4.901023742196938
2026-06-23,000985.CSI,中证全指,entry_frequency_inverse_sqrt_weekly_binary,challenger,-0.08243749705,-0.08243749705,0.0,0.0,-0.021202232804633958,-0.0,0.0,-0.0,1.3484965108749472,4.901023742196938
2026-06-24,000985.CSI,中证全指,entry_frequency_inverse_sqrt_weekly_binary,challenger,-0.08243749705,-0.08243749705,0.0,0.0,0.007354825919026142,0.0,0.0,0.0,1.3584144679648464,4.901023742196938
2026-06-25,000985.CSI,中证全指,entry_frequency_inverse_sqrt_weekly_binary,challenger,-0.007342639349,-0.08243749705,0.0,0.0,0.00841781994740498,0.0,0.0,0.0,1.3698493563701244,4.901023742196938
2026-06-26,000985.CSI,中证全指,entry_frequency_inverse_sqrt_weekly_binary,challenger,-0.007342639349,-0.08243749705,0.0,0.0,-0.02812299083671599,-0.0,0.0,-0.0,1.331325095473246,4.901023742196938
2026-06-29,000985.CSI,中证全指,entry_frequency_inverse_sqrt_weekly_binary,challenger,-0.007342639349,-0.007342639349,0.0,0.0,0.006607477012207097,0.0,0.0,0.0,1.3401217954373599,4.901023742196938
2026-06-30,000985.CSI,中证全指,entry_frequency_inverse_sqrt_weekly_binary,challenger,0.111392756102,-0.007342639349,0.0,0.0,0.016810654725788465,0.0,0.0,0.0,1.362650120230961,4.901023742196938
2026-07-01,000985.CSI,中证全指,entry_frequency_inverse_sqrt_weekly_binary,challenger,0.111392756102,-0.007342639349,0.0,0.0,0.0017626336681544341,0.0,0.0,0.0,1.3650519732107949,4.901023742196938
2026-07-02,000985.CSI,中证全指,entry_frequency_inverse_sqrt_weekly_binary,challenger,0.299457779141,-0.007342639349,1.0,1.0,-0.028462488530875962,-0.028462488530875962,0.0005,-0.028962488530875963,1.326199197079233,4.7590778982740085
2026-07-03,000985.CSI,中证全指,entry_frequency_inverse_sqrt_weekly_binary,challenger,0.159742217982,-0.007342639349,1.0,0.0,0.004396865440814857,0.004396865440814857,0.0,0.004396865440814857,1.332030316496507,4.780002923415076
2026-07-06,000985.CSI,中证全指,entry_frequency_inverse_sqrt_weekly_binary,challenger,0.159742217982,0.159742217982,1.0,0.0,-0.008353964082206344,-0.008353964082206344,0.0,-0.008353964082206344,1.3209025830760852,4.740070950680025
2026-07-07,000985.CSI,中证全指,entry_frequency_inverse_sqrt_weekly_binary,challenger,0.159742217982,0.159742217982,1.0,0.0,-0.016512114686960677,-0.016512114686960677,0.0,-0.016512114686960677,1.2990916881340302,4.661802355518065
2026-07-08,000985.CSI,中证全指,entry_frequency_inverse_sqrt_weekly_binary,challenger,0.041006822531,0.159742217982,1.0,0.0,-0.014241851209150003,-0.014241851209150003,0.0,-0.014241851209150003,1.2805902176045818,4.595409660004312
2026-07-09,000985.CSI,中证全指,entry_frequency_inverse_sqrt_weekly_binary,challenger,0.041006822531,0.159742217982,1.0,0.0,0.023932362405518992,0.023932362405518992,0.0,0.023932362405518992,1.311237766785257,4.705388669389357
2026-07-10,000985.CSI,中证全指,entry_frequency_inverse_sqrt_weekly_binary,challenger,-0.081170891426,0.159742217982,1.0,0.0,-0.01416661836726707,-0.01416661836726707,0.0,-0.01416661836726707,1.2926619617544628,4.638729223840456
2026-07-13,000985.CSI,中证全指,entry_frequency_inverse_sqrt_weekly_binary,challenger,-0.161835708271,-0.161835708271,0.0,1.0,-0.034345469265582906,-0.0,0.0005,-0.0005,1.2482648800762368,4.636409859228536
2026-07-14,000985.CSI,中证全指,entry_frequency_inverse_sqrt_weekly_binary,challenger,-0.161835708271,-0.161835708271,0.0,0.0,0.019584871687345906,0.0,0.0,0.0,1.2727119875843502,4.636409859228536
2026-07-15,000985.CSI,中证全指,entry_frequency_inverse_sqrt_weekly_binary,challenger,-0.161835708271,-0.161835708271,0.0,0.0,-0.007114809099707631,-0.0,0.0,-0.0,1.2636568847537781,4.636409859228536
2026-07-16,000985.CSI,中证全指,entry_frequency_inverse_sqrt_weekly_binary,challenger,0.120119228855,-0.161835708271,0.0,0.0,-0.019612231268796965,-0.0,0.0,-0.0,1.2388737536855796,4.636409859228536
2026-07-17,000985.CSI,中证全指,entry_frequency_inverse_sqrt_weekly_binary,challenger,0.120119228855,-0.161835708271,0.0,0.0,-0.04780484943482666,-0.0,0.0,-0.0,1.179649580421882,4.636409859228536
2026-07-20,000985.CSI,中证全指,entry_frequency_inverse_sqrt_weekly_binary,challenger,0.045024371154,0.045024371154,1.0,1.0,-0.005841600195861885,-0.005841600195861885,0.0005,-0.006341600195861885,1.1727585392018411,4.607007601557156
2026-07-21,000985.CSI,中证全指,entry_frequency_inverse_sqrt_weekly_binary,challenger,0.045024371154,0.045024371154,1.0,0.0,0.034602127549467676,0.034602127549467676,0.0,0.034602127549467676,1.2133384797600306,4.766419866207604
2026-07-22,000985.CSI,中证全指,entry_frequency_inverse_sqrt_weekly_binary,challenger,0.045024371154,0.045024371154,1.0,0.0,-0.007364863229453955,-0.007364863229453955,0.0,-0.007364863229453955,1.2044024078055644,4.731315835798833
2026-07-23,000985.CSI,中证全指,entry_frequency_inverse_sqrt_weekly_binary,challenger,0.045024371154,0.045024371154,1.0,0.0,0.004371600684966781,0.004371600684966781,0.0,0.004371600684966781,1.2096675741965028,4.751999259347405
2026-07-24,000985.CSI,中证全指,entry_frequency_inverse_sqrt_weekly_binary,challenger,0.125689188,0.045024371154,1.0,0.0,-0.02214925933495626,-0.02214925933495626,0.0,-0.02214925933495626,1.182874333386537,4.6467459953926
2026-07-27,000985.CSI,中证全指,entry_frequency_inverse_sqrt_weekly_binary,challenger,0.125689188,0.125689188,1.0,0.0,0.021195549283676396,0.021195549283676396,0.0,0.021195549283676396,1.2079460046162271,4.745236329146669
2026-07-28,000985.CSI,中证全指,entry_frequency_inverse_sqrt_weekly_binary,challenger,0.247866901956,0.125689188,1.0,0.0,-0.02739267975456039,-0.02739267975456039,0.0,-0.02739267975456039,1.1748571265509742,4.615251590022649
2026-07-29,000985.CSI,中证全指,entry_frequency_inverse_sqrt_weekly_binary,challenger,0.247866901956,0.125689188,1.0,0.0,0.007724385003680334,0.007724385003680334,0.0,0.007724385003680334,1.1839321753207714,4.650901570192832
2026-07-30,000985.CSI,中证全指,entry_frequency_inverse_sqrt_weekly_binary,challenger,0.200784045701,0.125689188,1.0,0.0,-0.019495334556005384,-0.019495334556005384,0.0,-0.019495334556005384,1.1608510214712737,4.5602306880948715
2026-07-31,000985.CSI,中证全指,entry_frequency_inverse_sqrt_weekly_binary,challenger,0.200784045701,0.125689188,1.0,0.0,0.017894145758871716,0.017894145758871716,0.0,0.017894145758871716,1.181623458853816,4.6418321207217215
2026-08-03,000985.CSI,中证全指,entry_frequency_inverse_sqrt_weekly_binary,challenger,0.200784045701,0.200784045701,1.0,0.0,-0.005046590964076558,-0.005046590964076558,0.0,-0.005046590964076558,1.1756602885834233,4.618406692684527
2026-08-04,000985.CSI,中证全指,entry_frequency_inverse_sqrt_weekly_binary,challenger,0.200784045701,0.200784045701,1.0,0.0,0.02012542895973235,0.02012542895973235,0.0,0.02012542895973235,1.1993209562020875,4.711354108485302
2026-08-05,000985.CSI,中证全指,entry_frequency_inverse_sqrt_weekly_binary,challenger,0.200784045701,0.200784045701,1.0,0.0,0.020033537445806493,0.020033537445806493,0.0,0.020033537445806493,1.2233475974877024,4.805739197438096
2026-08-06,000985.CSI,中证全指,entry_frequency_inverse_sqrt_weekly_binary,challenger,0.308184251894,0.200784045701,1.0,0.0,0.0024662646140654054,0.0024662646140654054,0.0,0.0024662646140654054,1.2263646963780883,4.817591421965164
2026-08-07,000985.CSI,中证全指,entry_frequency_inverse_sqrt_weekly_binary,challenger,0.308184251894,0.200784045701,1.0,0.0,0.013897802114010593,0.013897802114010593,0.0,0.013897802114010593,1.2434084702479598,4.884545354213791
2026-08-10,000985.CSI,中证全指,entry_frequency_inverse_sqrt_weekly_binary,challenger,0.491540350803,0.491540350803,1.0,0.0,0.0052239571924019845,0.0052239571924019845,0.0,0.0052239571924019845,1.2499039828692051,4.9100620100485495
2026-08-11,000985.CSI,中证全指,entry_frequency_inverse_sqrt_weekly_binary,challenger,0.491540350803,0.491540350803,1.0,0.0,-0.007146727659530727,-0.007146727659530727,0.0,-0.007146727659530727,1.2409712595030762,4.874971134071324
2026-08-12,000985.CSI,中证全指,entry_frequency_inverse_sqrt_weekly_binary,challenger,0.718522036705,0.491540350803,1.0,0.0,0.009630383047750435,0.009630383047750435,0.0,0.009630383047750435,1.2529222880833402,4.9219189734391575
2026-08-13,000985.CSI,中证全指,entry_frequency_inverse_sqrt_weekly_binary,challenger,0.718522036705,0.491540350803,1.0,0.0,-0.008429584264767254,-0.008429584264767254,0.0,-0.008429584264767254,1.2423606740787367,4.880429242708195
2026-08-14,000985.CSI,中证全指,entry_frequency_inverse_sqrt_weekly_binary,challenger,0.503721624318,0.491540350803,1.0,0.0,0.0029721766590180554,0.0029721766590180554,0.0,0.0029721766590180554,1.2460531894763156,4.8949347405893615
2026-08-17,000985.CSI,中证全指,entry_frequency_inverse_sqrt_weekly_binary,challenger,0.503721624318,0.503721624318,1.0,0.0,0.02031033451905251,0.02031033451905251,0.0,0.02031033451905251,1.271360946583112,4.994352502619663
2026-08-18,000985.CSI,中证全指,entry_frequency_inverse_sqrt_weekly_binary,challenger,0.503721624318,0.503721624318,1.0,0.0,-0.002486152351761528,-0.002486152351761528,0.0,-0.002486152351761528,1.2682001495758266,4.981935781399749
2026-08-19,000985.CSI,中证全指,entry_frequency_inverse_sqrt_weekly_binary,challenger,0.503721624318,0.503721624318,1.0,0.0,-0.041177505245386214,-0.041177505245386214,0.0,-0.041177505245386214,1.2159788312644684,4.776792094628984
2026-08-20,000985.CSI,中证全指,entry_frequency_inverse_sqrt_weekly_binary,challenger,0.503721624318,0.503721624318,1.0,0.0,0.006164865017603383,0.006164865017603383,0.0,0.006164865017603383,1.223475176623477,4.806240373109527
2026-08-21,000985.CSI,中证全指,entry_frequency_inverse_sqrt_weekly_binary,challenger,0.503721624318,0.503721624318,1.0,0.0,0.003339008959510892,0.003339008959510892,0.0,0.003339008959510892,1.227560371199962,4.8222884527769025
